-- phpMyAdmin SQL Dump
-- version 4.5.4.1deb2ubuntu2
-- http://www.phpmyadmin.net
--
-- Host: localhost
-- Generation Time: Jul 14, 2018 at 12:24 PM
-- Server version: 5.7.22-0ubuntu0.16.04.1
-- PHP Version: 7.0.30-0ubuntu0.16.04.1

SET SQL_MODE = "NO_AUTO_VALUE_ON_ZERO";
SET time_zone = "+00:00";


/*!40101 SET @OLD_CHARACTER_SET_CLIENT=@@CHARACTER_SET_CLIENT */;
/*!40101 SET @OLD_CHARACTER_SET_RESULTS=@@CHARACTER_SET_RESULTS */;
/*!40101 SET @OLD_COLLATION_CONNECTION=@@COLLATION_CONNECTION */;
/*!40101 SET NAMES utf8mb4 */;

--
-- Database: `gourl`
--

-- --------------------------------------------------------

--
-- Table structure for table `admin`
--

CREATE TABLE `admin` (
  `admn_id` int(11) NOT NULL,
  `admin_name` varchar(255) DEFAULT NULL,
  `admin_pass` varchar(255) DEFAULT NULL,
  `role` varchar(200) NOT NULL,
  `rest_page` varchar(200) NOT NULL,
  `email` varchar(200) NOT NULL,
  `status` enum('0','1') NOT NULL DEFAULT '0'
) ENGINE=InnoDB DEFAULT CHARSET=latin1;

--
-- Dumping data for table `admin`
--

INSERT INTO `admin` (`admn_id`, `admin_name`, `admin_pass`, `role`, `rest_page`, `email`, `status`) VALUES
(1, 'admin', '21232f297a57a5a743894a0e4a801fc3', 'admin', '', '', '1'),
(2, 'ravi', 'abdb392f09c7376fe5ce059f045de38b', 'Sub_Admin', 'Merchant_Enable/Disable,View_Merchant_Details,Coin_Manager,Coin_Add,Coin_Delete,Credential_Manager,Plan_Manager', 'chiranjitdebnath04@gmail.com', '1'),
(3, 'chiru', 'abdb392f09c7376fe5ce059f045de38b', 'Sub_Admin', 'View_Merchant_Details,Coin_Manager,Credential_Manager,Plan_Manager', '', '1'),
(4, 'chiru', '827ccb0eea8a706c4c34a16891f84e7b', 'Sub_admin', 'Merchant_Enable/Disable,View_Merchant_Details,Coin_Manager', 'chiranjitdebnath04@gmail.com', '1');

-- --------------------------------------------------------

--
-- Table structure for table `affiliated`
--

CREATE TABLE `affiliated` (
  `affiliated_id` int(11) NOT NULL,
  `title` varchar(255) DEFAULT NULL,
  `affiPrivateKey` varchar(255) DEFAULT NULL,
  `bitcoinAddress` varchar(255) DEFAULT NULL,
  `bitcoinCashAddress` varchar(255) NOT NULL,
  `litecoinAddress` varchar(255) NOT NULL,
  `dashcoinAddress` varchar(255) NOT NULL,
  `dogecoinAddress` varchar(255) NOT NULL,
  `speedcoinAddress` varchar(255) NOT NULL,
  `universalCurrency` varchar(255) NOT NULL,
  `peercoinAddress` varchar(255) NOT NULL,
  `reddcoinAddress` varchar(255) NOT NULL,
  `potcoinAddress` varchar(255) NOT NULL,
  `feathercoinAddress` varchar(255) NOT NULL,
  `vertcoinAddress` varchar(255) NOT NULL,
  `MonetaryUnitAddress` varchar(255) NOT NULL,
  `email` varchar(255) NOT NULL,
  `key_created` timestamp NOT NULL DEFAULT CURRENT_TIMESTAMP,
  `key_update` timestamp NOT NULL DEFAULT CURRENT_TIMESTAMP
) ENGINE=InnoDB DEFAULT CHARSET=latin1;

--
-- Dumping data for table `affiliated`
--

INSERT INTO `affiliated` (`affiliated_id`, `title`, `affiPrivateKey`, `bitcoinAddress`, `bitcoinCashAddress`, `litecoinAddress`, `dashcoinAddress`, `dogecoinAddress`, `speedcoinAddress`, `universalCurrency`, `peercoinAddress`, `reddcoinAddress`, `potcoinAddress`, `feathercoinAddress`, `vertcoinAddress`, `MonetaryUnitAddress`, `email`, `key_created`, `key_update`) VALUES
(4, 'Shubham Bitcoin', 'DEV082b7a1b163e1db07', 'ascs', 'af', 'sfaf', 'safasf', 'asfa', 'sfsaf', 'asfasf', 'asff', 'asf', 'safsaf', 'asf', 'sfsaf', 'saf', 'shubhamsahu707@gmail.com', '2018-01-03 05:38:30', '2018-01-03 05:38:30'),
(5, 'adfdsg', 'DEVe3b0c44298fc1c149afbf4c8996', 'gg', 'kjgkj', 'bkj', 'gkjg', 'kgj', 'gg', 'ig', 'ikgij', 'jg', 'g', 'ig', 'g', 'g', 'shubhamsahu707@gmail.com', '2018-02-23 10:57:24', '2018-02-23 10:57:24');

-- --------------------------------------------------------

--
-- Table structure for table `business_type`
--

CREATE TABLE `business_type` (
  `bid` int(11) NOT NULL,
  `business_val` varchar(50) DEFAULT NULL,
  `createDate` date DEFAULT NULL
) ENGINE=InnoDB DEFAULT CHARSET=latin1;

--
-- Dumping data for table `business_type`
--

INSERT INTO `business_type` (`bid`, `business_val`, `createDate`) VALUES
(1, 'Individual', '2018-04-14'),
(2, 'Sole Proprietorship', '2018-04-14'),
(3, 'Partnership', '2018-04-14'),
(4, 'Corporation', '2018-04-14'),
(5, 'LLC', '2018-04-14'),
(6, 'LLP', '2018-04-14'),
(7, 'Nonprofit', '2018-04-14'),
(8, 'Other', '2018-04-14');

-- --------------------------------------------------------

--
-- Table structure for table `coin`
--

CREATE TABLE `coin` (
  `coin_id` int(11) NOT NULL,
  `coin_name` varchar(255) DEFAULT NULL,
  `coin_image` varchar(255) DEFAULT NULL,
  `coin_date` varchar(255) DEFAULT NULL,
  `coin_abbrv` varchar(10) DEFAULT NULL
) ENGINE=InnoDB DEFAULT CHARSET=latin1;

--
-- Dumping data for table `coin`
--

INSERT INTO `coin` (`coin_id`, `coin_name`, `coin_image`, `coin_date`, `coin_abbrv`) VALUES
(38, 'BitCoin', 'bitcoin.png', '2017-12-27', 'BTC'),
(41, 'LiteCoin', 'litecoin.png', '2017-12-27', 'LTC'),
(42, 'DogeCoin', 'dogecoin.png', '2017-12-27', 'DOGE'),
(43, 'BitcoinCash', 'bitcoincash.png', '2017-12-27', 'BCH'),
(44, 'Dash', 'dash.png', '2017-12-27', 'DASH');

-- --------------------------------------------------------

--
-- Table structure for table `credencial`
--

CREATE TABLE `credencial` (
  `host_id` int(11) NOT NULL,
  `host_name` varchar(255) NOT NULL,
  `host_port` varchar(255) NOT NULL,
  `host_user` varchar(255) NOT NULL,
  `host_pass` varchar(255) NOT NULL,
  `key_created` timestamp NOT NULL DEFAULT CURRENT_TIMESTAMP ON UPDATE CURRENT_TIMESTAMP,
  `coin_name` varchar(255) NOT NULL
) ENGINE=InnoDB DEFAULT CHARSET=latin1;

--
-- Dumping data for table `credencial`
--

INSERT INTO `credencial` (`host_id`, `host_name`, `host_port`, `host_user`, `host_pass`, `key_created`, `coin_name`) VALUES
(2, '162.213.252.66', '18340', 'test', 'test123', '2018-07-04 12:54:28', 'bitcoin'),
(4, '162.213.252.66', '18336', 'test', 'test123', '2018-05-04 05:56:07', 'dogecoin'),
(5, '162.213.252.66', '18336', 'test', 'test123', '2018-05-04 05:56:10', 'litecoin'),
(6, '162.213.252.66', '18336', 'test', 'test123', '2018-05-04 05:56:12', 'bitcoincash'),
(7, '162.213.252.66', '18336', 'test', 'test123', '2018-05-04 05:56:14', 'dash');

-- --------------------------------------------------------

--
-- Table structure for table `crypto_files`
--

CREATE TABLE `crypto_files` (
  `fileID` int(11) UNSIGNED NOT NULL,
  `fileTitle` varchar(100) NOT NULL DEFAULT '',
  `active` tinyint(1) NOT NULL DEFAULT '1',
  `fileName` varchar(100) NOT NULL DEFAULT '',
  `fileSize` double(15,0) NOT NULL DEFAULT '0',
  `fileText` text,
  `priceUSD` double(10,2) NOT NULL DEFAULT '0.00',
  `priceCoin` double(17,5) NOT NULL DEFAULT '0.00000',
  `priceLabel` varchar(6) NOT NULL DEFAULT '',
  `purchases` mediumint(8) NOT NULL DEFAULT '0',
  `userFormat` enum('MANUAL','COOKIE','SESSION','IPADDRESS') NOT NULL,
  `expiryPeriod` varchar(15) NOT NULL DEFAULT '',
  `lang` varchar(2) NOT NULL DEFAULT '',
  `defCoin` varchar(5) NOT NULL DEFAULT '',
  `defShow` tinyint(1) NOT NULL DEFAULT '1',
  `image` varchar(100) NOT NULL DEFAULT '',
  `imageWidth` smallint(5) NOT NULL DEFAULT '0',
  `priceShow` tinyint(1) NOT NULL DEFAULT '1',
  `paymentCnt` smallint(5) NOT NULL DEFAULT '0',
  `paymentTime` datetime DEFAULT NULL,
  `updatetime` datetime DEFAULT NULL,
  `createtime` datetime DEFAULT NULL
) ENGINE=InnoDB DEFAULT CHARSET=utf8;

-- --------------------------------------------------------

--
-- Table structure for table `crypto_membership`
--

CREATE TABLE `crypto_membership` (
  `membID` int(11) UNSIGNED NOT NULL,
  `userID` bigint(20) UNSIGNED NOT NULL DEFAULT '0',
  `paymentID` int(11) UNSIGNED NOT NULL DEFAULT '0',
  `startDate` datetime DEFAULT NULL,
  `endDate` datetime DEFAULT NULL,
  `disabled` tinyint(1) UNSIGNED NOT NULL DEFAULT '0',
  `recordCreated` datetime DEFAULT NULL
) ENGINE=InnoDB DEFAULT CHARSET=utf8;

--
-- Dumping data for table `crypto_membership`
--

INSERT INTO `crypto_membership` (`membID`, `userID`, `paymentID`, `startDate`, `endDate`, `disabled`, `recordCreated`) VALUES
(1, 1, 0, '2017-12-08 00:00:00', '2018-01-08 23:59:00', 0, '2017-12-08 10:25:18'),
(2, 2, 0, '2017-12-08 00:00:00', '2018-01-08 23:59:00', 0, '2017-12-08 10:32:05');

-- --------------------------------------------------------

--
-- Table structure for table `crypto_payments`
--

CREATE TABLE `crypto_payments` (
  `paymentID` int(11) UNSIGNED NOT NULL,
  `email` varchar(255) NOT NULL,
  `boxID` int(11) UNSIGNED NOT NULL DEFAULT '0',
  `boxType` enum('paymentbox','captchabox') NOT NULL,
  `orderID` varchar(50) NOT NULL DEFAULT '',
  `userID` varchar(50) NOT NULL DEFAULT '',
  `countryID` varchar(3) NOT NULL DEFAULT '',
  `coinLabel` varchar(10) NOT NULL DEFAULT '',
  `amount` double(20,8) NOT NULL DEFAULT '0.00000000',
  `amountUSD` double(20,8) NOT NULL DEFAULT '0.00000000',
  `unrecognised` tinyint(1) UNSIGNED NOT NULL DEFAULT '0',
  `addr` varchar(355) NOT NULL DEFAULT '',
  `txID` text NOT NULL,
  `txDate` date DEFAULT NULL,
  `txConfirmed` enum('0','1') NOT NULL DEFAULT '0',
  `txCheckDate` datetime DEFAULT NULL,
  `processed` enum('0','1') NOT NULL DEFAULT '0',
  `processedDate` datetime DEFAULT CURRENT_TIMESTAMP,
  `recordCreated` datetime DEFAULT CURRENT_TIMESTAMP,
  `client_email` varchar(50) DEFAULT NULL
) ENGINE=InnoDB DEFAULT CHARSET=utf8 ROW_FORMAT=DYNAMIC;

--
-- Dumping data for table `crypto_payments`
--

INSERT INTO `crypto_payments` (`paymentID`, `email`, `boxID`, `boxType`, `orderID`, `userID`, `countryID`, `coinLabel`, `amount`, `amountUSD`, `unrecognised`, `addr`, `txID`, `txDate`, `txConfirmed`, `txCheckDate`, `processed`, `processedDate`, `recordCreated`, `client_email`) VALUES
(1, 'chandu2013pal@gmail.com', 1000, 'paymentbox', '1', '1', '1', 'BitCoin', 1.00000000, 1.00000000, 0, '1', '', '2018-01-24', '0', '2017-12-13 00:00:00', '0', '2017-12-13 00:00:00', '2017-12-13 00:00:00', NULL),
(8, 'chandu2013pal@gmail.com', 201803302, 'paymentbox', '', '25', '', 'BitCoin', 12.00000000, 89078.28000000, 0, '2NDYACyKVYrPZF15N91UbnoBoTURDxQkLt', '', NULL, '0', NULL, '0', NULL, NULL, NULL),
(9, 'chandu2013pal@gmail.com', 201803302, 'paymentbox', '', '25', '', 'BitCoin', 12.00000000, 89078.28000000, 0, '2NCfSZFTpppZ426xGALeme7Ab8C3jJJiYJ', '', NULL, '0', NULL, '0', NULL, NULL, NULL),
(10, 'chandu2013pal@gmail.com', 201803302, 'paymentbox', '', '25', '', 'BitCoin', 0.55000000, 4069.32900000, 0, '2MwiYhASCMFyq65dGWYcCb7cyyfbnfn4Re', '', NULL, '0', NULL, '0', '2018-04-04 12:46:16', '2018-04-04 12:46:16', NULL),
(11, 'chandu2013pal@gmail.com', 201803302, 'paymentbox', '', '25', '', 'BitCoin', 0.45000000, 3334.63500000, 0, '2N6ZxKnc2aEDLWMfJXXgBFyPqCccFwkZVM', '', NULL, '0', NULL, '0', '2018-04-04 13:02:50', '2018-04-04 13:02:50', NULL),
(12, 'chandu2013pal@gmail.com', 201803302, 'paymentbox', '', '25', '', 'BitCoin', 0.35000000, 2590.59500000, 0, '2N3C7Me4yRTh6SW8t83z2TCeeui6FKxnSp', '', NULL, '0', NULL, '0', '2018-04-04 13:13:41', '2018-04-04 13:13:41', NULL),
(13, 'chandu2013pal@gmail.com', 201803302, 'paymentbox', '', '25', '', 'BitCoin', 0.30000000, 2220.19800000, 0, '2MuFBwyGZbHQii4mTeH5ZBcJddNdRg5MCdM', '42c6568078ada147f7526f039a05ca746a4b18ccbf9eedc3fd1f8b1dfdcf58cf', NULL, '1', NULL, '1', '2018-04-04 13:20:33', '2018-04-04 13:20:33', NULL),
(14, 'chandu2013pal@gmail.com', 201803302, 'paymentbox', '', '25', '', 'BitCoin', 0.45000000, 3325.29750000, 0, '2N8Vzm7Bzcgj85uFJuk3UiwytSyDg2YqN15', '1a3b5b7f521c1eebbb1f879ed2d12ffff61ce57b95e716dcf5df9d7dcfe9dc35', NULL, '1', NULL, '1', '2018-04-04 13:24:38', '2018-04-04 13:24:38', NULL),
(15, 'chandu2013pal@gmail.com', 201803302, 'paymentbox', '', '25', '', 'BitCoin', 1.20000000, 8825.72400000, 0, '2N9oTKpHKDstsrtHmvwh2y5SY9xX82zVmGh', '', NULL, '0', NULL, '0', '2018-04-04 13:48:43', '2018-04-04 13:48:43', NULL),
(16, 'chandu2013pal@gmail.com', 201803302, 'paymentbox', '', '25', '', 'BitCoin', 1.20000000, 8825.72400000, 0, '2N4v5zExadHiGZtKuUo6gf8dYXVXid5abJx', '', NULL, '0', NULL, '0', '2018-04-04 13:49:35', '2018-04-04 13:49:35', NULL),
(17, 'chandu2013pal@gmail.com', 201803302, 'paymentbox', '', '25', '', 'BitCoin', 1.20000000, 8825.72400000, 0, '2NAyLJLgsXFhfrWNWFg3wSZcKEoKfS3suu5', '', NULL, '0', NULL, '0', '2018-04-04 13:49:46', '2018-04-04 13:49:46', NULL),
(18, 'chandu2013pal@gmail.com', 201803302, 'paymentbox', '', '25', '', 'BitCoin', 1.20000000, 8825.72400000, 0, '2Mv3Yp2mPau6AYm4ve1zKWL1vYiQVdwWpxN', '', NULL, '0', NULL, '0', '2018-04-04 13:50:18', '2018-04-04 13:50:18', NULL),
(19, 'chandu2013pal@gmail.com', 201803302, 'paymentbox', '', '25', '', 'BitCoin', 1.20000000, 8818.08000000, 0, '2NEhmGzoArgDsJUKLTUDV4FrWEE338P8KaQ', '', NULL, '0', NULL, '0', '2018-04-04 13:52:19', '2018-04-04 13:52:19', NULL),
(20, 'chandu2013pal@gmail.com', 201803302, 'paymentbox', '', '25', '', 'BitCoin', 1.20000000, 8818.08000000, 0, '2MzUVG8azZBT9cCuikYfPJByACW2schZSSQ', '', NULL, '0', NULL, '0', '2018-04-04 13:52:31', '2018-04-04 13:52:31', NULL),
(21, 'chandu2013pal@gmail.com', 201803302, 'paymentbox', '', '25', '', 'BitCoin', 1.20000000, 8818.08000000, 0, '2NFkKHJYbeqLSDK9vrsXNmppMuabgvfokW9', '', NULL, '0', NULL, '0', '2018-04-04 13:52:55', '2018-04-04 13:52:55', NULL),
(22, 'chandu2013pal@gmail.com', 201803302, 'paymentbox', '', '25', '', 'BitCoin', 0.75000000, 5396.54250000, 0, '2Mysfs8aXhDGFVFtfQ7qm1nEa7Kz37HK24v', 'eefc573c3fe4933a3bd997ceed89fd61fcc0e91ca2bf5a152e5f3a2a9bb41315', NULL, '1', NULL, '1', '2018-04-04 15:13:05', '2018-04-04 15:13:05', NULL),
(23, 'chandu2013pal@gmail.com', 201803302, 'paymentbox', '', '25', '', 'BitCoin', 0.75000000, 5401.70250000, 0, '2N2VSddh7VaX4xHdPt6Zm1xUHrDwzC2kFkQ', '', NULL, '0', NULL, '0', '2018-04-04 15:17:09', '2018-04-04 15:17:09', NULL),
(24, 'chandu2013pal@gmail.com', 201803302, 'paymentbox', '', '25', '', 'BitCoin', 0.75000000, 5401.70250000, 0, '2MtB4Rby7zMfzSXjDmmVqKSBC3eTBg6DEZx', '', NULL, '0', NULL, '0', '2018-04-04 15:18:23', '2018-04-04 15:18:23', NULL),
(25, 'chandu2013pal@gmail.com', 201803302, 'paymentbox', '', '25', '', 'BitCoin', 0.75000000, 5401.70250000, 0, '2N92oRs7ewHpue3nkL9TkqdRLsp2Au12LpJ', '', NULL, '0', NULL, '0', '2018-04-04 15:18:36', '2018-04-04 15:18:36', NULL),
(26, 'chandu2013pal@gmail.com', 201803302, 'paymentbox', '', '25', '', 'BitCoin', 0.75000000, 5363.37000000, 0, '2NFhWksjfycvyAKRhyF71tqypQZ8sinAnPM', '', NULL, '0', NULL, '0', '2018-04-04 15:21:50', '2018-04-04 15:21:50', NULL),
(27, 'chandu2013pal@gmail.com', 201803302, 'paymentbox', '', '25', '', 'BitCoin', 0.75000000, 5363.37000000, 0, '2N9Zi1m57Vx99CUMcw38WiWmdqNvDX7SHy8', '', NULL, '0', NULL, '0', '2018-04-04 15:22:53', '2018-04-04 15:22:53', NULL),
(28, 'chandu2013pal@gmail.com', 201803302, 'paymentbox', '', '25', '', 'BitCoin', 0.75000000, 5363.37000000, 0, '2NDMjAZErv7aWhZWEHxYyyyQqCznt2oGBid', '', NULL, '0', NULL, '0', '2018-04-04 15:23:14', '2018-04-04 15:23:14', NULL),
(29, 'chandu2013pal@gmail.com', 201803302, 'paymentbox', '', '25', '', 'BitCoin', 0.75000000, 5363.37000000, 0, '2MvUVk3oZMBraBPwx4XjibrorkR17QYnSe8', '', NULL, '0', NULL, '0', '2018-04-04 15:24:59', '2018-04-04 15:24:59', NULL),
(30, 'chandu2013pal@gmail.com', 201803302, 'paymentbox', '', '25', '', 'BitCoin', 0.75000000, 5363.37000000, 0, '2N2D6jmXzTUcoTfZo5tnnmMBD5HbnhQASGu', '', NULL, '0', NULL, '0', '2018-04-04 15:25:06', '2018-04-04 15:25:06', NULL),
(31, 'chandu2013pal@gmail.com', 201803302, 'paymentbox', '', '25', '', 'BitCoin', 0.75000000, 5363.37000000, 0, '2NDToW5nJiwXFy2XBpmgwL25SdXJBpKXZ5S', '', NULL, '0', NULL, '0', '2018-04-04 15:25:12', '2018-04-04 15:25:12', NULL),
(32, 'chandu2013pal@gmail.com', 201803302, 'paymentbox', '', '25', '', 'BitCoin', 0.75000000, 5352.36750000, 0, '2MtwZ9c7hMn6ckzJkoJxZwSkAE1oRLTe3NC', '', NULL, '0', NULL, '0', '2018-04-04 15:25:54', '2018-04-04 15:25:54', NULL),
(33, 'chandu2013pal@gmail.com', 201803302, 'paymentbox', '', '25', '', 'BitCoin', 0.75000000, 5352.36750000, 0, '2Mwa4gqJrUbKX1dCBf68pcBzN1iLSwfvDjB', '', NULL, '0', NULL, '0', '2018-04-04 15:26:15', '2018-04-04 15:26:15', NULL),
(34, 'chandu2013pal@gmail.com', 201803302, 'paymentbox', '', '25', '', 'BitCoin', 0.75000000, 5352.36750000, 0, '2NGDmgEXeT3MV3LL5Zc3uwBpMd3TVa48pvu', '', NULL, '0', NULL, '0', '2018-04-04 15:26:58', '2018-04-04 15:26:58', NULL),
(35, 'chandu2013pal@gmail.com', 201803302, 'paymentbox', '', '25', '', 'BitCoin', 0.75000000, 5352.36750000, 0, '2N7bVfoscBHqirBU4ZpsE9LjVfLpKnJSYiw', '', NULL, '0', NULL, '0', '2018-04-04 15:27:31', '2018-04-04 15:27:31', NULL),
(36, 'chandu2013pal@gmail.com', 201803302, 'paymentbox', '', '25', '', 'BitCoin', 0.75000000, 5352.36750000, 0, '2NGKynQHkFLhMr33VUA8c2uSgynQzdvhhrr', '', NULL, '0', NULL, '0', '2018-04-04 15:28:06', '2018-04-04 15:28:06', NULL),
(37, 'chandu2013pal@gmail.com', 201803302, 'paymentbox', '', '25', '', 'BitCoin', 0.75000000, 5352.36750000, 0, '2N2FJvCKZ9apYfJJDrMxddJecB5daMCmnHh', '', NULL, '0', NULL, '0', '2018-04-04 15:29:42', '2018-04-04 15:29:42', NULL),
(38, 'chandu2013pal@gmail.com', 201803302, 'paymentbox', '', '25', '', 'BitCoin', 0.75000000, 5346.18750000, 0, '2N7tm9E9Jht2GbQWJJANGbbDAMupQhAiHEA', '', NULL, '0', NULL, '0', '2018-04-04 15:31:01', '2018-04-04 15:31:01', NULL),
(39, 'chandu2013pal@gmail.com', 201803302, 'paymentbox', '', '25', '', 'BitCoin', 0.75000000, 5346.18750000, 0, '2MvdWB4G5W7Y5wdCBFw8fSwvJ3UAD8EZLQg', '', NULL, '0', NULL, '0', '2018-04-04 15:31:52', '2018-04-04 15:31:52', NULL),
(40, 'chandu2013pal@gmail.com', 201803302, 'paymentbox', '', '25', '', 'BitCoin', 0.30000000, 2138.47500000, 0, '2NFXho2cGsumRxzriDDJXa6pbKwYEQW7A1W', '', NULL, '0', NULL, '0', '2018-04-04 15:32:36', '2018-04-04 15:32:36', NULL),
(41, 'chandu2013pal@gmail.com', 201803302, 'paymentbox', '', '25', '', 'BitCoin', 0.05000000, 356.41250000, 0, '2MysW2cZ3hH3jtLE8ZNWTdVkDajfKddmsBb', '', NULL, '0', NULL, '0', '2018-04-04 15:33:57', '2018-04-04 15:33:57', NULL),
(42, 'chandu2013pal@gmail.com', 201803302, 'paymentbox', '', '25', '', 'BitCoin', 1.00000000, 7140.59000000, 0, '2NERZqzfZN6WbstEeice588ZCsBjt58xoha', '', NULL, '0', NULL, '0', '2018-04-04 15:43:13', '2018-04-04 15:43:13', NULL),
(43, 'chandu2013pal@gmail.com', 201803302, 'paymentbox', '', '25', '', 'BitCoin', 0.30000000, 2137.21500000, 0, '2N9L8nYMnuiCiAP7UZvcgyHh3zDEerdmZdC', '', NULL, '0', NULL, '0', '2018-04-04 15:51:45', '2018-04-04 15:51:45', NULL),
(44, 'chandu2013pal@gmail.com', 201803302, 'paymentbox', '', '25', '', 'BitCoin', 0.30000000, 2137.21500000, 0, '2NCYLJE4nh6oWDc9g2UVYofGHVV3CWG82i1', '', NULL, '0', NULL, '0', '2018-04-04 15:52:46', '2018-04-04 15:52:46', NULL),
(45, 'chandu2013pal@gmail.com', 201803302, 'paymentbox', '', '25', '', 'BitCoin', 0.30000000, 2137.21500000, 0, '2N21z21UgocYwj5XBe5mk9T9wz8pHVkPmBC', '', NULL, '0', NULL, '0', '2018-04-04 15:54:24', '2018-04-04 15:54:24', NULL),
(46, 'chandu2013pal@gmail.com', 201803302, 'paymentbox', '', '25', '', 'BitCoin', 0.30000000, 2138.49900000, 0, '2NDpL5kWYxr3A6r87ScN3zfAw3sCSGVqcsY', '', NULL, '0', NULL, '0', '2018-04-04 15:58:11', '2018-04-04 15:58:11', NULL),
(47, 'chandu2013pal@gmail.com', 201803302, 'paymentbox', '', '25', '', 'BitCoin', 0.30000000, 2144.72400000, 0, '2NBBrREQP2ygV9AHTvjH3oYzbn5uR177evq', '', NULL, '0', NULL, '0', '2018-04-04 16:00:25', '2018-04-04 16:00:25', NULL),
(48, 'chandu2013pal@gmail.com', 201803302, 'paymentbox', '', '25', '', 'BitCoin', 0.30000000, 2144.72400000, 0, '2N4fsjfhJGPpve3G2xWjBE7kXACF52YTuhC', '', NULL, '0', NULL, '0', '2018-04-04 16:01:30', '2018-04-04 16:01:30', NULL),
(49, 'chandu2013pal@gmail.com', 201803302, 'paymentbox', '', '25', '', 'BitCoin', 0.30000000, 2144.72400000, 0, '2Mv1QNrm7L9A6WMymVVeyFJPuw8yjsr7fJw', '', NULL, '0', NULL, '0', '2018-04-04 16:02:19', '2018-04-04 16:02:19', NULL),
(50, 'chandu2013pal@gmail.com', 201803302, 'paymentbox', '', '25', '', 'BitCoin', 0.30000000, 2144.72400000, 0, '2NCUYd5XRwuKX69yjwYZaNsZaJVyypNZdw6', '', NULL, '0', NULL, '0', '2018-04-04 16:03:43', '2018-04-04 16:03:43', NULL),
(51, 'chandu2013pal@gmail.com', 201803302, 'paymentbox', '', '25', '', 'BitCoin', 0.08000000, 572.97280000, 0, '2N6JT6HkvkvbwDN51KBpgKR9D2NoneGwuRG', '', NULL, '0', NULL, '0', '2018-04-04 16:07:15', '2018-04-04 16:07:15', NULL),
(52, 'chandu2013pal@gmail.com', 201803302, 'paymentbox', '', '25', '', 'BitCoin', 0.90000000, 6445.94400000, 0, '2N59vQ6AvPgwhGV1PMhXxFBdwWMZ1qqLrSd', '', NULL, '0', NULL, '0', '2018-04-04 16:07:49', '2018-04-04 16:07:49', NULL),
(53, 'chandu2013pal@gmail.com', 201803302, 'paymentbox', '', '25', '', 'BitCoin', 0.40000000, 2860.78000000, 0, '2NBcYqgPfyZp9wPiwEq3RTBuvaQKrcktVC1', '', NULL, '0', NULL, '0', '2018-04-04 16:11:27', '2018-04-04 16:11:27', NULL),
(54, 'chandu2013pal@gmail.com', 201803302, 'paymentbox', '', '25', '', 'BitCoin', 0.40000000, 2860.78000000, 0, '2MuFjq6KEgNghuUjNdvURT91i5TPNdRgtd2', '', NULL, '0', NULL, '0', '2018-04-04 16:11:52', '2018-04-04 16:11:52', NULL),
(55, 'chandu2013pal@gmail.com', 201803302, 'paymentbox', '', '25', '', 'BitCoin', 0.40000000, 2860.78000000, 0, '2MxcdDL3sgL5W6TwJ75zoHUDErkbzTnY2Xn', 'd879315f87d254abcacbfca13830bae6a3a1ffa2c570987e7c3d093447af5a51', NULL, '1', NULL, '1', '2018-04-04 16:12:40', '2018-04-04 16:12:40', NULL),
(56, 'chandu2013pal@gmail.com', 201803302, 'paymentbox', '', '25', '', 'BitCoin', 0.40000000, 2862.15600000, 0, '2N3hgJ5KEfqx3fjmrSL2jzvhN2sZGzbKLpr', '', NULL, '0', NULL, '0', '2018-04-04 16:15:43', '2018-04-04 16:15:43', NULL),
(57, 'chandu2013pal@gmail.com', 201803302, 'paymentbox', '', '25', '', 'BitCoin', 0.40000000, 2862.15600000, 0, '2MsHS8hHZWrz9BHC7raENBxGDBsbQxoUMd3', '', NULL, '0', NULL, '0', '2018-04-04 16:16:17', '2018-04-04 16:16:17', NULL),
(58, 'chandu2013pal@gmail.com', 201803302, 'paymentbox', '', '25', '', 'BitCoin', 0.30000000, 2147.61000000, 0, '2NAscz4wpwCri8ZVpAL2nLJym9HpmMoPKAW', 'fcc8269646be69ddbff342b16ecd5ee4544d4219694195df9c34a93758490305', NULL, '1', NULL, '1', '2018-04-04 16:20:55', '2018-04-04 16:20:55', NULL),
(59, 'chandu2013pal@gmail.com', 201803302, 'paymentbox', '', '25', '', 'BitCoin', 0.30000000, 2147.61000000, 0, '2N282jmYjxkasrcZQs25ihZMieifnmBRL3J', '', NULL, '0', NULL, '0', '2018-04-04 16:22:52', '2018-04-04 16:22:52', NULL),
(60, 'chandu2013pal@gmail.com', 201803302, 'paymentbox', '', '25', '', 'BitCoin', 0.40000000, 2860.66800000, 0, '2Mx3wZs8AWr2rjVrrZpsBWg4bhAzxvdDXPb', '', NULL, '0', NULL, '0', '2018-04-04 16:26:52', '2018-04-04 16:26:52', NULL),
(61, 'chandu2013pal@gmail.com', 201803302, 'paymentbox', '', '25', '', 'BitCoin', 0.40000000, 2860.66800000, 0, '2N7VTeqX6SAo8thKhPabxscEEUxNhmHPvbi', '', NULL, '0', NULL, '0', '2018-04-04 16:27:55', '2018-04-04 16:27:55', NULL),
(62, 'chandu2013pal@gmail.com', 201803302, 'paymentbox', '', '25', '', 'BitCoin', 1.00000000, 7151.67000000, 0, '2N4WmDSGWuok6AKZDTnZN4qdDZpY4T2HL5G', '', NULL, '0', NULL, '0', '2018-04-04 16:29:33', '2018-04-04 16:29:33', NULL),
(63, 'chandu2013pal@gmail.com', 201803302, 'paymentbox', '', '25', '', 'BitCoin', 0.21000000, 1500.49620000, 0, '2NDKBWVBuji3RsE7sYaznJ9YB5zaYCfV39z', '8a60d7c0dd6d4c5294d8bab64954d22b24f2919bf31770603b5619d3767e5849', NULL, '1', NULL, '1', '2018-04-04 16:30:50', '2018-04-04 16:30:50', NULL),
(64, 'chandu2013pal@gmail.com', 201803302, 'paymentbox', '', '25', '', 'BitCoin', 0.21000000, 1500.49620000, 0, '2NG5QvcYUNpXxzYfW8BpNhZjz5raF9986yj', '', NULL, '0', NULL, '0', '2018-04-04 16:33:54', '2018-04-04 16:33:54', NULL),
(65, 'chandu2013pal@gmail.com', 201803302, 'paymentbox', '', '25', '', 'BitCoin', 0.10000000, 714.52200000, 0, '2N58WgJmytDQAiUaWK8DQL4njPW1ooQFbWV', '', NULL, '0', NULL, '0', '2018-04-04 16:34:21', '2018-04-04 16:34:21', NULL),
(66, 'chandu2013pal@gmail.com', 201803302, 'paymentbox', '', '25', '', 'BitCoin', 0.12000000, 857.48760000, 0, '2MwPunSWdvWxKNEvuA7hQiZvfZbkNgbQT16', 'bdd24ab70332d19abd3a8447abcc74e2446af422da68ed119611925be6c52814', NULL, '1', NULL, '1', '2018-04-04 16:35:46', '2018-04-04 16:35:46', NULL),
(67, 'chandu2013pal@gmail.com', 201803302, 'paymentbox', '', '25', '', 'BitCoin', 0.12000000, 855.92400000, 0, '2MytzF2npKvjmMbGzq6sJkTjMwyaLBuaC6a', '', NULL, '0', NULL, '0', '2018-04-04 16:40:57', '2018-04-04 16:40:57', NULL),
(68, 'chandu2013pal@gmail.com', 201803302, 'paymentbox', '', '25', '', 'BitCoin', 0.40000000, 2853.08000000, 0, '2NBsGKmhva5sYotEJ2ZmkGCTKs9MS6buEer', '', NULL, '0', NULL, '0', '2018-04-04 16:42:40', '2018-04-04 16:42:40', NULL),
(69, 'chandu2013pal@gmail.com', 201803302, 'paymentbox', '', '25', '', 'BitCoin', 0.43000000, 3067.06100000, 0, '2N65CQhy4YzLAhLfPzy8FDtZYyvmjK9GrQf', '', NULL, '0', NULL, '0', '2018-04-04 16:44:57', '2018-04-04 16:44:57', NULL),
(70, 'chandu2013pal@gmail.com', 201803302, 'paymentbox', '', '25', '', 'BitCoin', 0.89000000, 6329.25280000, 0, '2N1P9gTk9hvSEJxJxnL9GfsnkvKM1p9Lkk1', '', NULL, '0', NULL, '0', '2018-04-04 16:47:31', '2018-04-04 16:47:31', NULL),
(71, 'chandu2013pal@gmail.com', 201803302, 'paymentbox', '', '25', '', 'BitCoin', 0.21000000, 1489.85970000, 0, '2NDM1L4yo3Jx15ChhgxaELw76bsCCZxDjut', '', NULL, '0', NULL, '0', '2018-04-04 16:54:48', '2018-04-04 16:54:48', NULL),
(72, 'chandu2013pal@gmail.com', 201803302, 'paymentbox', '', '25', '', 'BitCoin', 0.21000000, 1489.85970000, 0, '2N9G9GgZU1YUdL5BAb6KNMRrr6KTQnhogFL', '', NULL, '0', NULL, '0', '2018-04-04 16:55:21', '2018-04-04 16:55:21', NULL),
(73, 'chandu2013pal@gmail.com', 201803302, 'paymentbox', '', '25', '', 'BitCoin', 0.21000000, 1489.07220000, 0, '2N58r55GhEUHkyBEJgn6wYDiMRKPbYRVNFK', '', NULL, '0', NULL, '0', '2018-04-04 16:56:11', '2018-04-04 16:56:11', NULL),
(74, 'chandu2013pal@gmail.com', 201803302, 'paymentbox', '', '25', '', 'BitCoin', 0.21000000, 1489.07220000, 0, '2MzYeFSc8Sq6goqTAHRnWSv8NeMjnjCLNyS', '1ccaaaac03fe4cd06e2960e938de12f665d88dfd72d69c19cd93b0987ccf43ed', NULL, '1', NULL, '1', '2018-04-04 16:56:43', '2018-04-04 16:56:43', NULL),
(75, 'chandu2013pal@gmail.com', 201803302, 'paymentbox', '', '25', '', 'BitCoin', 0.21000000, 1486.86720000, 0, '2NEfkZW2ouFjkywueJsq9ZNW6uPqzXrXrtM', '', NULL, '0', NULL, '0', '2018-04-04 17:01:40', '2018-04-04 17:01:40', NULL),
(76, 'chandu2013pal@gmail.com', 201803302, 'paymentbox', '', '25', '', 'BitCoin', 0.21000000, 1486.86720000, 0, '2NBndQ5brxNuXMkBnzLHuUdNssBi5ezq6sz', 'b7eb69a1fa13440e7020158bfc6a93b0e5f0ed26528ef4e55b32ad5e4142aa85', NULL, '1', NULL, '1', '2018-04-04 17:05:05', '2018-04-04 17:05:05', NULL),
(77, 'chandu2013pal@gmail.com', 201803302, 'paymentbox', '', '25', '', 'BitCoin', 0.21000000, 1486.43880000, 0, '2N8Yzdsx4X8aBHjwM5p34qn7Bk2vFa3X6WA', '', NULL, '0', NULL, '0', '2018-04-04 17:06:57', '2018-04-04 17:06:57', NULL),
(78, 'chandu2013pal@gmail.com', 201803302, 'paymentbox', '', '25', '', 'BitCoin', 0.21000000, 1486.43880000, 0, '2N1wrnpjbSQZuiDU4iMuizH2sSrZyVwBF6K', '', NULL, '0', NULL, '0', '2018-04-04 17:07:47', '2018-04-04 17:07:47', NULL),
(79, 'chandu2013pal@gmail.com', 201803302, 'paymentbox', '', '25', '', 'BitCoin', 0.21000000, 1486.43880000, 0, '2N1q6A9qySq3NAXX6VokKw9QaePTXXVgN56', '', NULL, '0', NULL, '0', '2018-04-04 17:08:19', '2018-04-04 17:08:19', NULL),
(80, 'chandu2013pal@gmail.com', 201803302, 'paymentbox', '', '25', '', 'BitCoin', 0.21000000, 1486.43880000, 0, '2N8t5fvQCdkNY5A7R5p9CnLqcvbDD3MftwZ', '', NULL, '0', NULL, '0', '2018-04-04 17:08:31', '2018-04-04 17:08:31', NULL),
(81, 'chandu2013pal@gmail.com', 201803302, 'paymentbox', '', '25', '', 'BitCoin', 0.21000000, 1486.43880000, 0, '2MvS2nkVhwB1Um8RFNu2NY7xZv9zedAkmre', '', NULL, '0', NULL, '0', '2018-04-04 17:09:03', '2018-04-04 17:09:03', NULL),
(82, 'chandu2013pal@gmail.com', 201803302, 'paymentbox', '', '25', '', 'BitCoin', 0.21000000, 1488.42540000, 0, '2NF76M2im6AA1wRoyx4dmMHefF9yWUwt2ZV', '', NULL, '0', NULL, '0', '2018-04-04 17:14:34', '2018-04-04 17:14:34', NULL),
(83, 'chandu2013pal@gmail.com', 201803302, 'paymentbox', '', '25', '', 'BitCoin', 0.21000000, 1485.41820000, 0, '2N7qe3vPxMsxiebJx4yTu7dPsCQ7jkwgACy', '', NULL, '0', NULL, '0', '2018-04-04 17:15:52', '2018-04-04 17:15:52', NULL),
(84, 'chandu2013pal@gmail.com', 201803302, 'paymentbox', '', '25', '', 'BitCoin', 0.21000000, 1485.41820000, 0, '2N1Vfh1G9eB9tJhzK8uDU9GGwGmUJhQG1wY', '', NULL, '0', NULL, '0', '2018-04-04 17:16:54', '2018-04-04 17:16:54', NULL),
(85, 'chandu2013pal@gmail.com', 201803302, 'paymentbox', '', '25', '', 'BitCoin', 0.21000000, 1485.41820000, 0, '2NEGxPi1reDkeid633wPARg6jLcV9C5QNnR', '', NULL, '0', NULL, '0', '2018-04-04 17:17:15', '2018-04-04 17:17:15', NULL),
(86, 'chandu2013pal@gmail.com', 201803302, 'paymentbox', '', '25', '', 'BitCoin', 0.21000000, 1485.41820000, 0, '2N3p2JKnpdn1nuP3jvEkEaDTg3PR3eoP42f', '', NULL, '0', NULL, '0', '2018-04-04 17:17:15', '2018-04-04 17:17:15', NULL),
(87, 'chandu2013pal@gmail.com', 201803302, 'paymentbox', '', '25', '', 'BitCoin', 0.21000000, 1485.41820000, 0, '2N9GYGRYL8P1gweAYawtvvS7fj3CNnMEypH', '', NULL, '0', NULL, '0', '2018-04-04 17:18:05', '2018-04-04 17:18:05', NULL),
(88, 'chandu2013pal@gmail.com', 201803302, 'paymentbox', '', '25', '', 'BitCoin', 0.21000000, 1485.41820000, 0, '2N4kqQiNSazNmzy21NojF5Nn47yj9FNbjY5', 'a1174daa0749ad80d1a665bd0eb088a832726e7ea634f865776691a488e2f1eb', NULL, '1', NULL, '1', '2018-04-04 17:20:39', '2018-04-04 17:20:39', NULL),
(89, 'chandu2013pal@gmail.com', 201803302, 'paymentbox', '', '25', '', 'BitCoin', 0.21000000, 1485.45810000, 0, '2MvewDmMF6Tp5L1pwKRLSJZ55K1Z5Q4r1bA', '35b7297869f428fbf683485d1ea745dd127feb5084f318323db090ad0b177c8e', NULL, '1', NULL, '1', '2018-04-04 17:22:34', '2018-04-04 17:22:34', NULL),
(90, 'chandu2013pal@gmail.com', 201803302, 'paymentbox', '', '25', '', 'BitCoin', 0.12000000, 850.18320000, 0, '2N8c5y1rAKSBGTQo1eEo4hrimqhRHpxZ7FS', '802ee9c751e086db0999086e8311a3c65a95a3fbdc116dec61cb3d6d5dde4f42', NULL, '1', NULL, '1', '2018-04-04 17:29:28', '2018-04-04 17:29:28', NULL),
(91, 'chandu2013pal@gmail.com', 201803302, 'paymentbox', '', '25', '', 'BitCoin', 0.12000000, 851.26080000, 0, '2NAfXBZHhmmnbKnkpJ6WtTjQebYSZ3ey7Mq', '', NULL, '0', NULL, '0', '2018-04-04 17:35:07', '2018-04-04 17:35:07', NULL),
(92, 'chandu2013pal@gmail.com', 201803302, 'paymentbox', '', '25', '', 'BitCoin', 0.12000000, 851.64480000, 0, '2NALvhtBmrVsdjXnXNsru1ckV7fqSu6DGNk', '', NULL, '0', NULL, '0', '2018-04-04 17:46:57', '2018-04-04 17:46:57', NULL),
(93, 'chandu2013pal@gmail.com', 201803302, 'paymentbox', '', '25', '', 'BitCoin', 0.12000000, 850.54560000, 0, '2MspHN3MxaM6jyKZujqQJm85dbb1M5YsMFi', '', NULL, '0', NULL, '0', '2018-04-04 17:51:31', '2018-04-04 17:51:31', NULL),
(94, 'chandu2013pal@gmail.com', 201803302, 'paymentbox', '', '25', '', 'BitCoin', 0.12000000, 850.54560000, 0, '2MxoUifDtQSazHY9FmbTc22PvmVtfYB4NPV', '', NULL, '0', NULL, '0', '2018-04-04 17:52:11', '2018-04-04 17:52:11', NULL),
(95, 'chandu2013pal@gmail.com', 201803302, 'paymentbox', '', '25', '', 'BitCoin', 0.12000000, 850.54560000, 0, '2NBLdt5Rjemgo5NHN7AGTXxxLyDPLsxgu4W', '', NULL, '0', NULL, '0', '2018-04-04 17:52:37', '2018-04-04 17:52:37', NULL),
(96, 'chandu2013pal@gmail.com', 201803302, 'paymentbox', '', '25', '', 'BitCoin', 0.21000000, 1488.45480000, 0, '2NAYwr6vusb9uRSZXazszDsTKd8jTE8Gyd4', '1509c864f26bfab21be612285f3b847cbf921e030e9fdb92764b5b5a41a79cab', NULL, '1', NULL, '1', '2018-04-04 17:54:21', '2018-04-04 17:54:21', NULL),
(97, 'chandu2013pal@gmail.com', 201803302, 'paymentbox', '', '25', '', 'BitCoin', 0.21000000, 1489.23810000, 0, '2NC8qyDwmudpqBHZp9ovwmQvFBDiLywjxUo', '', NULL, '0', NULL, '0', '2018-04-04 17:59:10', '2018-04-04 17:59:10', NULL),
(98, 'chandu2013pal@gmail.com', 201803302, 'paymentbox', '', '25', '', 'BitCoin', 0.12000000, 850.99320000, 0, '2N1mJ3K4w8FHxY8nqLfBnjaNAnrbgHnWXua', '669b3ae4c6d3adf2d85124c36e611604c93bb3ded0bde302be14deccc362ff29', NULL, '1', NULL, '1', '2018-04-04 17:59:33', '2018-04-04 17:59:33', NULL),
(99, 'chandu2013pal@gmail.com', 201803302, 'paymentbox', '', '25', '', 'BitCoin', 0.12000000, 850.73160000, 0, '2NEWt3qA79XH51FA7A3Vsoh9pkMfRNyYrBG', '', NULL, '0', NULL, '0', '2018-04-04 18:01:42', '2018-04-04 18:01:42', NULL),
(100, 'chandu2013pal@gmail.com', 201803302, 'paymentbox', '', '25', '', 'BitCoin', 0.12000000, 850.73160000, 0, '2Mswzzdru9h2SSH515ZH1DqaEBShcdRtckS', '', NULL, '0', NULL, '0', '2018-04-04 18:03:21', '2018-04-04 18:03:21', NULL),
(101, 'chandu2013pal@gmail.com', 201803302, 'paymentbox', '', '25', '', 'BitCoin', 0.00000000, 0.00000000, 0, '2N9QV6uQZKTXquyUDmGrp8Pj9BZHzKjj3Sp', '', NULL, '0', NULL, '0', '2018-04-04 18:03:54', '2018-04-04 18:03:54', NULL),
(102, 'chandu2013pal@gmail.com', 201803302, 'paymentbox', '', '25', '', 'BitCoin', 0.12000000, 850.73160000, 0, '2N6L113ao7D9aDLzxQJGVfuDcoujwUpUuaY', '', NULL, '0', NULL, '0', '2018-04-04 18:05:08', '2018-04-04 18:05:08', NULL),
(103, 'chandu2013pal@gmail.com', 201803302, 'paymentbox', '', '25', '', 'BitCoin', 0.12000000, 850.46400000, 0, '2NGWbzvkCWUxRMnbcUpBxwpHxAbW6aKrUfA', '', NULL, '0', NULL, '0', '2018-04-04 18:05:56', '2018-04-04 18:05:56', NULL),
(104, 'chandu2013pal@gmail.com', 201803302, 'paymentbox', '', '25', '', 'BitCoin', 0.12000000, 850.46400000, 0, '2Msbrqger2zJqAQvYMzinmDVzgYh4shePXF', '', NULL, '0', NULL, '0', '2018-04-04 18:09:14', '2018-04-04 18:09:14', NULL),
(105, 'chandu2013pal@gmail.com', 201803302, 'paymentbox', '', '25', '', 'BitCoin', 0.12000000, 847.87440000, 0, '2NEo42qGeadSuWc15ppZjEZbVhZtGbzJw7j', '', NULL, '0', NULL, '0', '2018-04-04 18:15:38', '2018-04-04 18:15:38', NULL),
(106, 'chandu2013pal@gmail.com', 201803302, 'paymentbox', '', '25', '', 'BitCoin', 0.12000000, 848.95800000, 0, '2NBdVYxC3mzeYgJ67gMGZ1nxL1SJS1N9eMs', '', NULL, '0', NULL, '0', '2018-04-04 18:16:43', '2018-04-04 18:16:43', NULL),
(107, 'chandu2013pal@gmail.com', 201803302, 'paymentbox', '', '25', '', 'BitCoin', 0.12000000, 850.67400000, 0, '2N39PMV7jA6c7BAZeksHuAF9BhqySYuxHs6', '', NULL, '0', NULL, '0', '2018-04-04 18:20:54', '2018-04-04 18:20:54', NULL),
(108, 'chandu2013pal@gmail.com', 201803302, 'paymentbox', '', '25', '', 'BitCoin', 0.12000000, 850.67400000, 0, '2MsQSMZQSmJp2CGieeLqNGmYc8YVbr15Mod', '892e6ca674caa0b8f66985e29ba3c5d11ace75573e1a8793decf7c9f38b12fd1', NULL, '1', NULL, '1', '2018-04-04 18:24:48', '2018-04-04 18:24:48', NULL),
(109, 'chandu2013pal@gmail.com', 201803302, 'paymentbox', '', '25', '', 'BitCoin', 0.12000000, 851.44080000, 0, '2N28j2dLz1RoHidAFLjSYxwjpZqqaAi8nN5', '4aa027fcda44824f2fab2aaac30a409976084b72c876d72f6e56f29a47991b5b', NULL, '1', NULL, '1', '2018-04-04 18:28:33', '2018-04-04 18:28:33', NULL),
(110, 'chandu2013pal@gmail.com', 201803302, 'paymentbox', '', '25', '', 'BitCoin', 0.12000000, 851.44080000, 0, '2MvsMxwG7bNFKFunceGfZkApWzF9mZ36hgG', '1430bedcdfdc043b810f1881e93c9e59bc1018e9fd38874ad96db76aca2ab7b9', NULL, '1', NULL, '1', '2018-04-04 18:30:23', '2018-04-04 18:30:23', NULL),
(111, 'chandu2013pal@gmail.com', 201803302, 'paymentbox', '', '25', '', 'BitCoin', 0.45000000, 3201.34500000, 0, '2N3KAYbL1iHeCksTZkpt8L4h2bFwpQ9KpPi', '40fc18c7a33268c54c1a40e1d2a6959deb14f9d3daa52cb85b2e1b8daa20ed42', NULL, '1', NULL, '1', '2018-04-04 18:33:02', '2018-04-04 18:33:02', NULL),
(112, 'chandu2013pal@gmail.com', 201803302, 'paymentbox', '', '25', '', 'BitCoin', 0.34000000, 2418.79400000, 0, '2MxtyBFZqsNE1GAo4Bw8Pu4bGwokzikepnn', '05a061a09cfaef4634bc21022101711ddfa93d1e3385d56fbcfdb89579c14e59', NULL, '1', NULL, '1', '2018-04-04 18:34:59', '2018-04-04 18:34:59', NULL),
(113, 'chandu2013pal@gmail.com', 201803302, 'paymentbox', '', '25', '', 'BitCoin', 0.12000000, 854.31240000, 0, '2N25MHFAaG4CGJAJPAdYV8uvGHCepiAPZmp', '5a53afc22549d9c1723f2babb6cf01cdca3d1c39557b7b3c4f23b5292578b3c8', NULL, '1', NULL, '1', '2018-04-04 18:46:30', '2018-04-04 18:46:30', NULL),
(114, 'chandu2013pal@gmail.com', 201803302, 'paymentbox', '', '25', '', 'BitCoin', 0.12000000, 852.75600000, 0, '2NGV8yNX62UthxEvMYpHq7qG7yWLHfFaY5J', '875652dc7cd09e5ac0376d2e0562e4454ee6ffd15bc1ba65c6a6863b00f55c2f', NULL, '1', NULL, '1', '2018-04-04 19:37:03', '2018-04-04 19:37:03', NULL),
(115, 'chandu2013pal@gmail.com', 201803302, 'paymentbox', '', '25', '', 'BitCoin', 0.12000000, 816.88200000, 0, '2Mw58f2UrcKMHLSjEL11AJy9NF9RHTPp3Kt', '', NULL, '0', NULL, '0', '2018-04-05 16:21:13', '2018-04-05 16:21:13', NULL),
(116, 'chandu2013pal@gmail.com', 201803302, 'paymentbox', '', '25', '', 'BitCoin', 0.12000000, 803.40720000, 0, '2N3crZKU62vZnjJnV6JwTUiFLRSEaqqky63', '', NULL, '0', NULL, '0', '2018-04-06 11:59:17', '2018-04-06 11:59:17', NULL),
(117, 'chandu2013pal@gmail.com', 201803302, 'paymentbox', '', '25', '', 'BitCoin', 0.12000000, 792.47040000, 0, '2NFCAccET5npm1HRao11vkhaDnpi4VZ1s7R', 'efe34fddd0bf444754cafbfd6e134e70be7c9839597ac5b8762b55362d2eaee6', NULL, '1', NULL, '1', '2018-04-06 12:31:02', '2018-04-06 12:31:02', NULL),
(118, 'chandu2013pal@gmail.com', 201803302, 'paymentbox', '', '25', '', 'BitCoin', 0.12000000, 792.47040000, 0, '2NELszSrWBfC8s6PF8zKMuJGKXhmcdT3jCz', '1d34ee31358ecce5243df81742d6afdbffa241cd4ffdf36365e6b2f9c642642e', NULL, '1', NULL, '1', '2018-04-06 12:32:13', '2018-04-06 12:32:13', NULL),
(119, 'chandu2013pal@gmail.com', 201803302, 'paymentbox', '', '25', '', 'BitCoin', 0.12000000, 793.25520000, 0, '2NG1zMwaBhSgV9NZAX5Q9z9dyTuzsCubUBQ', '542a9d4c7c4ba948412a10dee5d031742e5c56473ccbefc4d500eec6773bf892', NULL, '1', NULL, '1', '2018-04-06 12:39:02', '2018-04-06 12:39:02', NULL),
(120, 'chandu2013pal@gmail.com', 201803302, 'paymentbox', '', '25', '', 'BitCoin', 0.22000000, 1461.37860000, 0, '2NBXGduD8q8F89LqdfLXZJHQq11PUwS66om', '348fdb47adbab6f2cdee2c2c8f116b3e1b621bae6c168dd80ae8dafa5511e6f6', NULL, '1', NULL, '1', '2018-04-06 12:48:59', '2018-04-06 12:48:59', NULL),
(121, 'chandu2013pal@gmail.com', 201803302, 'paymentbox', '', '25', '', 'LiteCoin', 0.12000000, 13.64412000, 0, 'muKr1jS4wLPTmAj7Fsjne4J9HskdG69G1w', '', NULL, '0', NULL, '0', '2018-04-06 15:45:52', '2018-04-06 15:45:52', NULL),
(122, 'chandu2013pal@gmail.com', 201803302, 'paymentbox', '', '25', '', 'BitCoin', 0.12000000, 793.54800000, 0, '2Mt58aA8JZjhgoj427XsHuRKoNV232ChsKB', '10caef1b5e3991f56d7d82713ef302ab4770e75865c794b8146d86ebd7d03fd4', NULL, '1', NULL, '1', '2018-04-06 16:13:05', '2018-04-06 16:13:05', NULL),
(123, 'chandu2013pal@gmail.com', 201803302, 'paymentbox', '', '25', '', 'BitCoin', 0.45000000, 2972.05650000, 0, '2N3LPPbBw6UHnDSQG5iUe194hnFvhg87MoP', '9833c47a57b437dcde11c7fa0a638f5da41fb25dcbd6bf909769412af07caed5', NULL, '1', NULL, '1', '2018-04-06 16:15:41', '2018-04-06 16:15:41', NULL),
(124, 'chandu2013pal@gmail.com', 201803302, 'paymentbox', '', '25', '', 'BitCoin', 0.12000000, 792.83160000, 0, '2N7g2VsxGQ7gwoUnvHniJaK3er4RdFBk4DK', '65901d220efeecacd86301561bac691ca566c73e18616929bd13534b83e30d31', NULL, '1', NULL, '1', '2018-04-06 16:24:47', '2018-04-06 16:24:47', NULL),
(125, 'chandu2013pal@gmail.com', 201803302, 'paymentbox', '', '25', '', 'BitCoin', 0.12000000, 793.55400000, 0, '2NEwUD9SESCyZTpQX82aNGS2sa5d6mgrD47', '7d75a48137d9d8994b1ca7e4d8b7a3d84c229c929fb7a292b64929c90a2f16a1', NULL, '1', NULL, '1', '2018-04-06 16:25:24', '2018-04-06 16:25:24', NULL),
(126, 'chandu2013pal@gmail.com', 201803302, 'paymentbox', '', '25', '', 'BitCoin', 0.45000000, 2979.39150000, 0, '2NAvsWqrPcvgb6mEzr3P9trznhcPFbm23XR', '8eef37a0f8fa72e60a54cf51c4614d41a5cb2eaffceade3036c31173439281b2', NULL, '1', NULL, '1', '2018-04-06 18:49:01', '2018-04-06 18:49:01', NULL),
(127, 'chandu2013pal@gmail.com', 201803302, 'paymentbox', '', '25', '', 'BitCoin', 0.12000000, 825.63480000, 0, '2Mx2moKKjMythGhBE57FjgAmiqiVerGByEM', '', NULL, '0', NULL, '0', '2018-04-07 17:41:35', '2018-04-07 17:41:35', NULL),
(128, 'chandu2013pal@gmail.com', 201803302, 'paymentbox', '', '25', '', 'LiteCoin', 0.12000000, 14.12748000, 0, 'moq5TyacTos9eRFkEXjPNfhj9CNtGoq2oX', '', NULL, '0', NULL, '0', '2018-04-07 17:42:01', '2018-04-07 17:42:01', NULL),
(129, 'chandu2013pal@gmail.com', 201803302, 'paymentbox', '', '25', '', 'DogeCoin', 0.12000000, 0.00033562, 0, 'npJmPeCLD2b5gLmA5NsxHh5YtBD8cG6sXf', '', NULL, '0', NULL, '0', '2018-04-07 17:42:19', '2018-04-07 17:42:19', NULL),
(130, 'chandu2013pal@gmail.com', 0, 'paymentbox', '', '', '', 'currency', 0.05000000, 0.00000000, 0, 'miUrstpyCFU4UHLbcMWGMxgbB7BMb3AP4W', '', NULL, '0', NULL, '0', '2018-04-09 11:33:27', '2018-04-09 11:33:27', NULL),
(131, 'chandu2013pal@gmail.com', 201803302, 'paymentbox', '', '25', '', 'BitCoin', 0.12000000, 856.45920000, 0, '2NFrMB7jXzffVt2dPYE52dnEcs8v6Ki9DNn', 'b690ba2bf24fe2d8f915d3334861127fe86ab37f75ff59e50df3e97b8cc121f0', NULL, '1', NULL, '1', '2018-04-09 11:37:17', '2018-04-09 11:37:17', NULL),
(132, 'chandu2013pal@gmail.com', 201803302, 'paymentbox', '', '25', '', 'BitCoin', 0.12000000, 856.45920000, 0, '2N2Xhcq5nwhWvrif7Tcw4h11V4HS3etLkHF', 'd41ca7ec6d071b5efc4b7168d141f602810bd177b45caf96068bef31f51a8b9b', NULL, '1', NULL, '1', '2018-04-09 11:40:04', '2018-04-09 11:40:04', NULL),
(133, 'chandu2013pal@gmail.com', 201803302, 'paymentbox', '', '25', '', 'BitCoin', 0.34000000, 2424.60120000, 0, '2N3vrqcsn4uu1VWEb2dQYX7xtYSjScJhviF', '8f1b67131c198b60078d3634eec382dd98260fd1e394dac07f619995cf362364', NULL, '1', NULL, '1', '2018-04-09 11:44:30', '2018-04-09 11:44:30', NULL),
(134, 'chandu2013pal@gmail.com', 0, 'paymentbox', '', '', '', 'BitCoin', 0.00000001, 0.00000000, 0, 'miUrstpyCFU4UHLbcMWGMxgbB7BMb3AP4W', '', NULL, '0', NULL, '0', '2018-04-09 11:50:17', '2018-04-09 11:50:17', NULL),
(136, 'chandu2013pal@gmail.com', 201803302, 'paymentbox', '', '25', '', 'BitCoin', 0.12000000, 854.64840000, 0, '2NBVPer1uKCMkzvSwXYrABmZGzaaUSRxDkb', '0e393efc0c6af2670842bf71cea304b0567cf75a6357c90c4b4ae6b52ff7561d', NULL, '1', NULL, '1', '2018-04-09 12:12:20', '2018-04-09 12:12:20', NULL),
(137, 'chandu2013pal@gmail.com', 201803302, 'paymentbox', '', '25', '', 'BitCoin', 0.12000000, 854.64840000, 0, '2NF5ZJUB8e6oGHjY9V1gsKJbibbhw7zfGYP', '6c9321fd18ffd9b13548ce8c9ecc915acb87a8c9a04505244537c808150acc56', NULL, '1', NULL, '1', '2018-04-09 12:14:46', '2018-04-09 12:14:46', NULL),
(138, 'chandu2013pal@gmail.com', 201803302, 'paymentbox', '', '25', '', 'BitCoin', 0.87000000, 6212.80050000, 0, '2MvHJd3z4eTwjpqAcKtgj53cZZwroXA8h46', '5a4c9a4933e75e246d317ab78aa5569e5949a9dd9884282a9f4b596c1d15245c', NULL, '1', NULL, '1', '2018-04-09 12:29:11', '2018-04-09 12:29:11', NULL),
(139, 'chandu2013pal@gmail.com', 201803302, 'paymentbox', '', '25', '', 'BitCoin', 0.56000000, 3997.10080000, 0, '2NEVr9nJPwockG9BcCvoHdmFT4eRCN8iAPQ', '8fdea96632c17b76b59f80aca64f94cae0205c68e6ac53dab7d6c97c584a7a1c', NULL, '1', NULL, '1', '2018-04-09 12:35:22', '2018-04-09 12:35:22', NULL),
(140, 'chandu2013pal@gmail.com', 201803302, 'paymentbox', '', '25', '', 'BitCoin', 0.12000000, 856.47960000, 0, '2MyxcoUSEvmqcMTA81AJsF1ySax4tUaPEXX', '2876f4ace21abff87cdfa35b7d9faf60dc93f54fa49865e3090325d5c6d6dc25', NULL, '1', NULL, '1', '2018-04-09 12:51:22', '2018-04-09 12:51:22', NULL),
(141, 'chandu2013pal@gmail.com', 201803302, 'paymentbox', '', '25', '', 'BitCoin', 0.12000000, 858.71400000, 0, '2N8j79Lsh7s7D2W9PLtsKgFLpLXxUJGubwM', '8ec8305c97daae1afbb6d99ae964bb7e15ada34f51f580260b2d85ca8786497b', NULL, '1', NULL, '1', '2018-04-09 14:22:29', '2018-04-09 14:22:29', NULL),
(142, 'chandu2013pal@gmail.com', 201803302, 'paymentbox', '', '25', '', 'BitCoin', 0.12000000, 807.94680000, 0, '2Mxwb7zooVNnqHisDXYrTZUm5eHy33JpbKv', 'c31207ca5be683af161f838890d26f53c2b3da35596cf535674e3ea64895a511', NULL, '1', NULL, '1', '2018-04-10 12:48:59', '2018-04-10 12:48:59', NULL),
(143, 'chandu2013pal@gmail.com', 201803302, 'paymentbox', '', '25', '', 'BitCoin', 0.12000000, 809.48280000, 0, '2N2zKKW3NX79a9VMLFsY9auTeEyAytyNvCj', 'b984b1f2a7f7e74f908adf7219db3c80429b341d9ee686706fea2b6061f2431c', NULL, '1', NULL, '1', '2018-04-10 12:53:35', '2018-04-10 12:53:35', NULL),
(144, 'chandu2013pal@gmail.com', 201803302, 'paymentbox', '', '25', '', 'BitCoin', 0.12000000, 809.83320000, 0, 'mpXL8cznyt8u1PioFWmCWPHyaCGjAUij1B', '4111494a0097dfe3988705f66ab93d008dae0bf8706eac70190b3fe1701dbe5f', NULL, '1', NULL, '1', '2018-04-10 10:28:25', '2018-04-10 10:28:25', NULL),
(145, 'shashank@bloque.in', 201804107, 'paymentbox', '', '24', '', 'BitCoin', 0.11000000, 742.34710000, 0, 'msbokFSdkPogF7JEztkLer3ehbQoQaLFfj', '88166e6e597023a13858becf4df34f0a40a886207e71cffd3bce1209334a566d', NULL, '1', NULL, '1', '2018-04-10 10:29:28', '2018-04-10 10:29:28', NULL),
(146, 'chandu2013pal@gmail.com', 201803302, 'paymentbox', '', '25', '', 'BitCoin', 0.12000000, 967.09560000, 0, 'myFYrgTidj6xQX4pWsoDNLY4NonrXwqbvz', '', NULL, '0', NULL, '0', '2018-04-16 12:33:22', '2018-04-16 12:33:22', NULL),
(147, 'chandu2013pal@gmail.com', 201803302, 'paymentbox', '', '25', '', 'BitCoin', 0.00100000, 8.13000000, 0, 'mrjJVkCBa3dRR5a7dQ74mch9FZsCJ9JpzU', 'a49d893d9a26f5df594925c10a710742ea2e035357bf4aecddf7d9daaeb18822', NULL, '1', NULL, '1', '2018-04-17 08:36:33', '2018-04-17 08:36:33', NULL),
(148, 'chandu2013pal@gmail.com', 201803302, 'paymentbox', '', '25', '', 'BitCoin', 0.12000000, 970.64760000, 0, 'n3KaBGW6kXbBCDTAfo2N5mXBbEGCvqWFrb', '', NULL, '0', NULL, '0', '2018-04-17 11:09:07', '2018-04-17 11:09:07', 'chandra.getwebsoftware@gmail.com'),
(149, 'chandu2013pal@gmail.com ', 201803302, 'paymentbox', '', '25', '', 'BitCoin', 0.00100000, 8.08702000, 0, 'mjbsomaDrW6SSfpxVS8X6WXzduMywmdTjP', '5c84605da23350046e4db88ddae3ce8eee1c1a4e400c010a5dd4b01a97ee4807', NULL, '1', NULL, '1', '2018-04-17 11:15:56', '2018-04-17 11:15:56', 'chandra.getwebsoftware@gmail.com'),
(150, 'chandu2013pal@gmail.com ', 201803302, 'paymentbox', '', '25', '', 'BitCoin', 0.12000000, 972.73800000, 0, 'mzHY95xWEpZJqjXpJGtcid7v783L82YfTL', 'e29f7ce2d5772396b159438800b98cb6379cd635d8643f710570dbbcda30c43f', NULL, '1', NULL, '1', '2018-04-17 11:27:11', '2018-04-17 11:27:11', 'chandra.getwebsoftware@gmail.com'),
(151, 'chandu2013pal@gmail.com ', 201803302, 'paymentbox', '', '25', '', 'BitCoin', 0.25000000, 2023.18250000, 0, 'mgDkjYbFEdiPw3Lp933QdPFVyGqmeFe7p9', '813a14222b1e3e373a2165fb6e954b0c7cfb70633226d89f061b4d358f5a2036', NULL, '1', NULL, '1', '2018-04-17 11:31:35', '2018-04-17 11:31:35', 'chandra.getwebsoftware@gmail.com'),
(152, 'chandu2013pal@gmail.com ', 201803302, 'paymentbox', '', '25', '', 'BitCoin', 0.25000000, 2023.02000000, 0, 'mqDPFoepqG4aaWyPs4PsYUUFki1NVEsitg', '29c81dbd7b7a3343f517024c06131f102b81b35871373c8622baef3232ef000e', NULL, '1', NULL, '1', '2018-04-17 11:35:51', '2018-04-17 11:35:51', 'chandra.getwebsoftware@gmail.com'),
(153, 'chandu2013pal@gmail.com', 201803302, 'paymentbox', '', '25', '', 'BitCoin', 259.00000000, 2106628.30000000, 0, 'mwxe5TAYacAVv8ZVJCwdms3Xu5UGm99ot9', '', NULL, '0', NULL, '0', '2018-04-17 12:22:18', '2018-04-17 12:22:18', 'chandra.getwebsoftware@gmail.com'),
(154, 'chandu2013pal@gmail.com', 201803302, 'paymentbox', '', '25', '', 'BitCoin', 259.00000000, 2106628.30000000, 0, 'mhGixiYssgNuuTCJLBnAt2wa3pWneHwLHC', '', NULL, '0', NULL, '0', '2018-04-17 12:24:22', '2018-04-17 12:24:22', 'cddzd@gmail.com'),
(155, 'chandu2013pal@gmail.com', 201803302, 'paymentbox', '', '25', '', 'BitCoin', 259.00000000, 2106628.30000000, 0, 'mijbdHYFgkGxtftrDNmufir9CkFNSej81Q', '', NULL, '0', NULL, '0', '2018-04-17 12:25:41', '2018-04-17 12:25:41', 'fdfdsz@gmail.com'),
(156, 'demo@paycrypt.com', 2018041714, 'paymentbox', '', '79', '', 'BitCoin', 0.03198600, 259.00000000, 0, 'mup9N2SSQiArCJSAmD25RoQGxVDwd2fFmt', '', NULL, '0', NULL, '0', '2018-04-17 13:25:05', '2018-04-17 13:25:05', 'sfasfasfa@gmail.com'),
(157, 'demo@paycrypt.com', 2018041714, 'paymentbox', '', '79', '', 'BitCoin', 0.03198600, 259.00000000, 0, 'muaSai7VZfh11HEbQ3ZimxsRjjNvyXu96C', '', NULL, '0', NULL, '0', '2018-04-17 13:25:28', '2018-04-17 13:25:28', 'sfasfasfa@gmail.com'),
(158, 'demo@paycrypt.com', 2018041714, 'paymentbox', '', '79', '', 'BitCoin', 0.03198600, 259.00000000, 0, 'mpjTLvtcRfmF5qbFP4SG37F86fFna84V2L', '', NULL, '0', NULL, '0', '2018-04-17 13:25:37', '2018-04-17 13:25:37', 'sfasfasfa@gmail.com'),
(159, 'demo@paycrypt.com', 2018041714, 'paymentbox', '', '79', '', 'BitCoin', 0.03199400, 259.00000000, 0, 'musWmKxnuH2VFSbxGh2jAomijVtwRneq9K', '', NULL, '0', NULL, '0', '2018-04-18 09:51:39', '2018-04-18 09:51:39', 'chandra.getwebsoftware@gmail.com'),
(160, 'demo@paycrypt.com', 2018041714, 'paymentbox', '', '79', '', 'BitCoin', 0.03154100, 259.00000000, 0, 'ms8PRMXXLk3MHXDoHi1uK9Pxnoc5yyrkrR', '', NULL, '0', NULL, '0', '2018-04-19 11:47:36', '2018-04-19 11:47:36', 'chandra.getwebsoftware@gmail.com'),
(161, 'demo@paycrypt.com', 2018041714, 'paymentbox', '', '79', '', 'BitCoin', 0.03154100, 259.00000000, 0, 'ms9Za5rc7cijPUREcLHwtvbBotaV8vNv23', '', NULL, '0', NULL, '0', '2018-04-19 11:48:46', '2018-04-19 11:48:46', 'chandra.getwebsoftware@gmail.com'),
(162, 'demo@paycrypt.com ', 2018041714, 'paymentbox', '', '79', '', 'BitCoin', 0.03157500, 259.00000000, 0, 'mvpqc2Bzz7FtowpsvgerGzxkMGrF4a4siw', '9d241f4bec68bd6becdca26ef196ac6e3bb8c148fe11a708194f0629681d9aa7', NULL, '1', NULL, '1', '2018-04-19 11:53:31', '2018-04-19 11:53:31', 'chandra.getwebsoftware@gmail.com'),
(163, 'demo@paycrypt.com', 2018041714, 'paymentbox', '', '79', '', 'BitCoin', 0.03146800, 259.00000000, 0, 'mtmMm6e2K2LEExGkhLMYRW3gbRmNQ7HVDK', '', NULL, '0', NULL, '0', '2018-04-19 13:36:11', '2018-04-19 13:36:11', 'chandra.getwebsoftware@gmail.com'),
(164, 'demo@paycrypt.com ', 2018041714, 'paymentbox', '', '79', '', 'BitCoin', 0.03146800, 259.00000000, 0, 'mzoZromu7FuxfgaJ83einFiPhErzzqHPAE', 'd425905f7dfb8c28995363e1ba706146036620c1b681e2dbade7f28f889f4d7d', NULL, '1', NULL, '1', '2018-04-19 13:37:55', '2018-04-19 13:37:55', 'eererwe'),
(165, 'demo@paycrypt.com', 2018041714, 'paymentbox', '', '79', '', 'BitCoin', 0.03142900, 259.00000000, 0, 'n3m1tGHXNGHFWtB9HQXwR1EjnDLXF6Snn5', '', NULL, '0', NULL, '0', '2018-04-19 13:41:17', '2018-04-19 13:41:17', 'eererwe'),
(166, 'demo@paycrypt.com ', 2018041714, 'paymentbox', '', '79', '', 'BitCoin', 0.03137900, 259.00000000, 0, 'mipvrqaGHiLbMtqkWd5axJBACdcW1CzMNa', '5e9cd485eb96efd8223535058e235e574c828c6ef6f8c1a8e04cc9e65053985b', NULL, '1', NULL, '1', '2018-04-19 16:58:10', '2018-04-19 16:58:10', 'chandra@gmail.com'),
(167, 'demo@paycrypt.com', 2018041714, 'paymentbox', '', '79', '', 'BitCoin', 0.03139200, 259.00000000, 0, 'miNm1ib31cvWusdACij3CMFjXeRHSuG6mJ', '', NULL, '0', NULL, '0', '2018-04-19 17:07:41', '2018-04-19 17:07:41', 'chandra@gmail.com'),
(168, 'demo@paycrypt.com ', 2018041714, 'paymentbox', '', '79', '', 'BitCoin', 0.03139200, 259.00000000, 0, 'mmyQoSzC2ttMSrqp62QFn99ZDtwnXS22FR', 'e169d20535ee926861041b5e828fc1348fa8d156b2931190ce3677c589b434a7', NULL, '1', NULL, '1', '2018-04-19 17:09:09', '2018-04-19 17:09:09', 'chandra.getwebsoftware@gmail.com'),
(169, 'demo@paycrypt.com ', 2018041714, 'paymentbox', '', '79', '', 'BitCoin', 0.03105400, 259.00000000, 0, 'mgTSKaucs8L37vu27s9nByvPum2g46WUeJ', '73aa8ce25737af208da45e92c8aaf758235d66cfd191d0b9f2098658f70a81a7', NULL, '1', NULL, '1', '2018-04-20 08:25:46', '2018-04-20 08:25:46', 'chandra.getwebsoftware@gmail.com'),
(170, 'demo@paycrypt.com ', 2018041714, 'paymentbox', '', '79', '', 'BitCoin', 0.03115400, 259.00000000, 0, 'msfic8H6hCcd4FJTeEz1HKcKFrULzWHEDG', 'c06ede58a7fd184bf26afbac7b8b024e335ffa39a676c06139d8ba644baf0892', NULL, '1', NULL, '1', '2018-04-20 09:57:12', '2018-04-20 09:57:12', 'chandra.getwebsoftware@gmail.com'),
(171, 'demo@paycrypt.com', 2018041714, 'paymentbox', '', '79', '', 'BitCoin', 0.03043800, 259.00000000, 0, 'mhV1iHDkzBRRnTeDWMJWr9QzEdX2S6sKhW', '', NULL, '0', NULL, '0', '2018-04-20 11:27:25', '2018-04-20 11:27:25', 'chandra.getwebsoftware@gmail.com'),
(172, 'demo@paycrypt.com ', 2018041714, 'paymentbox', '', '79', '', 'BitCoin', 0.03043000, 259.00000000, 0, 'mtaPWnYEy1RThsts62ydGhVyAeUfvS2W7E', '63167087421d025afbdb04e293aa614e12a347be3944c0c3ccb62a84d2bacb40', NULL, '1', NULL, '1', '2018-04-20 11:45:43', '2018-04-20 11:45:43', 'chandra.getwebsoftware@gmail.com'),
(173, 'demo@paycrypt.com ', 2018041714, 'paymentbox', '', '79', '', 'BitCoin', 0.03047300, 259.00000000, 0, 'n2oKjEWwqZcPerRzgxbad1EDUvS2wDT1in', '95df8a176a21f413f71d9b3ba50c04c321a623776964fc81a39ca91b67ce01b0', NULL, '1', NULL, '1', '2018-04-20 11:50:40', '2018-04-20 11:50:40', 'chandra.getwebsoftware@gmail.com'),
(174, 'demo@paycrypt.com', 2018041714, 'paymentbox', '', '79', '', 'BitCoin', 0.03045200, 259.00000000, 0, 'mvEra6s3NU5xKFDCei5j5CApAJzBTe8cMU', '', NULL, '0', NULL, '0', '2018-04-20 11:58:30', '2018-04-20 11:58:30', 'chandra.getwebsoftware@gmail.com'),
(175, 'demo@paycrypt.com ', 2018041714, 'paymentbox', '', '79', '', 'BitCoin', 0.03044300, 259.00000000, 0, 'n4jZ53C8yrtfjdicWMmeVH9h4ErsytpzBV', '24b88198424708ae7e94a44941e0f5a3f8e4a861050d41792004212776775a10', NULL, '1', NULL, '1', '2018-04-20 12:02:24', '2018-04-20 12:02:24', 'chandra.getwebsoftware@gmail.com'),
(176, 'demo@paycrypt.com ', 2018041714, 'paymentbox', '', '79', '', 'BitCoin', 0.03047300, 259.00000000, 0, 'myNbNvqrdZTohWSbk5rHoqmNggmgdsm69N', '8de4ba8f523a94121bb203ecb8859b1efb9d4a8596d9a4a3165516cd75510fc1', NULL, '1', NULL, '1', '2018-04-20 16:56:59', '2018-04-20 16:56:59', 'chandra.getwebsoftware@gmail.com'),
(177, 'demo@paycrypt.com ', 2018041714, 'paymentbox', '', '79', '', 'BitCoin', 0.02908100, 259.00000000, 0, 'miiPH4zAS6Kbn3PaERoW22b4zoZXYr86P4', 'db5c6f6e2ba512ce52f2bae92055693c808ed8f7aa37a8bb07a188be03d0a178', NULL, '1', NULL, '1', '2018-04-21 06:34:11', '2018-04-21 06:34:11', 'chandra.getwebsoftware@gmail.com'),
(178, 'demo@paycrypt.com ', 2018041714, 'paymentbox', '', '79', '', 'BitCoin', 0.02906700, 259.00000000, 0, 'mmNrozYZk18HgTT8jhMCDgtb3d3cxSgfdT', '71fcf4ba1ca6541d1e5d3f99150fea94d341858d4d1663f95792cdfaf032734f', NULL, '1', NULL, '1', '2018-04-21 06:43:16', '2018-04-21 06:43:16', 'chandra.getwebsoftware@gmail.com'),
(179, 'demo@paycrypt.com', 2018041714, 'paymentbox', '', '79', '', 'BitCoin', 0.02906700, 259.00000000, 0, 'mt8b832bxuYaqak8QzGXhuEpcuPcBAoSeo', '', NULL, '0', NULL, '0', '2018-04-21 06:44:23', '2018-04-21 06:44:23', 'chandra.getwebsoftware@gmail.com'),
(180, 'demo@paycrypt.com ', 2018041714, 'paymentbox', '', '79', '', 'BitCoin', 0.02905600, 259.00000000, 0, 'mwef8d1b83jfCXVAb9Jap28w31ydjS2Msk', 'cf3715df126f59f1fc27d7c7d7f8cfdc7794ba4524b75d0a1d6d424c920c201d', NULL, '1', NULL, '1', '2018-04-21 06:50:48', '2018-04-21 06:50:48', 'chandra.getwebsoftware@gmail.com'),
(181, 'demo@paycrypt.com', 2018041714, 'paymentbox', '', '79', '', 'BitCoin', 0.02903000, 259.00000000, 0, 'mzbhx9Eq8NJZc3difqVjckAX4qN6EQH37T', '', NULL, '0', NULL, '0', '2018-04-21 06:52:04', '2018-04-21 06:52:04', 'chandra.getwebsoftyware@gmail.com'),
(182, 'demo@paycrypt.com', 2018041714, 'paymentbox', '', '79', '', 'BitCoin', 0.02878600, 259.00000000, 0, 'mmw89riqYMZsaskXXkAzHP8uptZ3ffaWGc', '', NULL, '0', NULL, '0', '2018-04-21 07:40:27', '2018-04-21 07:40:27', 'chandra.getwebsoftware@gmail.com'),
(183, 'demo@paycrypt.com ', 2018041714, 'paymentbox', '', '79', '', 'BitCoin', 0.02964100, 259.00000000, 0, 'mn7V7vymTwi6qrtGZX6BodoJ8kkjDnCa9A', '40583124d36116f8bd93f3aa7a25b456e6f5cfdb0ae554f3c1dff81aca0a8f7a', NULL, '1', NULL, '1', '2018-04-21 10:12:57', '2018-04-21 10:12:57', 'chandra.getwebsoftware@gmail.com'),
(184, 'demo@paycrypt.com ', 2018041714, 'paymentbox', '', '79', '', 'BitCoin', 0.02961800, 259.00000000, 0, 'mfz5BaWtAnSG7k4YBjabR7k4bbdSRBn4iF', '11ba6ea9926b681d9dfa2e15f98f7f77436f36d3483f8d739266ea5ef2bdb3df', NULL, '1', NULL, '1', '2018-04-21 10:26:06', '2018-04-21 10:26:06', 'chandra.getwebsoftware@gmail.com'),
(185, 'demo@paycrypt.com', 2018041714, 'paymentbox', '', '79', '', 'BitCoin', 0.02958900, 259.00000000, 0, 'n3T8jQNP79GRCahqbX8N5FpZXUtMCnnojP', '', NULL, '0', NULL, '0', '2018-04-21 10:33:50', '2018-04-21 10:33:50', 'chandra.getwebsoftware@gmail.com'),
(186, 'demo@paycrypt.com', 2018041714, 'paymentbox', '', '79', '', 'BitCoin', 0.02958900, 259.00000000, 0, 'moDXoYSDHRAr1Jw3etqBXGb4odPHPtzw9A', '', NULL, '0', NULL, '0', '2018-04-21 10:35:12', '2018-04-21 10:35:12', 'chandra.getwebsoftware@gmail.com'),
(187, 'demo@paycrypt.com ', 2018041714, 'paymentbox', '', '79', '', 'BitCoin', 0.02958600, 259.00000000, 0, 'moRXdZ8ouyP3bmsWZY3mje5tuQ4qxCQaxR', '9a104041c372a314d7dcbd2636d38597c0132f4bb3d1c8c92efccc636aef70a2', NULL, '1', NULL, '1', '2018-04-21 10:38:40', '2018-04-21 10:38:40', 'chandra.getwebsoftware@gmail.com'),
(188, 'demo@paycrypt.com ', 2018041714, 'paymentbox', '', '79', '', 'BitCoin', 0.02965200, 259.00000000, 0, 'mrAn5AowE4cSq9mjjgrAaaaXVpWefvNvGn', '87ef4fe08b4a283b9c9400acf9a4947096acaa216391d21dd77cf65b031320c3', NULL, '1', NULL, '1', '2018-04-21 10:54:51', '2018-04-21 10:54:51', 'chandra.getwebsoftware@gmail.com'),
(189, 'demo@paycrypt.com ', 2018041714, 'paymentbox', '', '79', '', 'BitCoin', 0.02918100, 259.00000000, 0, 'mq8b1uH7ULjP7ZdR2zDJQ5vFtxDwCWDerH', '497c831e0f807a4ff0f7f1d7e803401050db768b5d91b5947e56a724f89e32af', NULL, '1', NULL, '1', '2018-04-23 09:42:00', '2018-04-23 09:42:00', 'chandra.getwebsoftware@gmail.com'),
(190, 'demo@paycrypt.com', 2018041714, 'paymentbox', '', '79', '', 'BitCoin_te', 0.02911600, 259.00000000, 0, 'mjBMKiWZXUUBJDeufTnhCvYXVWzuHzserb', '', NULL, '0', NULL, '0', '2018-04-23 10:12:30', '2018-04-23 10:12:30', 'chandra.getwebsoftware@gmail.com'),
(191, 'demo@paycrypt.com', 2018041714, 'paymentbox', '', '79', '', 'BitCoin', 0.02909200, 259.00000000, 0, 'msbYPQZkbDyiNEw5YoCyKs1QJuYE2pe6VF', '', NULL, '0', NULL, '0', '2018-04-23 11:05:50', '2018-04-23 11:05:50', 'chandra.getwebsoftware@gmail.com'),
(192, 'demo@paycrypt.com', 2018041714, 'paymentbox', '', '79', '', 'BitCoin', 0.02909200, 259.00000000, 0, 'mgXofFYHTCaAeKzvw2fQ8jff8exAsijYb3', '', NULL, '0', NULL, '0', '2018-04-23 11:08:35', '2018-04-23 11:08:35', 'chandra.getwebsoftware@gmail.com'),
(193, 'demo@paycrypt.com ', 2018041714, 'paymentbox', '', '79', '', 'BitCoin', 0.02909600, 259.00000000, 0, 'mkY2NGX1VdhGUEDbMU88r856YMkNkAVSr2', 'a41ee371fd8e76e4cdad4c72baeae610b334e6328f0b68130c32795086f345dd', NULL, '1', NULL, '1', '2018-04-23 11:12:33', '2018-04-23 11:12:33', 'chandra.getwebsoftware@gmail.com'),
(194, 'demo@paycrypt.com ', 2018041714, 'paymentbox', '', '79', '', 'BitCoin', 0.02909100, 259.00000000, 0, 'mwCEHrVTrwMQtTYLf7NupwwzxZnajbyvuK', '26bb1e9e2b2a85baa990c9455eeba7bf8fd69594c201d9e35b88f2275ca825b8', NULL, '1', NULL, '1', '2018-04-23 11:20:31', '2018-04-23 11:20:31', 'chandra.getwebsoftware@gmail.com'),
(195, 'demo@paycrypt.com ', 2018041714, 'paymentbox', '', '79', '', 'BitCoin', 0.02910300, 259.00000000, 0, 'mswMas9SppyyiVNxmNvTgFbzFhyYCdqEHY', '006dcdde40f00f33210110d4c00b202a84b93273bd52d6a85e144b9f885ef2b1', NULL, '1', NULL, '1', '2018-04-23 11:30:13', '2018-04-23 11:30:13', 'chandra.getwebsoftware@gmail.com'),
(196, 'demo@paycrypt.com ', 2018041714, 'paymentbox', '', '79', '', 'BitCoin', 0.02807000, 259.00000000, 0, 'mzRk3dyZDETxjpBZVgJoDgXGiLx6mbLn82', '935845eef57510055827cfd2b3fb6fb154aad42b58b3b409d497df75abf5a337', NULL, '1', NULL, '1', '2018-04-24 08:23:23', '2018-04-24 08:23:23', 'chandra.getwebsoftware@gmail.com'),
(197, 'demo@paycrypt.com ', 2018041714, 'paymentbox', '', '79', '', 'BitCoin', 0.02805400, 259.00000000, 0, 'mumYtujhsZVySFY4kQJbQcyyNJjoL6FdTe', 'f4199dc32cdbc17dabae659ae6ace23429a97da485680fb36c4c7fbdf23f2933', NULL, '1', NULL, '1', '2018-04-24 08:28:59', '2018-04-24 08:28:59', 'chandra.getwebsoftware@gmail.com'),
(198, 'demo@paycrypt.com ', 2018041714, 'paymentbox', '', '79', '', 'BitCoin', 0.02839800, 259.00000000, 0, 'n1d8Ko3aZ5F4M2yyd4v8fvzC9URcPtHv4D', 'c20843a4ba4260f06e421e2edbb40a608838cdec19479c790981fd5a088fd918', NULL, '1', NULL, '1', '2018-05-02 06:51:35', '2018-05-02 06:51:35', 'chandra.getwebsoftware@gmail.com'),
(199, 'demo@paycrypt.com', 2018041714, 'paymentbox', '', '79', '', 'BitCoin', 0.02831000, 259.00000000, 0, 'mjGv8NjnFnMhyieAGcfMQKbAG89HcCqQsK', '', NULL, '0', NULL, '0', '2018-05-02 06:56:59', '2018-05-02 06:56:59', 'chandra.getwebsoftware@gmail.com');
INSERT INTO `crypto_payments` (`paymentID`, `email`, `boxID`, `boxType`, `orderID`, `userID`, `countryID`, `coinLabel`, `amount`, `amountUSD`, `unrecognised`, `addr`, `txID`, `txDate`, `txConfirmed`, `txCheckDate`, `processed`, `processedDate`, `recordCreated`, `client_email`) VALUES
(200, 'demo@paycrypt.com ', 2018041714, 'paymentbox', '', '79', '', 'BitCoin', 0.02817600, 259.00000000, 0, 'mqvDBBb5tpToMbKpnRcBFzcLWqw1JG2STZ', '0774a27ed7c149ca26210dfd27e8c5a0df4c955956a63911f10050364dbc83b8', NULL, '1', NULL, '1', '2018-05-03 10:04:57', '2018-05-03 10:04:57', 'chandra.getwebsoftware@gmail.com'),
(201, 'demo@paycrypt.com ', 2018041714, 'paymentbox', '', '79', '', 'BitCoin', 0.02811800, 259.00000000, 0, 'mwBFnr6HQ2yzgSccQgdLss7popoDQCUPfS', '7b2574d6a5985b00b37c736e0341adabca1ed9d5767890e96cdb39bd06b660b7', NULL, '1', NULL, '1', '2018-05-03 10:12:27', '2018-05-03 10:12:27', 'chandra.getwebsoftware@gmail.com'),
(202, 'demo@paycrypt.com', 2018041714, 'paymentbox', '', '79', '', 'BitCoin', 0.02810900, 259.00000000, 0, 'mpSeebKJBu1GP8Noyq5AzNDJQQCVptctFo', '', NULL, '0', NULL, '0', '2018-05-03 11:34:33', '2018-05-03 11:34:33', 'chandra.getwebsoftware@gmail.com'),
(203, 'demo@paycrypt.com', 2018041714, 'paymentbox', '', '79', '', 'BitCoin', 0.02814400, 259.00000000, 0, 'mxEEaojhwL9BKJbfE1bhY3os9kt53DqF22', '', NULL, '0', NULL, '0', '2018-05-03 11:45:05', '2018-05-03 11:45:05', 'chandra.getwebsoftware@gmail.com'),
(204, 'demo@paycrypt.com', 2018041714, 'paymentbox', '', '79', '', 'BitCoin', 0.02814300, 259.00000000, 0, 'moZVdj23yvej3bcyAa1vHJ3Nnxs8z45z3L', '', NULL, '0', NULL, '0', '2018-05-03 12:23:45', '2018-05-03 12:23:45', 'chandra.getwebsoftware@gmail.com'),
(205, 'demo@paycrypt.com ', 2018041714, 'paymentbox', '', '79', '', 'BitCoin', 0.02802900, 259.00000000, 0, 'mqrWWQyzgRsYhgAc3ywrFLq9iFPrgysTVV', 'c339753619f1eea54a1e2d65946e10fdc9903c90293e51364ef6333543aab908', NULL, '1', NULL, '1', '2018-05-03 12:31:39', '2018-05-03 12:31:39', 'chandra.getwebsoftware@gmail.com'),
(206, 'demo@paycrypt.com ', 2018041714, 'paymentbox', '', '79', '', 'BitCoin', 0.02803300, 259.00000000, 0, 'mmzGJfAc1wyeEcY7zupuuddj7eaKCbcHif', 'fa379fdc68e57831d9e0e71475a03acec1a67e8b2474f98500d9fe519077dce4', NULL, '1', NULL, '1', '2018-05-03 12:36:49', '2018-05-03 12:36:49', 'chandu2013pal@gmail.com'),
(207, 'demo@paycrypt.com ', 2018041714, 'paymentbox', '', '79', '', 'BitCoin', 0.02794400, 259.00000000, 0, 'mwa29jXgiePGtfakWq9Z4rTY9CKs8eznDB', '852fd1f77e7c22b0c97f00a98c7ce0925fc641ae04b59a2d5cf6ef9c8f1d7cbe', NULL, '1', NULL, '1', '2018-05-03 12:46:11', '2018-05-03 12:46:11', 'shikhabahal25@gmail.com'),
(208, 'shikhabahal25@gmail.com ', 2018050316, 'paymentbox', '', '33', '', 'BitCoin', 0.02693800, 259.00000000, 0, 'mj4sS4RYyTtNUdJNrQFiMsQjJpFo9pc5Rh', '4724c52fb8282f41da88d3c4de2689436dcae5051e23d878b51be6d5a1d83c96', NULL, '1', NULL, '1', '2018-05-04 05:58:24', '2018-05-04 05:58:24', 'chandra.getwebsoftware@gmail.com'),
(209, 'shikhabahal25@gmail.com ', 2018050316, 'paymentbox', '', '33', '', 'BitCoin', 0.02691100, 259.00000000, 0, 'muSbGMKNAbJHLqHVoW9mFghDZrEimzxPfe', '55fdd66ad9f569d060619b38954594db377de8dce55e56a65cb5432fbfb5660c', NULL, '1', NULL, '1', '2018-05-04 06:38:35', '2018-05-04 06:38:35', 'shikhabahal25@gmail.com'),
(210, 'shikhabahal25@gmail.com ', 2018050316, 'paymentbox', '', '33', '', 'BitCoin', 0.02680000, 259.00000000, 0, 'mikdowSvbah9Wc79GdXrwvQzBTFiCBmGpM', '20532e760f478139cc6b55db2eb6ff8f12160cdc7331293162f8e9f1b93e5a14', NULL, '1', NULL, '1', '2018-05-04 06:57:30', '2018-05-04 06:57:30', 'shikhabahal25@gmail.com'),
(211, 'shikhabahal25@gmail.com ', 2018050316, 'paymentbox', '', '33', '', 'BitCoin', 0.02673900, 259.00000000, 0, 'n3MBLpezg9pri1NjthHn5LpMQktVTLs9eC', 'a718a7c62212277069ffd8ce61a0c042399ab50013b3ed198d1b5a8e8ee2b3c9', NULL, '1', NULL, '1', '2018-05-04 07:24:33', '2018-05-04 07:24:33', 'shikhabahal25@gmail.com'),
(212, 'b.shikha@blockon.tech', 2018050418, 'paymentbox', '', '83', '', 'BitCoin', 0.00001200, 0.12000000, 0, 'miuGhfhPokErDBTAhjMBiUbeCDgxzYvBva', '', NULL, '0', NULL, '0', '2018-05-04 12:19:15', '2018-05-04 12:19:15', 'shikhabahal25@gmail.com'),
(213, 'b.shikha@blockon.tech ', 2018050418, 'paymentbox', '', '83', '', 'BitCoin', 0.02624900, 256.00000000, 0, 'mkZwNhybaDN1EeUxQh35QEoLC5TfMUMx6k', '39490803c77ae0fe372401b5743f2af8da4c943c5ca50e75acc6e9f83f83819b', NULL, '1', NULL, '1', '2018-05-04 12:20:26', '2018-05-04 12:20:26', 'shikhabahal25@gmail.com'),
(214, 'shikhabahal25@gmail.com ', 2018050316, 'paymentbox', '', '33', '', 'BitCoin', 0.00001200, 0.12000000, 0, 'mnzQmX8WVsNd9MY7NJntu5v6UpFDcJxJ27', '078b7248d4930931b63b80081616ce1b5ac8782af7e1879f4941ef58059d6b8b', NULL, '1', NULL, '1', '2018-05-04 12:40:59', '2018-05-04 12:40:59', 'shikhabahal25@gmail.com'),
(215, 'b.shikha@blockon.tech ', 2018050418, 'paymentbox', '', '83', '', 'BitCoin', 0.02629800, 256.00000000, 0, 'mig5jGMQmr6wwu7516GVBEXsfcWyPX4NZg', '6e77507bbf9a61d795323a09c7490f84d8b84048ca5a2f33c5f007d1e0fcf353', NULL, '1', NULL, '1', '2018-05-04 12:43:11', '2018-05-04 12:43:11', 'shikhabahal25@gmail.com'),
(216, 'shikhabahal25@gmail.com ', 2018050316, 'paymentbox', '', '33', '', 'BitCoin', 0.02630800, 256.00000000, 0, 'moyMEQQvANEgdT8C5k1yvWCaXr4r12w69j', '839ba8754ef106fe2b259f700366e37f277bb3332d87db9f3e880064259f93f1', NULL, '1', NULL, '1', '2018-05-04 12:45:32', '2018-05-04 12:45:32', 'shikhabahal25@gmail.com'),
(217, 'shikhabahal25@gmail.com ', 2018050316, 'paymentbox', '', '33', '', 'BitCoin', 0.01264000, 123.00000000, 0, 'moYZwU31KMRtSfEwg1hQXXPtdqCEqtxAPh', 'a8d3b7cd4085f78b21f9aa828517fedf4f5d34231cce7ae54ab2f0f177924a9e', NULL, '1', NULL, '1', '2018-05-04 12:46:48', '2018-05-04 12:46:48', 'shikhabahal25@gmail.com'),
(218, 'shikhabahal25@gmail.com', 2018050316, 'paymentbox', '', '33', '', 'BitCoin', 0.02833800, 259.00000000, 0, 'mgBYh1GcTid6oBjdRiiDkRjXTSZ2n7aT4K', '', NULL, '0', NULL, '0', '2018-05-09 09:52:29', '2018-05-09 09:52:29', 'anc@gmail.com'),
(219, 'shikhabahal25@gmail.com', 2018050316, 'paymentbox', '', '33', '', 'BitCoin', 0.02831900, 259.00000000, 0, 'mfebH1sjpAcbN7Dz3Ji96x1qdwNgMtKxkc', '', NULL, '0', NULL, '0', '2018-05-09 09:57:13', '2018-05-09 09:57:13', 'abc@gmail.com'),
(220, 'shikhabahal25@gmail.com', 2018050316, 'paymentbox', '', '33', '', 'BitCoin', 0.02804500, 259.00000000, 0, 'n1JR8A6n4XdTKkbkDEXbATxwj9sg9ejBsS', '', NULL, '0', NULL, '0', '2018-05-09 11:56:44', '2018-05-09 11:56:44', 'chandra.getwebsoftware@gmail.com'),
(221, 'shikhabahal25@gmail.com', 2018050316, 'paymentbox', '', '33', '', 'BitCoin', 0.02804500, 259.00000000, 0, 'mu8GcFXUDEx2FzmCAKWRPtyapdGdDYSPQy', '', NULL, '0', NULL, '0', '2018-05-09 12:00:05', '2018-05-09 12:00:05', 'chandra.getwebsoftware@gmail.com'),
(222, 'shikhabahal25@gmail.com', 2018050316, 'paymentbox', '', '33', '', 'BitCoin', 0.02804500, 259.00000000, 0, 'mwJ8g1a3YUZJGYVV4a51ZTxDgvS36ipa4W', '', NULL, '0', NULL, '0', '2018-05-09 12:00:36', '2018-05-09 12:00:36', 'chandra.getwebsoftware@gmail.com'),
(223, 'shikhabahal25@gmail.com ', 2018050316, 'paymentbox', '', '33', '', 'BitCoin', 0.02804500, 259.00000000, 0, 'mo24snpqSbTkuvmqgpGeKHrb7HQ4Spc7Rt', '587507bdcbe6ea3344824e0e5239c511ae9f2218e8e1095223e1ec4941eccafa', NULL, '1', NULL, '1', '2018-05-09 12:01:21', '2018-05-09 12:01:21', 'chandra.getwebsoftware@gmail.com'),
(224, 'shikhabahal25@gmail.com', 2018050316, 'paymentbox', '', '33', '', 'BitCoin', 0.02805500, 259.00000000, 0, 'mvAauCeCrav6qAVTcgVmESE2iVVAsjWwbR', '', NULL, '0', NULL, '0', '2018-05-09 12:05:33', '2018-05-09 12:05:33', 'chandra.getwebsoftware@gmail.com'),
(225, 'shikhabahal25@gmail.com', 2018050316, 'paymentbox', '', '33', '', 'BitCoin', 0.02796600, 259.00000000, 0, 'n1xzT9N4deVduGYyNmj5t7SNksrpu6owta', '', NULL, '0', NULL, '0', '2018-05-09 12:08:47', '2018-05-09 12:08:47', 'chandra.getwebsoftware@gmail.com'),
(226, 'shikhabahal25@gmail.com ', 2018050316, 'paymentbox', '', '33', '', 'BitCoin', 0.02789200, 259.00000000, 0, 'muVNXShAGmM574xuaVxf5cQZVYyXSm7Qd7', '7c0b1143c6ae2327afe3ad49bca0f675bc8df4a1993050eced0a8a23a0cd0c43', NULL, '1', NULL, '1', '2018-05-09 12:12:38', '2018-05-09 12:12:38', 'chandu2013pal@gmail.com'),
(227, 'shikhabahal25@gmail.com ', 2018050316, 'paymentbox', '', '33', '', 'BitCoin', 0.02769100, 259.00000000, 0, 'muNNgVSS2vbuTj7khj1NW41bQZGgrDU5ry', '8c5023e1986b66ca2a9e6f31c336541671332358ad809b68c3153f7247e49cab', NULL, '1', NULL, '1', '2018-05-10 10:08:49', '2018-05-10 10:08:49', 'chandu2013pal@gmail.com'),
(228, 'shikhabahal25@gmail.com', 2018051019, 'paymentbox', '', '33', '', 'BitCoin', 0.00000000, 0.00000000, 0, 'mhgasDx9f7SzdQTNZAs9rRCpozGQK1QKvY', '', NULL, '0', NULL, '0', '2018-05-10 11:50:04', '2018-05-10 11:50:04', 'shikhabahal25@gmail.com'),
(229, 'shikhabahal25@gmail.com', 2018050316, 'paymentbox', '', '33', '', 'BitCoin', 0.02767900, 259.00000000, 0, 'not_connect', '', NULL, '0', NULL, '0', '2018-05-10 13:22:47', '2018-05-10 13:22:47', 'chandu2013pal@gmail.com'),
(230, 'shikhabahal25@gmail.com ', 2018051120, 'paymentbox', '', '33', '', 'BitCoin', 0.00000000, 0.00000000, 0, 'mqUQJp5Q232zuoQZ16MhDn2ovRPgbRVxd2', 'c82f7b8f2917d17114d7203d51e366a08cd2feefbeed91ee381ea8a3ca28ddd1', NULL, '1', NULL, '1', '2018-05-11 06:38:44', '2018-05-11 06:38:44', 'shikhabahal25@gmail.com'),
(231, 'shikhabahal25@gmail.com', 2018050316, 'paymentbox', '', '33', '', 'BitCoin', 0.02982600, 259.00000000, 0, 'errorVal', '', NULL, '0', NULL, '0', '2018-05-11 12:02:54', '2018-05-11 12:02:54', 'chandu2013pal@gmail.com'),
(232, 'shikhabahal25@gmail.com', 2018050316, 'paymentbox', '', '33', '', 'BitCoin', 0.03031300, 259.00000000, 0, 'n1S4WKELPwN7HXZ1ieMH5LEbythcqvRCjm', '', NULL, '0', NULL, '0', '2018-05-11 13:08:55', '2018-05-11 13:08:55', 'chandu2013pal@gmail.com'),
(233, 'shikhabahal25@gmail.com', 2018050316, 'paymentbox', '', '33', '', 'BitCoin', 0.03063800, 259.00000000, 0, 'mra1YbERpSjj8n3MPWE4ED8MVmFmZnVyeB', '', NULL, '0', NULL, '0', '2018-05-14 10:50:55', '2018-05-14 10:50:55', 'chandu2013pal@gmail.com'),
(234, 'akhilesh@yopmail.com', 2018051524, 'paymentbox', '', '86', '', 'LiteCoin', 0.00000000, 0.00000000, 0, 'mrhwwuaoXAiwHA7PS6AawdET7jUEXpoQPL', '', NULL, '0', NULL, '0', '2018-05-15 07:30:34', '2018-05-15 07:30:34', 'akhilesh@yopmail.com'),
(235, 'akhilesh@yopmail.com ', 2018051524, 'paymentbox', '', '86', '', 'LiteCoin', 0.00000000, 0.00000000, 0, 'moyZbXrtijPzNsCSuWmmjef7TfCrm5HCgB', '91dc1b7e3d88f879a5289ce9bc93fb220e829253291e3640978db8307ed7c373', NULL, '1', NULL, '1', '2018-05-15 07:35:01', '2018-05-15 07:35:01', 'akhilesh@yopmail.com'),
(236, 'akhilesh@yopmail.com', 2018051525, 'paymentbox', '', '86', '', 'BitcoinCas', 0.00000000, 0.00000000, 0, 'mmWoeb5TdgE6HLFSsipVwji327tRG8foyh', '', NULL, '0', NULL, '0', '2018-05-15 09:41:47', '2018-05-15 09:41:47', 'akhilesh@yopmail.com'),
(237, 'akhilesh@yopmail.com', 2018051525, 'paymentbox', '', '86', '', 'BitcoinCas', 0.00000000, 0.00000000, 0, 'mwYPfdiZcFDMfsPHcsKvQBrTxHxAi8BCPe', '', NULL, '0', NULL, '0', '2018-05-15 09:43:15', '2018-05-15 09:43:15', 'akhilesh@yopmail.com'),
(238, 'shikhabahal25@gmail.com', 2018050316, 'paymentbox', '', '33', '', 'BitCoin', 0.02960200, 259.00000000, 0, 'mnfp5qnys9uViAym5Q7WoYTS3qxTAXe2fP', '', NULL, '0', NULL, '0', '2018-05-15 09:44:22', '2018-05-15 09:44:22', 'chandu2013pal@gmail.com'),
(239, 'shikhabahal25@gmail.com', 2018050316, 'paymentbox', '', '33', '', 'BitCoin', 0.02960200, 259.00000000, 0, 'mrrBYjjaCBEALKB3GV9XLCyMLxxPzcvnwb', '', NULL, '0', NULL, '0', '2018-05-15 09:45:31', '2018-05-15 09:45:31', 'akhilesh@yopmail.com'),
(240, 'shikhabahal25@gmail.com', 2018050316, 'paymentbox', '', '33', '', 'BitCoin', 0.02934100, 259.00000000, 0, 'mvcTf9MYbD4jP43AJDUZN6BdYKDa1GzB3R', '', NULL, '0', NULL, '0', '2018-05-15 11:18:59', '2018-05-15 11:18:59', 'chandu2013pal@gmail.com'),
(241, 'shikhabahal25@gmail.com', 2018050316, 'paymentbox', '', '33', '', 'BitCoin', 0.02936600, 259.00000000, 0, 'mpTrQBEuQRidr88LjiKFn6ahtTwcyUN4pt', '', NULL, '0', NULL, '0', '2018-05-15 11:20:52', '2018-05-15 11:20:52', 'chandu2013pal@gmail.com'),
(242, 'shikhabahal25@gmail.com', 2018050316, 'paymentbox', '', '33', '', 'BitCoin', 0.02936600, 259.00000000, 0, 'n2DPbyHM7ukxH1MwY2518NGpao6JrhcA9E', '', NULL, '0', NULL, '0', '2018-05-15 11:21:17', '2018-05-15 11:21:17', 'chandu2013pal@gmail.com'),
(243, 'shikhabahal25@gmail.com', 2018050316, 'paymentbox', '', '33', '', 'BitCoin', 0.02936600, 259.00000000, 0, 'mz2BSCPnDZdUkvBKpvvqgYq3TpnmmQbMVq', '', NULL, '0', NULL, '0', '2018-05-15 11:22:22', '2018-05-15 11:22:22', 'chandu2013pal@gmail.com'),
(244, 'shikhabahal25@gmail.com ', 2018050316, 'paymentbox', '', '33', '', 'BitCoin', 0.02936600, 259.00000000, 0, 'n1dJtfdQu7PyWWdC5Ra4TmykChuJNEv6E1', '922cb8659f6af3ca9f822ec71a14f55d2149899ffc12afd266596165aa1c2060', NULL, '1', NULL, '1', '2018-05-15 11:24:53', '2018-05-15 11:24:53', 'chandu2013pal@gmail.com'),
(245, 'shikhabahal25@gmail.com ', 2018050316, 'paymentbox', '', '33', '', 'BitCoin', 0.02961300, 259.00000000, 0, 'mwfTDdPJi99Jj9Nxw9Wthnr4ueLAwhj6Yg', 'c0aa1fd3ffccf37b61a4856ac8614d12b35cdeaeb0641477875566b0de705a29', NULL, '1', NULL, '1', '2018-05-15 13:21:36', '2018-05-15 13:21:36', 'chandu2013pal@gmail.com'),
(246, 'shikhabahal25@gmail.com ', 2018050316, 'paymentbox', '', '33', '', 'BitCoin', 0.03030400, 259.00000000, 0, 'mpGkBjNs1c7gBECyGMp7oERL5r3BXmM8WL', 'bed9da21014c7e36c6fbcad7d6e55970b571ff985abc0f344dc2a343cb053585', NULL, '1', NULL, '1', '2018-05-15 15:20:40', '2018-05-15 15:20:40', 'chandu2013pal@gmail.com'),
(247, 'rikki@yopmail.com ', 2018052149, 'paymentbox', '', '88', '', 'BitCoin', 0.01451800, 123.00000000, 0, 'mpAnJawPhbXgr2PnjMu2Jb1BjtUnuRHeFQ', 'cda19c83a62585e335df22bbf07889e26ef19753119b70ed288a19b7f6f20615', NULL, '1', NULL, '1', '2018-05-21 10:58:17', '2018-05-21 10:58:17', 'rikki@yopmail.com'),
(248, 'shikhabahal25@gmail.com', 2018050316, 'paymentbox', '', '33', '', 'BitCoin', 0.03281000, 259.00000000, 0, 'mw3HosXTjhHmCCJ6TSTDQCuT6iXqxmUfEa', '', NULL, '0', NULL, '0', '2018-05-23 07:56:22', '2018-05-23 07:56:22', 'chandu2013pal@gmail.com'),
(249, 'jacky@yopmail.com ', 2018070450, 'paymentbox', '', '93', '', 'BitCoin', 0.03967400, 259.00000000, 0, 'n1bH6r28ubatBGrw2bRH1PNDimtxFv86hm', '56fc17384256899af6732d0bf76ab6a042ef810c093be5433fbe02ba9c0d9aae', NULL, '1', NULL, '1', '2018-07-04 09:24:24', '2018-07-04 09:24:24', 'chandra.getwebsoftware@gmail.com'),
(250, 'jacky@yopmail.com', 2018070450, 'paymentbox', '', '93', '', 'BitCoin', 0.03961900, 259.00000000, 0, 'mqWzfCUvJPEbwuqANzpat35BheYnf2fVZE', '', NULL, '0', NULL, '0', '2018-07-04 09:33:49', '2018-07-04 09:33:49', 'chandra.getwebsoftware@gmail.com'),
(251, 'jacky@yopmail.com', 2018070450, 'paymentbox', '', '93', '', 'BitCoin', 0.03948200, 259.00000000, 0, 'mtYbTh7CJfPT7f85p2JJSRLtUMXokBghx5', '', NULL, '0', NULL, '0', '2018-07-04 09:48:10', '2018-07-04 09:48:10', 'chandra.getwebsoftware@gmail.com'),
(252, 'jacky@yopmail.com', 2018070450, 'paymentbox', '', '93', '', 'BitCoin', 0.03943900, 259.00000000, 0, 'mpZyxbjtn43zyW4rGxahfGCHbAtjqAYdke', '', NULL, '0', NULL, '0', '2018-07-04 10:10:48', '2018-07-04 10:10:48', 'chandra.getwebsoftware@gmail.com'),
(253, 'jacky@yopmail.com ', 2018070450, 'paymentbox', '', '93', '', 'BitCoin', 0.03951000, 259.00000000, 0, 'mq34nqa9yxt3rjvNk29kxJWCGAjhGYQJbj', 'fcca4ce0cfc0db99310aa2e539b3f576203b5f0bd16178b7956a19bb6ce6b97a', NULL, '1', NULL, '1', '2018-07-04 10:34:33', '2018-07-04 10:34:33', 'chandra.getwebsoftware@gmail.com'),
(254, 'jacky@yopmail.com ', 2018070450, 'paymentbox', '', '93', '', 'BitCoin', 0.03961000, 259.00000000, 0, 'mzoM8qdHqc6HdEQR8LDExhCJXzbDQfcRuQ', 'e4e0c4b4965bb46fbd22bedb813099c44f9b1081baf4d8902c5aa6c7326dfdcb', NULL, '1', NULL, '1', '2018-07-04 10:39:10', '2018-07-04 10:39:10', 'chandra.getwebsoftware@gmail.com'),
(255, 'jacky@yopmail.com', 2018070450, 'paymentbox', '', '93', '', 'BitCoin', 0.03969500, 259.00000000, 0, 'msTG9VygkhwxG3ZF8gB4nFfJHAri6FA9Ce', '', NULL, '0', NULL, '0', '2018-07-04 11:13:36', '2018-07-04 11:13:36', 'chandra.getwebsoftware@gmail.com'),
(256, 'jacky@yopmail.com', 2018070450, 'paymentbox', '', '93', '', 'BitCoin', 0.03958000, 259.00000000, 0, '2MswJChavTthBRkzoQDnytJsZ8hFiBMHL6A', '', NULL, '0', NULL, '0', '2018-07-04 11:40:23', '2018-07-04 11:40:23', 'chandra.getwebsoftware@gmail.com'),
(257, 'jacky@yopmail.com', 2018070450, 'paymentbox', '', '93', '', 'BitCoin', 0.03954300, 259.00000000, 0, '2NDEZAHBqtmmvpMWu2S4UxVoDgDTxwopFpy', '', NULL, '0', NULL, '0', '2018-07-04 11:53:29', '2018-07-04 11:53:29', 'chandra.getwebsoftware@gmail.com'),
(258, 'jacky@yopmail.com', 2018070450, 'paymentbox', '', '93', '', 'BitCoin', 0.03951000, 259.00000000, 0, '2MsJGJ9uohx72QsChdf6o1SRp1MJTcytJXN', '', NULL, '0', NULL, '0', '2018-07-04 12:00:20', '2018-07-04 12:00:20', 'chandra.getwebsoftware@gmail.com'),
(259, 'jacky@yopmail.com', 2018070450, 'paymentbox', '', '93', '', 'BitCoin', 0.03948700, 259.00000000, 0, '2N8ohr8Dn3K25v483Pr92CpUGHST9DtiZKH', '', NULL, '0', NULL, '0', '2018-07-04 12:10:44', '2018-07-04 12:10:44', 'chandu2013pal@gmail.com'),
(260, 'jacky@yopmail.com', 2018070450, 'paymentbox', '', '93', '', 'BitCoin', 0.03879000, 259.00000000, 0, 'mxfuTrZF8yqpi3FukSAetEy9F9xfZAUvJP', '', NULL, '0', NULL, '0', '2018-07-05 06:02:11', '2018-07-05 06:02:11', 'chandra.getwebsoftware@gmail.com'),
(261, 'jacky@yopmail.com ', 2018070450, 'paymentbox', '', '93', '', 'BitCoin', 0.03876400, 259.00000000, 0, 'mmZiyKwVNvxAQ8rYDEPBjJvHbK59coahV6', '20c45b6674e652078f3ccfd4553d9b01410d47cda331b86241b03942c645d1fe', NULL, '1', NULL, '1', '2018-07-05 06:16:17', '2018-07-05 06:16:17', 'chandra.getwebsoftware@gmail.com'),
(262, 'jacky@yopmail.com ', 2018070450, 'paymentbox', '', '93', '', 'BitCoin', 0.03861400, 259.00000000, 0, 'mmY8Vkx5rYS9JmrGCSuQ97tUkT4K7aED1y', 'fd7f2d0e5100d802f039a345cb4945e91be800b11eebc25c85d6fa630a753bd7', NULL, '1', NULL, '1', '2018-07-05 10:08:38', '2018-07-05 10:08:38', 'chandra.getwebsoftware@gmail.com'),
(263, 'jacky@yopmail.com ', 2018070450, 'paymentbox', '', '93', '', 'BitCoin', 0.03846300, 259.00000000, 0, 'mtkG2dXtWj2iFPn9dUya2cgxjMFpGYW3uA', 'e851497d8fa86e18152bc4c73fb6637709b01db1ad06a38a895b826f38065398', NULL, '1', NULL, '1', '2018-07-05 12:48:44', '2018-07-05 12:48:44', 'chandra.getwebsoftware@gmail.com'),
(264, 'jacky@yopmail.com', 2018070450, 'paymentbox', '', '93', '', 'BitCoin', 0.03849600, 259.00000000, 0, 'mttdabFWZecKsR1G8LdCp7RPxsDe74JToE', '', NULL, '0', NULL, '0', '2018-07-05 12:57:56', '2018-07-05 12:57:56', 'chandra.getwebsoftware@gmail.com'),
(265, 'jacky@yopmail.com ', 2018070450, 'paymentbox', '', '93', '', 'BitCoin', 0.03935000, 259.00000000, 0, 'moAfjmDhk6zwbC5PuK62qCtWZXjCpqSzMQ', 'bf3174e025c90d9a457ad6ba4412496f521b21dfa9acfd2f1cb9cc3718656b36', NULL, '1', NULL, '1', '2018-07-06 06:33:21', '2018-07-06 06:33:21', 'chandra.getwebsoftware@gmail.com'),
(266, 'jacky@yopmail.com', 2018070450, 'paymentbox', '', '93', '', 'BitCoin', 0.03926900, 259.00000000, 0, 'mgqeTyMNtfxRjDCAATmF4xAkyE3UcBFSWx', '', NULL, '0', NULL, '0', '2018-07-06 10:27:35', '2018-07-06 10:27:35', 'chandra.getwebsoftware@gmail.com'),
(267, 'jacky@yopmail.com ', 2018070450, 'paymentbox', '', '93', '', 'BitCoin', 0.03892600, 259.00000000, 0, 'msh1KchjvvLHPjMevzoZ1DnXErEdPRFfDa', 'bd7dc4da448c5a8aa9a5f944479da936059df610961e8bba43c479341b43e8e6', NULL, '1', NULL, '1', '2018-07-07 10:31:04', '2018-07-07 10:31:04', 'penny@yopmail.com');

-- --------------------------------------------------------

--
-- Table structure for table `crypto_products`
--

CREATE TABLE `crypto_products` (
  `productID` int(11) UNSIGNED NOT NULL,
  `productTitle` varchar(100) NOT NULL DEFAULT '',
  `active` tinyint(1) NOT NULL DEFAULT '1',
  `priceUSD` double(10,2) NOT NULL DEFAULT '0.00',
  `priceCoin` double(17,5) NOT NULL DEFAULT '0.00000',
  `priceLabel` varchar(6) NOT NULL DEFAULT '',
  `purchases` mediumint(8) NOT NULL DEFAULT '0',
  `expiryPeriod` varchar(15) NOT NULL DEFAULT '',
  `lang` varchar(2) NOT NULL DEFAULT '',
  `defCoin` varchar(5) NOT NULL DEFAULT '',
  `defShow` tinyint(1) NOT NULL DEFAULT '1',
  `productText` text,
  `finalText` text,
  `emailUser` tinyint(1) NOT NULL DEFAULT '1',
  `emailUserFrom` varchar(50) NOT NULL DEFAULT '',
  `emailUserTitle` varchar(100) NOT NULL DEFAULT '',
  `emailUserBody` text,
  `emailAdmin` tinyint(1) NOT NULL DEFAULT '1',
  `emailAdminFrom` varchar(50) NOT NULL DEFAULT '',
  `emailAdminTo` text,
  `emailAdminTitle` varchar(100) NOT NULL DEFAULT '',
  `emailAdminBody` text,
  `paymentCnt` smallint(5) NOT NULL DEFAULT '0',
  `ak_action` varchar(255) NOT NULL,
  `paymentTime` datetime DEFAULT NULL,
  `updatetime` datetime DEFAULT NULL,
  `createtime` datetime DEFAULT NULL
) ENGINE=InnoDB DEFAULT CHARSET=utf8;

--
-- Dumping data for table `crypto_products`
--

INSERT INTO `crypto_products` (`productID`, `productTitle`, `active`, `priceUSD`, `priceCoin`, `priceLabel`, `purchases`, `expiryPeriod`, `lang`, `defCoin`, `defShow`, `productText`, `finalText`, `emailUser`, `emailUserFrom`, `emailUserTitle`, `emailUserBody`, `emailAdmin`, `emailAdminFrom`, `emailAdminTo`, `emailAdminTitle`, `emailAdminBody`, `paymentCnt`, `ak_action`, `paymentTime`, `updatetime`, `createtime`) VALUES
(1, 'bitcoin', 1, 0.00, 0.12000, 'BTC', 1, '2 MONTHS', 'en', 'BTC', 1, '<p>testing</p>', '<p>testing</p>', 0, 'shubhams@bloque.in', 'shubhams@bloque.in', 'shubhams@bloque.in', 1, 'shubhams@bloque.in', 'shubhams@bloque.in', 'shubhams@bloque.in', 'shubhams@bloque.in', 0, '', NULL, '2017-12-08 10:37:41', '2017-12-08 10:37:41'),
(13, 'litecoin', 1, 0.00, 0.00000, 'liteco', 0, '6 HOURS', 'en', '', 0, NULL, NULL, 1, 'litecoinlitecoin', 'litecoin', 'litecoin', 0, 'litecoin', 'litecoin', '', 'litecoin', 0, 'gourlsave_product', NULL, NULL, NULL),
(25, 'speedcoin', 1, 66.00, 0.00000, 'speedc', 0, '1 HOUR', 'en', '', 0, NULL, NULL, 1, 'speedcoin', 'speedcoin', 'speedcoin', 0, 'speedcoin', 'speedcoin', '', 'speedcoin', 0, 'gourlsave_product', NULL, NULL, NULL);

-- --------------------------------------------------------

--
-- Table structure for table `email_template`
--

CREATE TABLE `email_template` (
  `id` int(11) NOT NULL,
  `emailType` varchar(50) DEFAULT NULL,
  `emailTemplate` text
) ENGINE=InnoDB DEFAULT CHARSET=latin1;

--
-- Dumping data for table `email_template`
--

INSERT INTO `email_template` (`id`, `emailType`, `emailTemplate`) VALUES
(1, 'signup', '<!doctype html>\n<html>\n  <head>\n    <meta name="viewport" content="width=device-width" />\n    <meta http-equiv="Content-Type" content="text/html; charset=UTF-8" />\n    <title>Simple Transactional Email</title>\n    <style>\n      /* -------------------------------------\n          GLOBAL RESETS\n      ------------------------------------- */\n      img {\n        border: none;\n        -ms-interpolation-mode: bicubic;\n        max-width: 100%; }\n\n      body {\n        background-color: #f6f6f6;\n        font-family: sans-serif;\n        -webkit-font-smoothing: antialiased;\n        font-size: 14px;\n        line-height: 1.4;\n        margin: 0;\n        padding: 0;\n        -ms-text-size-adjust: 100%;\n        -webkit-text-size-adjust: 100%; }\n\n      table {\n        border-collapse: separate;\n        mso-table-lspace: 0pt;\n        mso-table-rspace: 0pt;\n        width: 100%; }\n        table td {\n          font-family: sans-serif;\n          font-size: 14px;\n          vertical-align: top; }\n\n      /* -------------------------------------\n          BODY & CONTAINER\n      ------------------------------------- */\n\n      .body {\n        background-color: #f6f6f6;\n        width: 100%; }\n\n      /* Set a max-width, and make it display as block so it will automatically stretch to that width, but will also shrink down on a phone or something */\n      .container {\n        display: block;\n        Margin: 0 auto !important;\n        /* makes it centered */\n        max-width: 580px;\n        padding: 10px;\n        width: 580px; }\n\n      /* This should also be a block element, so that it will fill 100% of the .container */\n      .content {\n        box-sizing: border-box;\n        display: block;\n        Margin: 0 auto;\n        max-width: 580px;\n        padding: 10px; }\n\n      /* -------------------------------------\n          HEADER, FOOTER, MAIN\n      ------------------------------------- */\n      .main {\n        background: #ffffff;\n        border-radius: 3px;\n        width: 100%; }\n\n      .wrapper {\n        box-sizing: border-box;\n        padding: 20px; }\n\n      .content-block {\n        padding-bottom: 10px;\n        padding-top: 10px;\n      }\n\n      .footer {\n        clear: both;\n        Margin-top: 10px;\n        text-align: center;\n        width: 100%; }\n        .footer td,\n        .footer p,\n        .footer span,\n        .footer a {\n          color: #999999;\n          font-size: 12px;\n          text-align: center; }\n\n      /* -------------------------------------\n          TYPOGRAPHY\n      ------------------------------------- */\n      h1,\n      h2,\n      h3,\n      h4 {\n        color: #000000;\n        font-family: sans-serif;\n        font-weight: 400;\n        line-height: 1.4;\n        margin: 0;\n        Margin-bottom: 30px; }\n\n      h1 {\n        font-size: 35px;\n        font-weight: 300;\n        text-align: center;\n        text-transform: capitalize; }\n\n      p,\n      ul,\n      ol {\n        font-family: sans-serif;\n        font-size: 14px;\n        font-weight: normal;\n        margin: 0;\n        Margin-bottom: 15px; }\n        p li,\n        ul li,\n        ol li {\n          list-style-position: inside;\n          margin-left: 5px; }\n\n      a {\n        color: #3498db;\n        text-decoration: underline; }\n\n      /* -------------------------------------\n          BUTTONS\n      ------------------------------------- */\n      .btn {\n        box-sizing: border-box;\n        width: 100%; }\n        .btn > tbody > tr > td {\n          padding-bottom: 15px; }\n        .btn table {\n          width: auto; }\n        .btn table td {\n          background-color: #ffffff;\n          border-radius: 5px;\n          text-align: center; }\n        .btn a {\n          background-color: #ffffff;\n          border: solid 1px #3498db;\n          border-radius: 5px;\n          box-sizing: border-box;\n          color: #3498db;\n          cursor: pointer;\n          display: inline-block;\n          font-size: 14px;\n          font-weight: bold;\n          margin: 0;\n          padding: 12px 25px;\n          text-decoration: none;\n          text-transform: capitalize; }\n\n      .btn-primary table td {\n        background-color: #3498db; }\n\n      .btn-primary a {\n        background-color: #3498db;\n        border-color: #3498db;\n        color: #ffffff; }\n\n      /* -------------------------------------\n          OTHER STYLES THAT MIGHT BE USEFUL\n      ------------------------------------- */\n      .last {\n        margin-bottom: 0; }\n\n      .first {\n        margin-top: 0; }\n\n      .align-center {\n        text-align: center; }\n\n      .align-right {\n        text-align: right; }\n\n      .align-left {\n        text-align: left; }\n\n      .clear {\n        clear: both; }\n\n      .mt0 {\n        margin-top: 0; }\n\n      .mb0 {\n        margin-bottom: 0; }\n\n      .preheader {\n        color: transparent;\n        display: none;\n        height: 0;\n        max-height: 0;\n        max-width: 0;\n        opacity: 0;\n        overflow: hidden;\n        mso-hide: all;\n        visibility: hidden;\n        width: 0; }\n\n      .powered-by a {\n        text-decoration: none; }\n\n      hr {\n        border: 0;\n        border-bottom: 1px solid #f6f6f6;\n        Margin: 20px 0; }\n\n      /* -------------------------------------\n          RESPONSIVE AND MOBILE FRIENDLY STYLES\n      ------------------------------------- */\n      @media only screen and (max-width: 620px) {\n        table[class=body] h1 {\n          font-size: 28px !important;\n          margin-bottom: 10px !important; }\n        table[class=body] p,\n        table[class=body] ul,\n        table[class=body] ol,\n        table[class=body] td,\n        table[class=body] span,\n        table[class=body] a {\n          font-size: 16px !important; }\n        table[class=body] .wrapper,\n        table[class=body] .article {\n          padding: 10px !important; }\n        table[class=body] .content {\n          padding: 0 !important; }\n        table[class=body] .container {\n          padding: 0 !important;\n          width: 100% !important; }\n        table[class=body] .main {\n          border-left-width: 0 !important;\n          border-radius: 0 !important;\n          border-right-width: 0 !important; }\n        table[class=body] .btn table {\n          width: 100% !important; }\n        table[class=body] .btn a {\n          width: 100% !important; }\n        table[class=body] .img-responsive {\n          height: auto !important;\n          max-width: 100% !important;\n          width: auto !important; }}\n\n      /* -------------------------------------\n          PRESERVE THESE STYLES IN THE HEAD\n      ------------------------------------- */\n      @media all {\n        .ExternalClass {\n          width: 100%; }\n        .ExternalClass,\n        .ExternalClass p,\n        .ExternalClass span,\n        .ExternalClass font,\n        .ExternalClass td,\n        .ExternalClass div {\n          line-height: 100%; }\n        .apple-link a {\n          color: inherit !important;\n          font-family: inherit !important;\n          font-size: inherit !important;\n          font-weight: inherit !important;\n          line-height: inherit !important;\n          text-decoration: none !important; }\n        .btn-primary table td:hover {\n          background-color: #34495e !important; }\n        .btn-primary a:hover {\n          background-color: #34495e !important;\n          border-color: #34495e !important; } }\n\n    </style>\n  </head>\n  <body class="">\n    <table border="0" cellpadding="0" cellspacing="0" class="body">\n      <tr>\n        <td>&nbsp;</td>\n        <td class="container">\n          <div class="content">\n\n            <!-- START CENTERED WHITE CONTAINER -->\n            <span class="preheader">This is preheader text. Some clients will show this text as a preview.</span>\n            <table class="main">\n\n              <!-- START MAIN CONTENT AREA -->\n              <tr>\n                <td class="wrapper">\n                  <table border="0" cellpadding="0" cellspacing="0">\n                    <tr>\n                      <td>\n                        <p>Hi {{username}},</p>\n                        <p>Sometimes you just want to send a simple HTML email with a simple design and clear call to action. This is it.</p>\n                        <table border="0" cellpadding="0" cellspacing="0" class="btn btn-primary">\n                          <tbody>\n                            <tr>\n                              <td align="left">\n                                <table border="0" cellpadding="0" cellspacing="0">\n                                  <tbody>\n                                    <tr>\n                                      <td> <a href="{{url}}" target="_blank">Verify</a> </td>\n                                    </tr>\n                                  </tbody>\n                                </table>\n                              </td>\n                            </tr>\n                          </tbody>\n                        </table>\n                        <p>This is a really simple email template. Its sole purpose is to get the recipient to click the button with no distractions.</p>\n                        <p>Good luck! Hope it works.</p>\n                      </td>\n                    </tr>\n                  </table>\n                </td>\n              </tr>\n\n            <!-- END MAIN CONTENT AREA -->\n            </table>\n\n            <!-- START FOOTER -->\n            <div class="footer">\n              <table border="0" cellpadding="0" cellspacing="0">\n                <tr>\n                  <td class="content-block">\n                    <span class="apple-link">Paycrypt Inc, Unit N0 304-305 Spaze I-tech park,sector-49 sohna road gurgaon</span>\n                    \n                  </td>\n                </tr>\n                \n              </table>\n            </div>\n            <!-- END FOOTER -->\n\n          <!-- END CENTERED WHITE CONTAINER -->\n          </div>\n        </td>\n        <td>&nbsp;</td>\n      </tr>\n    </table>\n  </body>\n</html>'),
(2, 'password_reset', '<!doctype html>\n<html>\n  <head>\n    <meta name="viewport" content="width=device-width" />\n    <meta http-equiv="Content-Type" content="text/html; charset=UTF-8" />\n    <title>Simple Transactional Email</title>\n    <style>\n      /* -------------------------------------\n          GLOBAL RESETS\n      ------------------------------------- */\n      img {\n        border: none;\n        -ms-interpolation-mode: bicubic;\n        max-width: 100%; }\n\n      body {\n        background-color: #f6f6f6;\n        font-family: sans-serif;\n        -webkit-font-smoothing: antialiased;\n        font-size: 14px;\n        line-height: 1.4;\n        margin: 0;\n        padding: 0;\n        -ms-text-size-adjust: 100%;\n        -webkit-text-size-adjust: 100%; }\n\n      table {\n        border-collapse: separate;\n        mso-table-lspace: 0pt;\n        mso-table-rspace: 0pt;\n        width: 100%; }\n        table td {\n          font-family: sans-serif;\n          font-size: 14px;\n          vertical-align: top; }\n\n      /* -------------------------------------\n          BODY & CONTAINER\n      ------------------------------------- */\n\n      .body {\n        background-color: #f6f6f6;\n        width: 100%; }\n\n      /* Set a max-width, and make it display as block so it will automatically stretch to that width, but will also shrink down on a phone or something */\n      .container {\n        display: block;\n        Margin: 0 auto !important;\n        /* makes it centered */\n        max-width: 580px;\n        padding: 10px;\n        width: 580px; }\n\n      /* This should also be a block element, so that it will fill 100% of the .container */\n      .content {\n        box-sizing: border-box;\n        display: block;\n        Margin: 0 auto;\n        max-width: 580px;\n        padding: 10px; }\n\n      /* -------------------------------------\n          HEADER, FOOTER, MAIN\n      ------------------------------------- */\n      .main {\n        background: #ffffff;\n        border-radius: 3px;\n        width: 100%; }\n\n      .wrapper {\n        box-sizing: border-box;\n        padding: 20px; }\n\n      .content-block {\n        padding-bottom: 10px;\n        padding-top: 10px;\n      }\n\n      .footer {\n        clear: both;\n        Margin-top: 10px;\n        text-align: center;\n        width: 100%; }\n        .footer td,\n        .footer p,\n        .footer span,\n        .footer a {\n          color: #999999;\n          font-size: 12px;\n          text-align: center; }\n\n      /* -------------------------------------\n          TYPOGRAPHY\n      ------------------------------------- */\n      h1,\n      h2,\n      h3,\n      h4 {\n        color: #000000;\n        font-family: sans-serif;\n        font-weight: 400;\n        line-height: 1.4;\n        margin: 0;\n        Margin-bottom: 30px; }\n\n      h1 {\n        font-size: 35px;\n        font-weight: 300;\n        text-align: center;\n        text-transform: capitalize; }\n\n      p,\n      ul,\n      ol {\n        font-family: sans-serif;\n        font-size: 14px;\n        font-weight: normal;\n        margin: 0;\n        Margin-bottom: 15px; }\n        p li,\n        ul li,\n        ol li {\n          list-style-position: inside;\n          margin-left: 5px; }\n\n      a {\n        color: #3498db;\n        text-decoration: underline; }\n\n      /* -------------------------------------\n          BUTTONS\n      ------------------------------------- */\n      .btn {\n        box-sizing: border-box;\n        width: 100%; }\n        .btn > tbody > tr > td {\n          padding-bottom: 15px; }\n        .btn table {\n          width: auto; }\n        .btn table td {\n          background-color: #ffffff;\n          border-radius: 5px;\n          text-align: center; }\n        .btn a {\n          background-color: #ffffff;\n          border: solid 1px #3498db;\n          border-radius: 5px;\n          box-sizing: border-box;\n          color: #3498db;\n          cursor: pointer;\n          display: inline-block;\n          font-size: 14px;\n          font-weight: bold;\n          margin: 0;\n          padding: 12px 25px;\n          text-decoration: none;\n          text-transform: capitalize; }\n\n      .btn-primary table td {\n        background-color: #3498db; }\n\n      .btn-primary a {\n        background-color: #3498db;\n        border-color: #3498db;\n        color: #ffffff; }\n\n      /* -------------------------------------\n          OTHER STYLES THAT MIGHT BE USEFUL\n      ------------------------------------- */\n      .last {\n        margin-bottom: 0; }\n\n      .first {\n        margin-top: 0; }\n\n      .align-center {\n        text-align: center; }\n\n      .align-right {\n        text-align: right; }\n\n      .align-left {\n        text-align: left; }\n\n      .clear {\n        clear: both; }\n\n      .mt0 {\n        margin-top: 0; }\n\n      .mb0 {\n        margin-bottom: 0; }\n\n      .preheader {\n        color: transparent;\n        display: none;\n        height: 0;\n        max-height: 0;\n        max-width: 0;\n        opacity: 0;\n        overflow: hidden;\n        mso-hide: all;\n        visibility: hidden;\n        width: 0; }\n\n      .powered-by a {\n        text-decoration: none; }\n\n      hr {\n        border: 0;\n        border-bottom: 1px solid #f6f6f6;\n        Margin: 20px 0; }\n\n      /* -------------------------------------\n          RESPONSIVE AND MOBILE FRIENDLY STYLES\n      ------------------------------------- */\n      @media only screen and (max-width: 620px) {\n        table[class=body] h1 {\n          font-size: 28px !important;\n          margin-bottom: 10px !important; }\n        table[class=body] p,\n        table[class=body] ul,\n        table[class=body] ol,\n        table[class=body] td,\n        table[class=body] span,\n        table[class=body] a {\n          font-size: 16px !important; }\n        table[class=body] .wrapper,\n        table[class=body] .article {\n          padding: 10px !important; }\n        table[class=body] .content {\n          padding: 0 !important; }\n        table[class=body] .container {\n          padding: 0 !important;\n          width: 100% !important; }\n        table[class=body] .main {\n          border-left-width: 0 !important;\n          border-radius: 0 !important;\n          border-right-width: 0 !important; }\n        table[class=body] .btn table {\n          width: 100% !important; }\n        table[class=body] .btn a {\n          width: 100% !important; }\n        table[class=body] .img-responsive {\n          height: auto !important;\n          max-width: 100% !important;\n          width: auto !important; }}\n\n      /* -------------------------------------\n          PRESERVE THESE STYLES IN THE HEAD\n      ------------------------------------- */\n      @media all {\n        .ExternalClass {\n          width: 100%; }\n        .ExternalClass,\n        .ExternalClass p,\n        .ExternalClass span,\n        .ExternalClass font,\n        .ExternalClass td,\n        .ExternalClass div {\n          line-height: 100%; }\n        .apple-link a {\n          color: inherit !important;\n          font-family: inherit !important;\n          font-size: inherit !important;\n          font-weight: inherit !important;\n          line-height: inherit !important;\n          text-decoration: none !important; }\n        .btn-primary table td:hover {\n          background-color: #34495e !important; }\n        .btn-primary a:hover {\n          background-color: #34495e !important;\n          border-color: #34495e !important; } }\n\n    </style>\n  </head>\n  <body class="">\n    <table border="0" cellpadding="0" cellspacing="0" class="body">\n      <tr>\n        <td>&nbsp;</td>\n        <td class="container">\n          <div class="content">\n\n            <!-- START CENTERED WHITE CONTAINER -->\n            <span class="preheader">This is preheader text. Some clients will show this text as a preview.</span>\n            <table class="main">\n\n              <!-- START MAIN CONTENT AREA -->\n              <tr>\n                <td class="wrapper">\n                  <table border="0" cellpadding="0" cellspacing="0">\n                    <tr>\n                      <td>\n                        <p>Hi {{useremail}},</p>\n                        <p>Sometimes you just want to send a simple HTML email with a simple design and clear call to action. This is it.</p>\n                        <table border="0" cellpadding="0" cellspacing="0" class="btn btn-primary">\n                          <tbody>\n                            <tr>\n                              <td align="left">\n                                <table border="0" cellpadding="0" cellspacing="0">\n                                  <tbody>\n                                    <tr>\n                                      <td style="padding: 8%;color: #fff;width: 150px;">{{password}} </td>\n                                    </tr>\n                                  </tbody>\n                                </table>\n                              </td>\n                            </tr>\n                          </tbody>\n                        </table>\n                        <p>This is a really simple email template. Its sole purpose is to get the recipient to click the button with no distractions.</p>\n                        <p>Good luck! Hope it works.</p>\n                      </td>\n                    </tr>\n                  </table>\n                </td>\n              </tr>\n\n            <!-- END MAIN CONTENT AREA -->\n            </table>\n\n            <!-- START FOOTER -->\n            <div class="footer">\n              <table border="0" cellpadding="0" cellspacing="0">\n                <tr>\n                  <td class="content-block">\n                    <span class="apple-link">Paycrypt Inc, Unit N0 304-305 Spaze I-tech park,sector-49 sohna road gurgaon</span>\n                    \n                  </td>\n                </tr>\n                \n              </table>\n            </div>\n            <!-- END FOOTER -->\n\n          <!-- END CENTERED WHITE CONTAINER -->\n          </div>\n        </td>\n        <td>&nbsp;</td>\n      </tr>\n    </table>\n  </body>\n</html>'),
(3, 'box_code', '<!doctype html>\n<html>\n  <head>\n    <meta name="viewport" content="width=device-width" />\n    <meta http-equiv="Content-Type" content="text/html; charset=UTF-8" />\n    <title>Simple Transactional Email</title>\n    <style>\n      /* -------------------------------------\n          GLOBAL RESETS\n      ------------------------------------- */\n      img {\n        border: none;\n        -ms-interpolation-mode: bicubic;\n        max-width: 100%; }\n\n      body {\n        background-color: #f6f6f6;\n        font-family: sans-serif;\n        -webkit-font-smoothing: antialiased;\n        font-size: 14px;\n        line-height: 1.4;\n        margin: 0;\n        padding: 0;\n        -ms-text-size-adjust: 100%;\n        -webkit-text-size-adjust: 100%; }\n\n      table {\n        border-collapse: separate;\n        mso-table-lspace: 0pt;\n        mso-table-rspace: 0pt;\n        width: 100%; }\n        table td {\n          font-family: sans-serif;\n          font-size: 14px;\n          vertical-align: top; }\n\n      /* -------------------------------------\n          BODY & CONTAINER\n      ------------------------------------- */\n\n      .body {\n        background-color: #f6f6f6;\n        width: 100%; }\n\n      /* Set a max-width, and make it display as block so it will automatically stretch to that width, but will also shrink down on a phone or something */\n      .container {\n        display: block;\n        Margin: 0 auto !important;\n        /* makes it centered */\n        max-width: 580px;\n        padding: 10px;\n        width: 580px; }\n\n      /* This should also be a block element, so that it will fill 100% of the .container */\n      .content {\n        box-sizing: border-box;\n        display: block;\n        Margin: 0 auto;\n        max-width: 580px;\n        padding: 10px; }\n\n      /* -------------------------------------\n          HEADER, FOOTER, MAIN\n      ------------------------------------- */\n      .main {\n        background: #ffffff;\n        border-radius: 3px;\n        width: 100%; }\n\n      .wrapper {\n        box-sizing: border-box;\n        padding: 20px; }\n\n      .content-block {\n        padding-bottom: 10px;\n        padding-top: 10px;\n      }\n\n      .footer {\n        clear: both;\n        Margin-top: 10px;\n        text-align: center;\n        width: 100%; }\n        .footer td,\n        .footer p,\n        .footer span,\n        .footer a {\n          color: #999999;\n          font-size: 12px;\n          text-align: center; }\n\n      /* -------------------------------------\n          TYPOGRAPHY\n      ------------------------------------- */\n      h1,\n      h2,\n      h3,\n      h4 {\n        color: #000000;\n        font-family: sans-serif;\n        font-weight: 400;\n        line-height: 1.4;\n        margin: 0;\n        Margin-bottom: 30px; }\n\n      h1 {\n        font-size: 35px;\n        font-weight: 300;\n        text-align: center;\n        text-transform: capitalize; }\n\n      p,\n      ul,\n      ol {\n        font-family: sans-serif;\n        font-size: 14px;\n        font-weight: normal;\n        margin: 0;\n        Margin-bottom: 15px; }\n        p li,\n        ul li,\n        ol li {\n          list-style-position: inside;\n          margin-left: 5px; }\n\n      a {\n        color: #3498db;\n        text-decoration: underline; }\n\n      /* -------------------------------------\n          BUTTONS\n      ------------------------------------- */\n      .btn {\n        box-sizing: border-box;\n        width: 100%; }\n        .btn > tbody > tr > td {\n          padding-bottom: 15px; }\n        .btn table {\n          width: auto; }\n        .btn table td {\n          background-color: #ffffff;\n          border-radius: 5px;\n          text-align: center; }\n        .btn a {\n          background-color: #ffffff;\n          border: solid 1px #3498db;\n          border-radius: 5px;\n          box-sizing: border-box;\n          color: #3498db;\n          cursor: pointer;\n          display: inline-block;\n          font-size: 14px;\n          font-weight: bold;\n          margin: 0;\n          padding: 12px 25px;\n          text-decoration: none;\n          text-transform: capitalize; }\n\n     \n\n      .btn-primary a {\n        background-color: #3498db;\n        border-color: #3498db;\n        color: #ffffff; }\n\n      /* -------------------------------------\n          OTHER STYLES THAT MIGHT BE USEFUL\n      ------------------------------------- */\n      .last {\n        margin-bottom: 0; }\n\n      .first {\n        margin-top: 0; }\n\n      .align-center {\n        text-align: center; }\n\n      .align-right {\n        text-align: right; }\n\n      .align-left {\n        text-align: left; }\n\n      .clear {\n        clear: both; }\n\n      .mt0 {\n        margin-top: 0; }\n\n      .mb0 {\n        margin-bottom: 0; }\n\n      .preheader {\n        color: transparent;\n        display: none;\n        height: 0;\n        max-height: 0;\n        max-width: 0;\n        opacity: 0;\n        overflow: hidden;\n        mso-hide: all;\n        visibility: hidden;\n        width: 0; }\n\n      .powered-by a {\n        text-decoration: none; }\n\n      hr {\n        border: 0;\n        border-bottom: 1px solid #f6f6f6;\n        Margin: 20px 0; }\n\n      /* -------------------------------------\n          RESPONSIVE AND MOBILE FRIENDLY STYLES\n      ------------------------------------- */\n      @media only screen and (max-width: 620px) {\n        table[class=body] h1 {\n          font-size: 28px !important;\n          margin-bottom: 10px !important; }\n        table[class=body] p,\n        table[class=body] ul,\n        table[class=body] ol,\n        table[class=body] td,\n        table[class=body] span,\n        table[class=body] a {\n          font-size: 16px !important; }\n        table[class=body] .wrapper,\n        table[class=body] .article {\n          padding: 10px !important; }\n        table[class=body] .content {\n          padding: 0 !important; }\n        table[class=body] .container {\n          padding: 0 !important;\n          width: 100% !important; }\n        table[class=body] .main {\n          border-left-width: 0 !important;\n          border-radius: 0 !important;\n          border-right-width: 0 !important; }\n        table[class=body] .btn table {\n          width: 100% !important; }\n        table[class=body] .btn a {\n          width: 100% !important; }\n        table[class=body] .img-responsive {\n          height: auto !important;\n          max-width: 100% !important;\n          width: auto !important; }}\n\n      /* -------------------------------------\n          PRESERVE THESE STYLES IN THE HEAD\n      ------------------------------------- */\n      @media all {\n        .ExternalClass {\n          width: 100%; }\n        .ExternalClass,\n        .ExternalClass p,\n        .ExternalClass span,\n        .ExternalClass font,\n        .ExternalClass td,\n        .ExternalClass div {\n          line-height: 100%; }\n        .apple-link a {\n          color: inherit !important;\n          font-family: inherit !important;\n          font-size: inherit !important;\n          font-weight: inherit !important;\n          line-height: inherit !important;\n          text-decoration: none !important; }\n        .btn-primary table td:hover {\n          background-color: #34495e !important; }\n        .btn-primary a:hover {\n          background-color: #34495e !important;\n          border-color: #34495e !important; } }\n          .invyce_table th, td {\n    padding: 5px;\n    text-align: left;}\n    .jo_dena_ho\n    {\n      border: 1px solid #cccccc;\n      border-collapse: collapse;;\n    }\n    </style>\n  </head>\n  <body class="">\n    <table border="0" cellpadding="0" cellspacing="0" class="body">\n      <tr>\n        <td>&nbsp;</td>\n        <td class="container">\n          <div class="content">\n\n            <!-- START CENTERED WHITE CONTAINER -->\n            <span class="preheader">This is preheader text. Some clients will show this text as a preview.</span>\n            <table class="main">\n\n              <!-- START MAIN CONTENT AREA -->\n              <tr>\n                <td class="wrapper">\n                  <table border="0" cellpadding="0" cellspacing="0">\n                    <tr>\n                      <td>\n                        <p>Hi {{useremail}},</p>\n                        <p>Sometimes you just want to send a simple HTML email with a simple design and clear call to action. This is it.</p>\n                        <div class="invyce_table">\n\n                        <table style="border: 1px solid black;border-collapse: collapse;">\n                          <tr >\n                            <th class="jo_dena_ho">BoxId:</th>\n                            <td class="jo_dena_ho">{{box_id}}</td>\n                          </tr>\n                          <tr>\n                            <th class="jo_dena_ho">Private Key:</th>\n                            <td class="jo_dena_ho">{{private_key}}</td>\n                          </tr>\n                          <tr>\n                            <th class="jo_dena_ho">Public Key :</th>\n                            <td class="jo_dena_ho">{{public_key}}</td>\n                          </tr>\n                        </table>\n\n                        </div>\n                        \n                        <!-- <table border="1" cellpadding="0" cellspacing="0" class="btn btn-primary">\n                          <tbody>\n                            <tr>\n                              <td align="left">\n                                <table border="0" cellpadding="0" cellspacing="0">\n                                  <tbody>\n                                    <tr>\n                                      <th><b>BoxId : </b></td><td>{{box_id}} </td>\n                                    </tr>\n                                    <tr>\n                                      <td><b>Private Key : </b></td><td>{{private_key}} </td>\n                                    </tr>\n                                    <tr>\n                                      <td><b>Public Key : </b></td><td>{{public_key}} </td>\n                                    </tr>\n                                  </tbody>\n                                </table> -->\n                              </td>\n                            </tr>\n                          </tbody>\n                        </table>\n                        <p>This is a really simple email template. Its sole purpose is to get the recipient to click the button with no distractions.</p>\n                        <p>Good luck! Hope it works.</p>\n                      </td>\n                    </tr>\n                  </table>\n                </td>\n              </tr>\n\n            <!-- END MAIN CONTENT AREA -->\n            </table>\n\n            <!-- START FOOTER -->\n            <div class="footer">\n              <table border="0" cellpadding="0" cellspacing="0">\n                <tr>\n                  <td class="content-block">\n                    <span class="apple-link">Paycrypt Inc, Unit N0 304-305 Spaze I-tech park,sector-49 sohna road gurgaon</span>\n                    \n                  </td>\n                </tr>\n                \n              </table>\n            </div>\n            <!-- END FOOTER -->\n\n          <!-- END CENTERED WHITE CONTAINER -->\n          </div>\n        </td>\n        <td>&nbsp;</td>\n      </tr>\n    </table>\n  </body>\n</html>'),
(4, 'invoice', '<!doctype html>\n<html>\n  <head>\n    <meta name="viewport" content="width=device-width" />\n    <meta http-equiv="Content-Type" content="text/html; charset=UTF-8" />\n    <title>Simple Transactional Email</title>\n    <style>\n      /* -------------------------------------\n          GLOBAL RESETS\n      ------------------------------------- */\n      img {\n        border: none;\n        -ms-interpolation-mode: bicubic;\n        max-width: 100%; }\n\n      body {\n        background-color: #f6f6f6;\n        font-family: sans-serif;\n        -webkit-font-smoothing: antialiased;\n        font-size: 14px;\n        line-height: 1.4;\n        margin: 0;\n        padding: 0;\n        -ms-text-size-adjust: 100%;\n        -webkit-text-size-adjust: 100%; }\n\n      table {\n        border-collapse: separate;\n        mso-table-lspace: 0pt;\n        mso-table-rspace: 0pt;\n        width: 100%; }\n        table td {\n          font-family: sans-serif;\n          font-size: 14px;\n          vertical-align: top; }\n\n      /* -------------------------------------\n          BODY & CONTAINER\n      ------------------------------------- */\n\n      .body {\n        background-color: #f6f6f6;\n        width: 100%; }\n\n      /* Set a max-width, and make it display as block so it will automatically stretch to that width, but will also shrink down on a phone or something */\n      .container {\n        display: block;\n        Margin: 0 auto !important;\n        /* makes it centered */\n        max-width: 580px;\n        padding: 10px;\n        width: 580px; }\n\n      /* This should also be a block element, so that it will fill 100% of the .container */\n      .content {\n        box-sizing: border-box;\n        display: block;\n        Margin: 0 auto;\n        max-width: 580px;\n        padding: 10px; }\n\n      /* -------------------------------------\n          HEADER, FOOTER, MAIN\n      ------------------------------------- */\n      .main {\n        background: #ffffff;\n        border-radius: 3px;\n        width: 100%; }\n\n      .wrapper {\n        box-sizing: border-box;\n        padding: 20px; }\n\n      .content-block {\n        padding-bottom: 10px;\n        padding-top: 10px;\n      }\n\n      .footer {\n        clear: both;\n        Margin-top: 10px;\n        text-align: center;\n        width: 100%; }\n        .footer td,\n        .footer p,\n        .footer span,\n        .footer a {\n          color: #999999;\n          font-size: 12px;\n          text-align: center; }\n\n      /* -------------------------------------\n          TYPOGRAPHY\n      ------------------------------------- */\n      h1,\n      h2,\n      h3,\n      h4 {\n        color: #000000;\n        font-family: sans-serif;\n        font-weight: 400;\n        line-height: 1.4;\n        margin: 0;\n        Margin-bottom: 30px; }\n\n      h1 {\n        font-size: 35px;\n        font-weight: 300;\n        text-align: center;\n        text-transform: capitalize; }\n\n      p,\n      ul,\n      ol {\n        font-family: sans-serif;\n        font-size: 14px;\n        font-weight: normal;\n        margin: 0;\n        Margin-bottom: 15px; }\n        p li,\n        ul li,\n        ol li {\n          list-style-position: inside;\n          margin-left: 5px; }\n\n      a {\n        color: #3498db;\n        text-decoration: underline; }\n\n      /* -------------------------------------\n          BUTTONS\n      ------------------------------------- */\n      .btn {\n        box-sizing: border-box;\n        width: 100%; }\n        .btn > tbody > tr > td {\n          padding-bottom: 15px; }\n        .btn table {\n          width: auto; }\n        .btn table td {\n          background-color: #ffffff;\n          border-radius: 5px;\n          text-align: center; }\n        .btn a {\n          background-color: #ffffff;\n          border: solid 1px #3498db;\n          border-radius: 5px;\n          box-sizing: border-box;\n          color: #3498db;\n          cursor: pointer;\n          display: inline-block;\n          font-size: 14px;\n          font-weight: bold;\n          margin: 0;\n          padding: 12px 25px;\n          text-decoration: none;\n          text-transform: capitalize; }\n\n      .btn-primary table td {\n        background-color: #3498db; }\n\n      .btn-primary a {\n        background-color: #3498db;\n        border-color: #3498db;\n        color: #ffffff; }\n\n      /* -------------------------------------\n          OTHER STYLES THAT MIGHT BE USEFUL\n      ------------------------------------- */\n      .last {\n        margin-bottom: 0; }\n\n      .first {\n        margin-top: 0; }\n\n      .align-center {\n        text-align: center; }\n\n      .align-right {\n        text-align: right; }\n\n      .align-left {\n        text-align: left; }\n\n      .clear {\n        clear: both; }\n\n      .mt0 {\n        margin-top: 0; }\n\n      .mb0 {\n        margin-bottom: 0; }\n\n      .preheader {\n        color: transparent;\n        display: none;\n        height: 0;\n        max-height: 0;\n        max-width: 0;\n        opacity: 0;\n        overflow: hidden;\n        mso-hide: all;\n        visibility: hidden;\n        width: 0; }\n\n      .powered-by a {\n        text-decoration: none; }\n\n      hr {\n        border: 0;\n        border-bottom: 1px solid #f6f6f6;\n        Margin: 20px 0; }\n\n      /* -------------------------------------\n          RESPONSIVE AND MOBILE FRIENDLY STYLES\n      ------------------------------------- */\n      @media only screen and (max-width: 620px) {\n        table[class=body] h1 {\n          font-size: 28px !important;\n          margin-bottom: 10px !important; }\n        table[class=body] p,\n        table[class=body] ul,\n        table[class=body] ol,\n        table[class=body] td,\n        table[class=body] span,\n        table[class=body] a {\n          font-size: 16px !important; }\n        table[class=body] .wrapper,\n        table[class=body] .article {\n          padding: 10px !important; }\n        table[class=body] .content {\n          padding: 0 !important; }\n        table[class=body] .container {\n          padding: 0 !important;\n          width: 100% !important; }\n        table[class=body] .main {\n          border-left-width: 0 !important;\n          border-radius: 0 !important;\n          border-right-width: 0 !important; }\n        table[class=body] .btn table {\n          width: 100% !important; }\n        table[class=body] .btn a {\n          width: 100% !important; }\n        table[class=body] .img-responsive {\n          height: auto !important;\n          max-width: 100% !important;\n          width: auto !important; }}\n\n      /* -------------------------------------\n          PRESERVE THESE STYLES IN THE HEAD\n      ------------------------------------- */\n      @media all {\n        .ExternalClass {\n          width: 100%; }\n        .ExternalClass,\n        .ExternalClass p,\n        .ExternalClass span,\n        .ExternalClass font,\n        .ExternalClass td,\n        .ExternalClass div {\n          line-height: 100%; }\n        .apple-link a {\n          color: inherit !important;\n          font-family: inherit !important;\n          font-size: inherit !important;\n          font-weight: inherit !important;\n          line-height: inherit !important;\n          text-decoration: none !important; }\n        .btn-primary table td:hover {\n          background-color: #34495e !important; }\n        .btn-primary a:hover {\n          background-color: #34495e !important;\n          border-color: #34495e !important; } }\n.invyce_table th, td {\n    padding: 5px;\n    text-align: left;}\n    .jo_dena_ho\n    {\n      border: 1px solid #cccccc;\n      border-collapse: collapse;;\n    }\n    </style>\n  </head>\n  <body class="">\n    <table border="0" cellpadding="0" cellspacing="0" class="body">\n      <tr>\n        <td>&nbsp;</td>\n        <td class="container">\n          <div class="content">\n\n            <!-- START CENTERED WHITE CONTAINER -->\n            <span class="preheader">This is preheader text. Some clients will show this text as a preview.</span>\n            <table class="main">\n\n              <!-- START MAIN CONTENT AREA -->\n              <tr>\n                <td class="wrapper">\n                  <table border="0" cellpadding="0" cellspacing="0">\n                    <tr>\n                      <td>\n                        <p>Hi {{useremail}},</p>\n                        <p>Sometimes you just want to send a simple HTML email with a simple design and clear call to action. This is it.</p>\n                        <div class="invyce_table">\n\n                        <table style="border: 1px solid black;border-collapse: collapse;">\n                          <tr >\n                            <th class="jo_dena_ho">Transaction Id:</th>\n                            <td class="jo_dena_ho">{{tx}}</td>\n                          </tr>\n                          <tr>\n                            <th class="jo_dena_ho">Address:</th>\n                            <td class="jo_dena_ho">{{address}}</td>\n                          </tr>\n                          <tr>\n                            <th class="jo_dena_ho">Amount:</th>\n                            <td class="jo_dena_ho">{{amount}}</td>\n                          </tr>\n                        </table>\n\n                        </div>\n                        \n                        <!-- <table border="0" cellpadding="0" cellspacing="0" class="btn btn-primary">\n                          <tbody>\n                            <tr>\n                              <td align="left">\n                                <table border="0" cellpadding="0" cellspacing="0">\n                                  <tbody>\n                                    <tr>\n                                      <td>Transaction Id</td><td>{{tx}} </td>\n                                    </tr><tr>\n                                      <td>Address</td><td>{{address}} </td>\n                                    </tr>\n                                    <tr>\n                                      <td>Amount</td><td>{{amount}} </td>\n                                    </tr>\n                                  </tbody>\n                                </table>\n                              </td>\n                            </tr>\n                          </tbody>\n                        </table> -->\n                        <p>This is a really simple email template. Its sole purpose is to get the recipient to click the button with no distractions.</p>\n                        <p>Good luck! Hope it works.</p>\n                      </td>\n                    </tr>\n                  </table>\n                </td>\n              </tr>\n\n            <!-- END MAIN CONTENT AREA -->\n            </table>\n\n            <!-- START FOOTER -->\n            <div class="footer">\n              <table border="0" cellpadding="0" cellspacing="0">\n                <tr>\n                  <td class="content-block">\n                    <span class="apple-link">Paycrypt Inc, Unit N0 304-305 Spaze I-tech park,sector-49 sohna road gurgaon</span>\n                    \n                  </td>\n                </tr>\n                \n              </table>\n            </div>\n            <!-- END FOOTER -->\n\n          <!-- END CENTERED WHITE CONTAINER -->\n          </div>\n        </td>\n        <td>&nbsp;</td>\n      </tr>\n    </table>\n  </body>\n</html>');

-- --------------------------------------------------------

--
-- Table structure for table `merchant_plan`
--

CREATE TABLE `merchant_plan` (
  `id` int(11) NOT NULL,
  `merchantId` varchar(50) DEFAULT NULL,
  `payer_email` varchar(150) DEFAULT NULL,
  `payer_id` varchar(150) DEFAULT NULL,
  `payer_status` varchar(150) DEFAULT NULL,
  `first_name` varchar(150) DEFAULT NULL,
  `last_name` varchar(150) DEFAULT NULL,
  `address_name` varchar(150) DEFAULT NULL,
  `address_street` text,
  `address_city` varchar(50) DEFAULT NULL,
  `address_country_code` varchar(50) DEFAULT NULL,
  `address_zip` varchar(50) DEFAULT NULL,
  `txn_id` text,
  `mc_currency` varchar(50) DEFAULT NULL,
  `mc_fee` float DEFAULT NULL,
  `mc_gross` float DEFAULT NULL,
  `protection_eligibility` varchar(50) DEFAULT NULL,
  `payment_fee` float DEFAULT NULL,
  `payment_gross` float DEFAULT NULL,
  `payment_status` varchar(50) DEFAULT NULL,
  `payment_type` varchar(50) DEFAULT NULL,
  `item_name` varchar(50) DEFAULT NULL,
  `item_number` varchar(10) DEFAULT NULL,
  `txn_type` varchar(50) DEFAULT NULL,
  `payment_date` varchar(150) DEFAULT NULL,
  `business` varchar(150) DEFAULT NULL,
  `receiver_id` varchar(150) DEFAULT NULL,
  `notify_version` varchar(150) DEFAULT NULL,
  `verify_sign` text
) ENGINE=InnoDB DEFAULT CHARSET=latin1;

--
-- Dumping data for table `merchant_plan`
--

INSERT INTO `merchant_plan` (`id`, `merchantId`, `payer_email`, `payer_id`, `payer_status`, `first_name`, `last_name`, `address_name`, `address_street`, `address_city`, `address_country_code`, `address_zip`, `txn_id`, `mc_currency`, `mc_fee`, `mc_gross`, `protection_eligibility`, `payment_fee`, `payment_gross`, `payment_status`, `payment_type`, `item_name`, `item_number`, `txn_type`, `payment_date`, `business`, `receiver_id`, `notify_version`, `verify_sign`) VALUES
(1, NULL, NULL, NULL, NULL, NULL, NULL, NULL, NULL, NULL, NULL, NULL, NULL, NULL, NULL, NULL, NULL, NULL, NULL, NULL, NULL, NULL, NULL, NULL, NULL, NULL, NULL, NULL, NULL),
(2, '25', 'chandu2019@yopmail.com', 'Y9MSGK2KMV6JA', 'VERIFIED', 'sdsa', 'dfdfdfsd', 'sdsa dfdfdfsd', 'Flat no. 507 Wing A Raheja Residency', 'Mumbai', 'IN', '400097', '1DN77597PC5086905', 'INR', 40.12, 1000, 'ELIGIBLE', 40.12, 1000, 'Completed', 'instant', 'UNLIMITED', '3', 'web_accept', '2018-04-25T11:01:05Z', 'p.chandra@blockon.tech', '4AV7HZFKZ977W', 'UNVERSIONED', 'APo95D3kRXcouJabmlE4Yf-LAiUkAT.-ANx.2OVm-HjEzBKLRCP8TSqA'),
(3, '25', 'chandu2019@yopmail.com', 'Y9MSGK2KMV6JA', 'VERIFIED', 'sdsa', 'dfdfdfsd', 'sdsa dfdfdfsd', 'Flat no. 507 Wing A Raheja Residency', 'Mumbai', 'IN', '400097', '1DN77597PC5086905', 'INR', 40.12, 1000, 'ELIGIBLE', 40.12, 1000, 'Completed', 'instant', 'UNLIMITED', '3', 'web_accept', '2018-04-25T11:01:05Z', 'p.chandra@blockon.tech', '4AV7HZFKZ977W', 'UNVERSIONED', 'APo95D3kRXcouJabmlE4Yf-LAiUkAT.-ANx.2OVm-HjEzBKLRCP8TSqA'),
(4, '25', 'chandu2019@yopmail.com', 'Y9MSGK2KMV6JA', 'VERIFIED', 'sdsa', 'dfdfdfsd', 'sdsa dfdfdfsd', 'Flat no. 507 Wing A Raheja Residency', 'Mumbai', 'IN', '400097', '1DN77597PC5086905', 'INR', 40.12, 1000, 'ELIGIBLE', 40.12, 1000, 'Completed', 'instant', 'UNLIMITED', '3', 'web_accept', '2018-04-25T11:01:05Z', 'p.chandra@blockon.tech', '4AV7HZFKZ977W', 'UNVERSIONED', 'APo95D3kRXcouJabmlE4Yf-LAiUkAT.-ANx.2OVm-HjEzBKLRCP8TSqA'),
(5, '25', 'chandu2019@yopmail.com', 'Y9MSGK2KMV6JA', 'VERIFIED', 'sdsa', 'dfdfdfsd', 'sdsa dfdfdfsd', 'Flat no. 507 Wing A Raheja Residency', 'Mumbai', 'IN', '400097', '1DN77597PC5086905', 'INR', 40.12, 1000, 'ELIGIBLE', 40.12, 1000, 'Completed', 'instant', 'UNLIMITED', '3', 'web_accept', '2018-04-25T11:01:05Z', 'p.chandra@blockon.tech', '4AV7HZFKZ977W', 'UNVERSIONED', 'APo95D3kRXcouJabmlE4Yf-LAiUkAT.-ANx.2OVm-HjEzBKLRCP8TSqA'),
(6, '25', 'chandu2019@yopmail.com', 'Y9MSGK2KMV6JA', 'VERIFIED', 'sdsa', 'dfdfdfsd', 'sdsa dfdfdfsd', 'Flat no. 507 Wing A Raheja Residency', 'Mumbai', 'IN', '400097', '1DN77597PC5086905', 'INR', 40.12, 1000, 'ELIGIBLE', 40.12, 1000, 'Completed', 'instant', 'UNLIMITED', '3', 'web_accept', '2018-04-25T11:01:05Z', 'p.chandra@blockon.tech', '4AV7HZFKZ977W', 'UNVERSIONED', 'APo95D3kRXcouJabmlE4Yf-LAiUkAT.-ANx.2OVm-HjEzBKLRCP8TSqA'),
(7, '25', 'chandu2019@yopmail.com', 'Y9MSGK2KMV6JA', 'VERIFIED', 'sdsa', 'dfdfdfsd', 'sdsa dfdfdfsd', 'Flat no. 507 Wing A Raheja Residency', 'Mumbai', 'IN', '400097', '1DN77597PC5086905', 'INR', 40.12, 1000, 'ELIGIBLE', 40.12, 1000, 'Completed', 'instant', 'UNLIMITED', '3', 'web_accept', '2018-04-25T11:01:05Z', 'p.chandra@blockon.tech', '4AV7HZFKZ977W', 'UNVERSIONED', 'APo95D3kRXcouJabmlE4Yf-LAiUkAT.-ANx.2OVm-HjEzBKLRCP8TSqA'),
(8, '25', 'chandu2019@yopmail.com', 'Y9MSGK2KMV6JA', 'VERIFIED', 'sdsa', 'dfdfdfsd', 'sdsa dfdfdfsd', 'Flat no. 507 Wing A Raheja Residency', 'Mumbai', 'IN', '400097', '1DN77597PC5086905', 'INR', 40.12, 1000, 'ELIGIBLE', 40.12, 1000, 'Completed', 'instant', 'UNLIMITED', '3', 'web_accept', '2018-04-25T11:01:05Z', 'p.chandra@blockon.tech', '4AV7HZFKZ977W', 'UNVERSIONED', 'APo95D3kRXcouJabmlE4Yf-LAiUkAT.-ANx.2OVm-HjEzBKLRCP8TSqA'),
(9, '25', 'chandu2019@yopmail.com', 'Y9MSGK2KMV6JA', 'VERIFIED', 'sdsa', 'dfdfdfsd', 'sdsa dfdfdfsd', 'Flat no. 507 Wing A Raheja Residency', 'Mumbai', 'IN', '400097', '1DN77597PC5086905', 'INR', 40.12, 1000, 'ELIGIBLE', 40.12, 1000, 'Completed', 'instant', 'UNLIMITED', '3', 'web_accept', '2018-04-25T11:01:05Z', 'p.chandra@blockon.tech', '4AV7HZFKZ977W', 'UNVERSIONED', 'APo95D3kRXcouJabmlE4Yf-LAiUkAT.-ANx.2OVm-HjEzBKLRCP8TSqA'),
(10, '25', 'chandu2019@yopmail.com', 'Y9MSGK2KMV6JA', 'VERIFIED', 'sdsa', 'dfdfdfsd', 'sdsa dfdfdfsd', 'Flat no. 507 Wing A Raheja Residency', 'Mumbai', 'IN', '400097', '9C173303596961945', 'INR', 20.06, 500, 'ELIGIBLE', 20.06, 500, 'Completed', 'instant', 'BUSINESS', '2', 'web_accept', '2018-04-25T11:39:51Z', 'p.chandra@blockon.tech', '4AV7HZFKZ977W', 'UNVERSIONED', 'A.TzJNj9shbYBAmb0.QmzsuZ4bT2AB10g6Gkd9KAX-niIEZqlXO5rzGL'),
(11, '25', 'chandu2019@yopmail.com', 'Y9MSGK2KMV6JA', 'VERIFIED', 'sdsa', 'dfdfdfsd', 'sdsa dfdfdfsd', 'Flat no. 507 Wing A Raheja Residency', 'Mumbai', 'IN', '400097', '9C173303596961945', 'INR', 20.06, 500, 'ELIGIBLE', 20.06, 500, 'Completed', 'instant', 'BUSINESS', '2', 'web_accept', '2018-04-25T11:39:51Z', 'p.chandra@blockon.tech', '4AV7HZFKZ977W', 'UNVERSIONED', 'A.TzJNj9shbYBAmb0.QmzsuZ4bT2AB10g6Gkd9KAX-niIEZqlXO5rzGL'),
(12, '25', 'chandu2019@yopmail.com', 'Y9MSGK2KMV6JA', 'VERIFIED', 'sdsa', 'dfdfdfsd', 'sdsa dfdfdfsd', 'Flat no. 507 Wing A Raheja Residency', 'Mumbai', 'IN', '400097', '7VK40461WJ864614L', 'INR', 20.06, 500, 'ELIGIBLE', 20.06, 500, 'Completed', 'instant', 'BUSINESS', '2', 'web_accept', '2018-04-25T12:05:08Z', 'p.chandra@blockon.tech', '4AV7HZFKZ977W', 'UNVERSIONED', 'AA24pxGod.zZmeVkZZBZLqTKHTFqA6Kg-1TJ-Y1wz4rnljVzf26T1LVX');

-- --------------------------------------------------------

--
-- Table structure for table `message`
--

CREATE TABLE `message` (
  `id` int(11) NOT NULL,
  `email` varchar(255) NOT NULL,
  `subject` varchar(255) NOT NULL,
  `message` text NOT NULL,
  `invoice` varchar(50) NOT NULL,
  `created_date` datetime NOT NULL DEFAULT CURRENT_TIMESTAMP,
  `status` int(11) DEFAULT '1'
) ENGINE=InnoDB DEFAULT CHARSET=latin1;

--
-- Dumping data for table `message`
--

INSERT INTO `message` (`id`, `email`, `subject`, `message`, `invoice`, `created_date`, `status`) VALUES
(1, 'pv16061995@gmail.com', 'test', 'Helllo', 'INV001', '2018-03-17 09:15:54', 1),
(2, 'pv16061995@gmail.com', 'test', 'hello prateek', '', '2018-03-17 09:15:54', 1),
(3, 'pk123@gmail.com', 'Invoice Id', 'Transection Invoice Id:27350', '27350', '2018-03-17 13:23:37', 1),
(4, 'sahutech8@gmail.com', 'Invoice Id', 'Transection Invoice Id:32843', '32843', '2018-03-17 13:24:10', 1),
(5, 'sahutech8@gmail.com', 'Invoice Id', 'Transection Invoice Id:20497', '20497', '2018-03-17 13:25:37', 1),
(6, 'monukaushik51@gmail.com', 'Invoice Id', 'Transection Invoice Id:23051', '23051', '2018-03-17 13:25:45', 1),
(7, 'monukaushik51@gmail.com', 'Invoice Id', 'Transection Invoice Id:19578', '19578', '2018-03-17 13:34:10', 1),
(8, 'sahutech8@gmail.com', 'Invoice Id', 'Transection Invoice Id:25929', '25929', '2018-03-17 13:34:47', 1),
(9, 'sahutech8@gmail.com', 'Invoice Id', 'Transection Invoice Id:16139', '16139', '2018-03-17 13:40:03', 1),
(10, 'monukaushik51@gmail.com', 'Invoice Id', 'Transection Invoice Id:16169', '16169', '2018-03-17 13:41:07', 1),
(11, 'chandu2013pal@gmail.com', 'Invoice Id', 'Transection Invoice Id:28991', '28991', '2018-03-17 13:44:38', 1),
(12, 'chandu2013pal@gmail.com', 'Invoice Id', 'Transection Invoice Id:52472', '52472', '2018-03-17 13:46:38', 1),
(13, 'sahutech8@gmail.com', 'Invoice Id', 'Transection Invoice Id:54761', '54761', '2018-03-17 13:46:52', 1),
(14, 'monukaushik51@gmail.com', 'Invoice Id', 'Transection Invoice Id:76090', '76090', '2018-03-17 13:53:51', 1),
(15, 'chandu2013pal@gmail.com', 'Invoice Id', 'Transection Invoice Id:91593', '91593', '2018-03-17 14:03:13', 1),
(16, 'sahutech8@gmail.com', 'Invoice Id', 'Transection Invoice Id:61527', '61527', '2018-03-17 14:05:32', 1),
(17, 'ffdfds@gmail.com', 'Invoice Id', 'Transection Invoice Id:30735', '30735', '2018-03-17 15:47:51', 1),
(18, 'ffdfds@gmail.com', 'Invoice Id', 'Transection Invoice Id:52480', '52480', '2018-03-17 15:50:10', 1),
(19, 'ffdfds@gmail.com', 'Invoice Id', 'Transection Invoice Id:19352', '19352', '2018-03-17 15:52:03', 1),
(20, 'ffdfds@gmail.com', 'Invoice Id', 'Transection Invoice Id:92266', '92266', '2018-03-17 15:52:22', 1),
(21, 'chandu2013pal@gmail.com', 'Invoice Id', 'Transection Invoice Id:54404', '54404', '2018-04-02 18:03:23', 1),
(22, 'chandu2013pal@gmail.com', 'Invoice Id', 'Transection Invoice Id:90989', '90989', '2018-04-02 18:36:42', 1),
(23, 'chandu2013pal@gmail.com', 'Invoice Id', 'Transection Invoice Id:37488', '37488', '2018-04-02 18:38:05', 1),
(24, 'chandu2013pal@gmail.com', 'Invoice Id', 'Transection Invoice Id:12558', '12558', '2018-04-02 18:54:13', 1);

-- --------------------------------------------------------

--
-- Table structure for table `monetiser`
--

CREATE TABLE `monetiser` (
  `monetiser_id` int(11) NOT NULL,
  `boxID` varchar(255) DEFAULT NULL,
  `key_id` varchar(255) NOT NULL,
  `email` varchar(255) DEFAULT NULL,
  `privateURL` varchar(255) DEFAULT NULL,
  `privateText` varchar(255) DEFAULT NULL,
  `publicTitle` varchar(255) DEFAULT NULL,
  `coinLabel` varchar(255) DEFAULT NULL,
  `coinName` varchar(255) NOT NULL,
  `active` enum('0','1') DEFAULT '1',
  `created` timestamp NULL DEFAULT CURRENT_TIMESTAMP,
  `mon_update` timestamp NULL DEFAULT CURRENT_TIMESTAMP
) ENGINE=InnoDB DEFAULT CHARSET=latin1;

--
-- Dumping data for table `monetiser`
--

INSERT INTO `monetiser` (`monetiser_id`, `boxID`, `key_id`, `email`, `privateURL`, `privateText`, `publicTitle`, `coinLabel`, `coinName`, `active`, `created`, `mon_update`) VALUES
(2, '201803302', '2', 'chandu2013pal@gmail.com', 'G5hcKQTIjV7aadc629c7f3be119f5b4364340e2d93', 'sffdfsgf', 'sdsdsa', 'assfdfdfsd', 'BitCoin', '1', '2018-03-30 16:18:22', '2018-03-30 16:18:22'),
(3, '201803303', '3', 'chandu2013pal@gmail.com', 'NGQms6Al0bb9e4f0b37bec2f7e43890642a1f523d9', 'aeeefdfdfs', 'sffgfgf', 'dffdfdfs', 'BitCoin', '1', '2018-03-30 16:20:02', '2018-03-30 16:20:02'),
(4, '201803304', '4', 'chandu2013pal@gmail.com', 'NrlOiqaKt16c3828a066ee21eba49910df1496a7f2', 'dfdfsdfds', 'ereretwar', 'asddfdfds', 'BitCoin', '1', '2018-03-30 16:21:32', '2018-03-30 16:21:32'),
(5, '20180331', '1', 'chandu2013pal@gmail.com', 'myL74vjVkC5a3ae70d65f57df921aee745a790a456', 'dfdfdfsff', 'ddfdfs', 'ssdddf', 'BitCoin', '1', '2018-03-30 16:22:26', '2018-03-30 16:22:26'),
(6, '201803305', '5', 'chandu2013pal@gmail.com', 'lrnsx5XmZq3aad837d024cc0d238ae5bf5ba3b3fc3', 'fdfdvdfds', 'fddfdsfsd', 'dfdfdfdfs', 'BitCoin', '1', '2018-03-30 16:24:33', '2018-03-30 16:24:33'),
(7, '201803306', '6', 'chandu2013pal@gmail.com', 'yvlKuzmC0S3aa66561389c359839775488b3fccabd', 'dfdfgfgfdgfd', 'retrtrretrter', 'sfdfgs', 'BitCoin', '1', '2018-03-30 16:27:16', '2018-03-30 16:27:16'),
(8, '201804107', '7', 'shashank@bloque.in', 'seoqGQUWzke79485d7ad0a7a511ebe64bf189620d0', 'https://www.google.co.in/', 'test', 'test', 'BitCoin', '1', '2018-04-10 10:19:05', '2018-04-10 10:19:05'),
(9, '201804168', '8', 'chandu2013pal@gmail.com', 'RSI9owcFVD316c134ca94fdf3f71b5c7e9fc467700', 'cfgcgfgdgdg', 'adadsd', 'BitCoin', 'BitCoin', '1', '2018-04-16 09:48:12', '2018-04-16 09:48:12'),
(10, '201804169', '9', 'chandu2013pal@gmail.com', 'hZce48EJo14ebe3db1f961119e88cd14f6bede64ce', 'sdgfgfgg', 'ACGG', 'LiteCoin', 'BitCoin', '1', '2018-04-16 10:52:26', '2018-04-16 10:52:26'),
(12, '201804170', '10', 'chandu2013pal@gmail.com', 'mM8xpDU9J0d81a820d3b329e34df1bb72d25169f23', 'dfdfds', 'TestingBox', 'LiteCoin', 'BitCoin', '1', '2018-04-16 12:01:00', '2018-04-16 12:01:00'),
(16, '2018041611', '11', 'chandu2013pal@gmail.com', 'vz5MTag4y20068778cf811e0d1f69d63957abdc40a', 'ssdzxcx', 'HelloHello', 'DogeCoin', 'BitCoin', '1', '2018-04-16 12:08:25', '2018-04-16 12:08:25'),
(17, '2018041612', '12', 'chandu2013pal@gmail.com', 'iwYNuaUFtm6919d619b432fb84adb9e408d410f786', 'dfsfdfdsf', 'Test2', 'Ethareum', 'BitCoin', '1', '2018-04-16 12:13:00', '2018-04-16 12:13:00'),
(18, '2018041713', '13', 'chiranjit234@yopmail.com', '29uJvHmMKwb5b00137728158076807effc5ba7f2aa', 'Anything that concern to this matter.', 'ACGG', 'BitCoin', 'BitCoin', '1', '2018-04-17 07:52:27', '2018-04-17 07:52:27'),
(19, '2018041714', '14', 'demo@paycrypt.com', 'QT6silZgPGf62faa53574483310e70e69cafee86cc', 'test', 'Demo', 'Bitcoin', 'BitCoin', '1', '2018-04-17 12:39:47', '2018-04-17 12:39:47'),
(20, '2018041815', '15', 'penny123@yopmail.com', 'kI2TFaPvpca10ecf0935768749160c1669f0c2c6c8', 'this field should not be validated its optional', 'ACGG', 'BitCoin', 'BitCoin', '1', '2018-04-18 07:03:30', '2018-04-18 07:03:30'),
(21, '2018050316', '16', 'shikhabahal25@gmail.com', 'Jy1VTK7fFL3da78b864bdd84349285387bb887384a', 'Hello', 'Fkipkart Payment', 'Bitcoin', 'BitCoin', '1', '2018-05-03 10:02:43', '2018-05-03 10:02:43'),
(22, '2018050417', '17', 'chandu2013pal@gmail.com', 'qJGzx6wuTA2c6a60b8bd6e2d8a1ad24937490cc8b3', 'hello', 'Box Name', 'Bitcoin', 'BitCoin', '1', '2018-05-04 09:55:51', '2018-05-04 09:55:51'),
(23, '2018050418', '18', 'b.shikha@blockon.tech', 'ce5qFHXJip7767f92dc421631cf9b52ae16b872760', 'Hello', 'Box Title', 'Bitcoin', 'BitCoin', '1', '2018-05-04 11:54:05', '2018-05-04 11:54:05'),
(24, '2018051019', '19', 'shikhabahal25@gmail.com', '4BCMb2S5rp6aab092ab26d75c819c7794bb4057318', 'Hello CJ', 'CJ', 'Chiranjeet', 'BitCoin', '1', '2018-05-10 11:33:58', '2018-05-10 11:33:58'),
(25, '2018051120', '20', 'shikhabahal25@gmail.com', '7buC8Hrty002ca9b595947438dffe16ca9c87fe244', 'Hello', 'Sakshi Button', 'SA', 'BitCoin', '1', '2018-05-11 06:36:24', '2018-05-11 06:36:24'),
(26, '2018051221', '21', 'chandu2013pal@gmail.com', '43a7eHDFB893758cc75e8a7623f332cda4b4c4d144', 'hello how are you..', 'Hello', 'Bitcoin', 'BitCoin', '1', '2018-05-12 07:46:22', '2018-05-12 07:46:22'),
(27, '2018051524', '24', 'akhilesh@yopmail.com', '8mAD7bqoYp69edb76728e06fa8bb3f869ff16e9292', 'nothing', 'Litcoin', 'LC', 'LiteCoin', '1', '2018-05-15 07:13:06', '2018-05-15 07:13:06'),
(28, '2018051525', '25', 'akhilesh@yopmail.com', 'hFUoDS54N8ea6d3f5c4b27dad838f7a9478596f2d7', 'sakshi', 'btc', 'BTC', 'BitCoin', '1', '2018-05-15 09:39:21', '2018-05-15 09:39:21'),
(29, '2018051527', '27', 'chandu2013pal@gmail.com', 'qaluIH9Q3740c38b896f8abd3e69a89b704004ecbd', 'fgfdgsfdg', 'fgfgsdf', 'fgfgsfd', 'BitCoin', '1', '2018-05-15 10:03:12', '2018-05-15 10:03:12'),
(30, '2018051528', '28', 'chandu2013pal@gmail.com', 'h3a1ym6GLCe312c8885b0a064a7303fc3dbfe31520', 'adasdasdasfad', 'fgfgsdf', 'fgfgsfd', 'BitCoin', '1', '2018-05-15 10:04:23', '2018-05-15 10:04:23'),
(31, '2018051529', '29', 'chandu2013pal@gmail.com', 'QyuPqXT8RWbeaacdf775dee8122b2b89c65babb8bc', 'dsfdfdfa', 'fgfgsdf', 'fgfgsfd', 'BitCoin', '1', '2018-05-15 10:58:13', '2018-05-15 10:58:13'),
(32, '2018051837', '37', 'chandu2013pal@gmail.com', 'rj6QK2VC3YBitcoin59c1e89ce854f6aa115ba5af646e910d', NULL, 'Server Box', 'Bitcoin', '', '1', '2018-05-18 09:59:06', '2018-05-18 09:59:06'),
(33, '2018051938', '38', 'rikki@yopmail.com', 'p1N3CqHKrWLT8f2d5333918d05548a14fdd3005db352', NULL, 'Litcoin', 'LT', '', '1', '2018-05-19 07:52:40', '2018-05-19 07:52:40'),
(34, '2018051939', '39', 'rikki@yopmail.com', 'jtXF6EpRveBTC5f3236115f111a8b9d8a218a62c85646', NULL, 'bitcoin', 'BTC', '', '1', '2018-05-19 08:01:47', '2018-05-19 08:01:47'),
(35, '2018051940', '40', 'rikki@yopmail.com', 'qOVWAYGfoQlllllllllle7f9fd84187a585517914fbd53991516', NULL, 'tttttttt', 'llllllllll', '', '1', '2018-05-19 08:20:46', '2018-05-19 08:20:46'),
(36, '2018051941', '41', 'rikki@yopmail.com', 'GSVMtNTf6axvcvbb1929b8ac08bf468577bae29048e90ebb', NULL, 'dgdfgdfh', 'xvcvbb', '', '1', '2018-05-19 10:40:06', '2018-05-19 10:40:06'),
(37, '2018051942', '42', 'rikki@yopmail.com', 'CfZFLOzv0rvxcvcgvf2c42125788017bff30ff2abe3233a7f', NULL, 'xxf', 'vxcvcgv', '', '1', '2018-05-19 10:41:16', '2018-05-19 10:41:16'),
(38, '2018051943', '43', 'rikki@yopmail.com', 'LpoG0M8ZNIsdsdgdf921183a5c65f0e1186217093baebaab8', NULL, 'cdfsdfs', 'sdsdgdf', '', '1', '2018-05-19 10:41:56', '2018-05-19 10:41:56'),
(39, '2018051944', '44', 'rikki@yopmail.com', 'L3pigW8N6ozsddfsd59023b370741faab2b140813387cca72', NULL, 'sddssd', 'zsddfsd', '', '1', '2018-05-19 10:42:36', '2018-05-19 10:42:36'),
(40, '2018051945', '45', 'rikki@yopmail.com', 'HjUsYoW5z4sdfsdf13b96bcc7430b891632b527eb76c0f06', NULL, 'ddfdf', 'sdfsdf', '', '1', '2018-05-19 10:43:08', '2018-05-19 10:43:08'),
(41, '2018051946', '46', 'rikki@yopmail.com', '1SuyCj0Nwnfdfg354df5cfa19a64c94d49536cd7547fbd', NULL, 'zfdfs', 'fdfg', '', '1', '2018-05-19 10:43:43', '2018-05-19 10:43:43'),
(42, '2018051947', '47', 'rikki@yopmail.com', 'oQUYwNRZhDfsdfsdfsd5ed4c968d0e97adcef0219ed26eccd78', NULL, 'dfdf', 'fsdfsdfsd', '', '1', '2018-05-19 10:44:48', '2018-05-19 10:44:48'),
(43, '2018051948', '48', 'rikki@yopmail.com', 'S73vTClhbmxxxcxc08deb28bb5c1147f2f19e20a03aefca1', NULL, 'czxc', 'xxxcxc', '', '1', '2018-05-19 10:45:30', '2018-05-19 10:45:30'),
(44, '2018052149', '49', 'rikki@yopmail.com', 'UKn3MrQPviBTCa3c5b93e13d4575786057e02a2428c02', NULL, 'Bitcoin', 'BTC', '', '1', '2018-05-21 07:44:27', '2018-05-21 07:44:27'),
(45, '2018070450', '50', 'jacky@yopmail.com', '1sDeXkhoFpBitcoina303f8c6c94327a7de0cb08c4351d56d', NULL, 'fgfgsdf', 'Bitcoin', '', '1', '2018-07-04 09:13:19', '2018-07-04 09:13:19');

-- --------------------------------------------------------

--
-- Table structure for table `payments`
--

CREATE TABLE `payments` (
  `payment_id` int(11) NOT NULL,
  `coin_id` varchar(50) NOT NULL,
  `currency` varchar(50) DEFAULT NULL,
  `recurringType` varchar(50) DEFAULT NULL,
  `address` varchar(200) DEFAULT NULL,
  `datePayment` varchar(40) DEFAULT NULL
) ENGINE=InnoDB DEFAULT CHARSET=latin1;

--
-- Dumping data for table `payments`
--

INSERT INTO `payments` (`payment_id`, `coin_id`, `currency`, `recurringType`, `address`, `datePayment`) VALUES
(11, '38', 'BitCoin', 'Weak', 'eweqwEQ', '2018-03-20'),
(12, '39', 'BitCoinCash', 'Weak', 'eweqwEQ', '2018-03-20'),
(13, '40', 'DashCoin', 'Weak', 'eweqwEQ', '2018-03-20'),
(14, '46', 'PotCoin', 'Month', 'sdsfsdfsdfdsfads', '2018-03-25'),
(15, '45', 'PeerCoin', 'Weak', 'ffgfcghghhj', '2018-03-20'),
(16, '42', 'DogeCoin', '15 Days', 'sdsfsdfsdfdsfads', '2018-03-12'),
(17, '43', 'FeatherCoin', '15 Days', 'sdsfsdfsdfdsfads', '2018-03-12');

-- --------------------------------------------------------

--
-- Table structure for table `payments_plan`
--

CREATE TABLE `payments_plan` (
  `payment_id` int(11) NOT NULL,
  `user_id` int(11) NOT NULL,
  `product_id` int(11) NOT NULL,
  `txn_id` varchar(255) COLLATE utf8_unicode_ci NOT NULL,
  `payment_gross` float(10,2) NOT NULL,
  `currency_code` varchar(5) COLLATE utf8_unicode_ci NOT NULL,
  `payer_email` varchar(255) COLLATE utf8_unicode_ci NOT NULL,
  `payment_status` varchar(255) COLLATE utf8_unicode_ci NOT NULL
) ENGINE=InnoDB DEFAULT CHARSET=utf8 COLLATE=utf8_unicode_ci;

-- --------------------------------------------------------

--
-- Table structure for table `payouts`
--

CREATE TABLE `payouts` (
  `payoutId` int(11) NOT NULL,
  `emailId` varchar(50) NOT NULL,
  `currencyName` varchar(50) DEFAULT NULL,
  `amount` float DEFAULT NULL,
  `fees` float DEFAULT NULL,
  `current_amount` float DEFAULT NULL,
  `address` text,
  `category` varchar(50) DEFAULT NULL,
  `transId` text,
  `invoiceId` varchar(50) NOT NULL,
  `createDate` date DEFAULT NULL,
  `month` varchar(10) NOT NULL,
  `year` varchar(10) NOT NULL,
  `success` enum('0','1') DEFAULT '0'
) ENGINE=InnoDB DEFAULT CHARSET=latin1;

--
-- Dumping data for table `payouts`
--

INSERT INTO `payouts` (`payoutId`, `emailId`, `currencyName`, `amount`, `fees`, `current_amount`, `address`, `category`, `transId`, `invoiceId`, `createDate`, `month`, `year`, `success`) VALUES
(36, 'chandu2013pal@gmail.com', 'BitCoin', 0.0001, 0.0000001, 1.28016, 'miUrstpyCFU4UHLbcMWGMxgbB7BMb3AP4W', 'sent', '717037468280fa28d827fcddb7e297222fc2ba2ce29692aba67dc98d8f2055e4', '88876', '2018-04-09', '04', '2018', '1'),
(37, 'chandu2013pal@gmail.com', 'BitCoin', 0.00001, 0.00000001, 1.28005, 'miUrstpyCFU4UHLbcMWGMxgbB7BMb3AP4W', 'sent', '0a0b3e6b33e07709c4cc3210df98c5b77643811614a0887ebaf49186538b59af', '52277', '2018-04-09', '04', '2018', '1'),
(38, 'chandu2013pal@gmail.com', 'BitCoin', 0.001, 0.000001, 1.28004, 'miUrstpyCFU4UHLbcMWGMxgbB7BMb3AP4W', NULL, NULL, '19177', '2018-04-09', '04', '2018', '0'),
(39, 'chandu2013pal@gmail.com', 'BitCoin', 0.001, 0.000001, 1.28004, 'mpvzEG4t1HauAng4ws6PBB9B9qQaW4eFWT', 'sent', '06e9143d51d49ca2d49d263d44a66086a1994ce5d07ea106743ad3f520c28a81', '22513', '2018-04-09', '04', '2018', '1'),
(40, 'chandu2013pal@gmail.com', 'BitCoin', 0.001, 0.000001, 1.27904, 'mpvzEG4t1HauAng4ws6PBB9B9qQaW4eFWT', NULL, NULL, '82324', '2018-04-09', '04', '2018', '0'),
(41, 'chandu2013pal@gmail.com', 'BitCoin', 0.001, 0.000001, 1.27904, 'mpvzEG4t1HauAng4ws6PBB9B9qQaW4eFWT', NULL, NULL, '39262', '2018-04-09', '04', '2018', '0'),
(42, 'chandu2013pal@gmail.com', 'BitCoin', 0.001, 0.000001, 1.27904, 'mpvzEG4t1HauAng4ws6PBB9B9qQaW4eFWT', NULL, NULL, '71970', '2018-04-09', '04', '2018', '0'),
(43, 'chandu2013pal@gmail.com', 'BitCoin', 0.001, 0.000001, 1.27904, 'mpvzEG4t1HauAng4ws6PBB9B9qQaW4eFWT', NULL, NULL, '71912', '2018-04-09', '04', '2018', '0'),
(47, 'chandu2013pal@gmail.com', 'BitCoin', 0.001, 0.000001, 1.27802, 'mpvzEG4t1HauAng4ws6PBB9B9qQaW4eFWT', NULL, NULL, '47589', '2018-04-09', '04', '2018', '0'),
(48, 'chandu2013pal@gmail.com', 'BitCoin', 0.001, 0.000001, 1.27701, 'mpvzEG4t1HauAng4ws6PBB9B9qQaW4eFWT', 'sent', 'fce09f8f638a3390e5482392a9c1fc70d3a0626e07f7827f6a9c3c32e047aa81', '81594', '2018-04-09', '04', '2018', '1'),
(49, 'chandu2013pal@gmail.com', 'BitCoin', 0.001, 0.000001, 1.27601, 'mpvzEG4t1HauAng4ws6PBB9B9qQaW4eFWT', NULL, NULL, '53976', '2018-04-09', '04', '2018', '0'),
(50, 'chandu2013pal@gmail.com', 'BitCoin', 0.001, 0.000001, 1.27755, 'mpvzEG4t1HauAng4ws6PBB9B9qQaW4eFWT', 'sent', 'a01bc4b02ff287f4f04d3d00dd7c4434c13512f613a153e83dea9ca095c57751', '73427', '2018-04-09', '04', '2018', '1'),
(51, 'chandu2013pal@gmail.com', 'BitCoin', 0.001, 0.000001, 1.27655, 'mpvzEG4t1HauAng4ws6PBB9B9qQaW4eFWT', NULL, NULL, '87204', '2018-04-09', '04', '2018', '0'),
(52, 'chandu2013pal@gmail.com', 'BitCoin', 0.001, 0.000001, 1.27555, 'mpvzEG4t1HauAng4ws6PBB9B9qQaW4eFWT', 'sent', '8962422109e73654233314ecd597c6c30a9761bfe39f7e92d2d081c54198d031', '16842', '2018-04-09', '04', '2018', '1'),
(53, 'chandu2013pal@gmail.com', 'BitCoin', 0.0001, 0.0000001, 1.27455, 'mpvzEG4t1HauAng4ws6PBB9B9qQaW4eFWT', 'sent', 'a5627acf523cfdde9cf5a3f1c73b81e1a7dd3ac3f170fe50f35a8d2ed7dd3370', '60019', '2018-04-09', '04', '2018', '1'),
(54, 'chandu2013pal@gmail.com', 'BitCoin', 0.0001, 0.0000001, 1.27444, 'mpvzEG4t1HauAng4ws6PBB9B9qQaW4eFWT', 'sent', 'cb95954cdef4817cd2116dc491ec390f28bcee5093008eee9bee8a36029153ba', '99190', '2018-04-09', '04', '2018', '1'),
(55, 'chandu2013pal@gmail.com', 'BitCoin', 0.0002, 0.0000002, 1.27434, 'mpvzEG4t1HauAng4ws6PBB9B9qQaW4eFWT', 'sent', '61ef3e2f8ca0244401bb3704a6815915fc1ebb1fcf0b36dfa5d4e593d0a19890', '78043', '2018-04-09', '04', '2018', '1'),
(56, 'chandu2013pal@gmail.com', 'BitCoin', 0.0001, 0.0000001, 1.27413, 'mpvzEG4t1HauAng4ws6PBB9B9qQaW4eFWT', 'sent', 'c533837ed248c01e32edd42f7dee52a0b96dc1c8ee0654e354190424f2e2bbb6', '65434', '2018-04-09', '04', '2018', '1'),
(57, 'chandu2013pal@gmail.com', 'BitCoin', 0.0001, 0.0000001, 1.27403, 'mpvzEG4t1HauAng4ws6PBB9B9qQaW4eFWT', 'sent', '753b3e42de97ded9c804b4162243ecb09cbe7ad33de96b206822a7ce8750ae66', '87570', '2018-04-09', '04', '2018', '1'),
(58, 'chandu2013pal@gmail.com', 'BitCoin', 0.0001, 0.0000001, 1.27393, 'mpvzEG4t1HauAng4ws6PBB9B9qQaW4eFWT', 'sent', '8a31066a290c2357c7ff528b0a04befc9c18df2cc0f842ccc700eb10b506ae64', '93861', '2018-04-09', '04', '2018', '1'),
(59, 'chandu2013pal@gmail.com', 'BitCoin', 0.0001, 0.0000001, 1.27383, 'mpvzEG4t1HauAng4ws6PBB9B9qQaW4eFWT', 'sent', '796239253b7fa23ae6e67ca5ff4979cd69b37f131d28727e23f5c4bea123d02b', '78990', '2018-04-09', '04', '2018', '1'),
(60, 'chandu2013pal@gmail.com', 'BitCoin', 0.00001, 0.00000001, 1.27373, 'sdsfdsfsdfsdfdsfsdddfsdfdfdsfdsfdffdfdsfdfds', NULL, NULL, '75137', '2018-04-09', '04', '2018', '0'),
(61, 'chandu2013pal@gmail.com', 'BitCoin', 0.001, 0.000001, 1.27373, 'asdawdasdsadasdasdsaasdsadsad', NULL, NULL, '38151', '2018-04-09', '04', '2018', '0'),
(62, 'chandu2013pal@gmail.com', 'BitCoin', 0.0001, 0.0000001, 1.27373, 'sdfdsffffdfdfssssssssssssfdfsd', NULL, NULL, '98758', '2018-04-09', '04', '2018', '0'),
(63, 'chandu2013pal@gmail.com', 'BitCoin', 0.0001, 0.0000001, 1.27373, 'ererrererewrerere', NULL, NULL, '75676', '2018-04-09', '04', '2018', '0'),
(64, 'chandu2013pal@gmail.com', 'BitCoin', 0.0001, 0.0000001, 1.27373, 'mpvzEG4t1HauAng4ws6PBB9B9qQaW4eFWT', 'sent', '1054e685dd9bb37c8d475f6f4b45ee4f741acde406d75b598833f1906140259a', '41162', '2018-04-10', '04', '2018', '1'),
(65, 'chandu2013pal@gmail.com', 'BitCoin', 0.0001, 0.0000001, 1.27362, 'mpvzEG4t1HauAng4ws6PBB9B9qQaW4eFWT', 'sent', '353880b699f0af5e6cccc0be23df8d4b393a80347eb1cff5d0851951b2a8777e', '88371', '2018-04-10', '04', '2018', '1'),
(66, 'chandu2013pal@gmail.com', 'BitCoin', 0.0001, 0.0000001, 1.27352, 'mpvzEG4t1HauAng4ws6PBB9B9qQaW4eFWT', 'sent', 'f4e44ab0cf41edbfebe181a24e480cc59715847aba354f5f4de38955f3f7e92e', '71135', '2018-04-10', '04', '2018', '1'),
(67, 'chandu2013pal@gmail.com', 'BitCoin', 0.0001, 0.0000001, 1.27342, 'mpvzEG4t1HauAng4ws6PBB9B9qQaW4eFWT', 'sent', '2f57a5fe36a1f4c459f386a1dfc257be474e627ae91a23da10f0d32c82f4ea57', '63475', '2018-04-10', '04', '2018', '1'),
(68, 'chandu2013pal@gmail.com', 'BitCoin', 0.00001, 0.00000001, 1.27332, 'mpvzEG4t1HauAng4ws6PBB9B9qQaW4eFWT', 'sent', '3918fcf5476a746f863a581ad85f9e250ad779d41573c9c16f7698278e81e333', '82613', '2018-04-10', '04', '2018', '1'),
(69, 'chandu2013pal@gmail.com', 'BitCoin', 0.000001, 0, 1.27331, 'mpvzEG4t1HauAng4ws6PBB9B9qQaW4eFWT', NULL, NULL, '71236', '2018-04-10', '04', '2018', '0'),
(70, 'chandu2013pal@gmail.com', 'BitCoin', 0.0001, 0.0000001, 1.27331, 'mpvzEG4t1HauAng4ws6PBB9B9qQaW4eFWT', 'sent', 'ee2d3d983b224540e3e31640cba9afc3db81055a38077cd4a7220e8799557e54', '30613', '2018-04-10', '04', '2018', '1'),
(71, 'chandu2013pal@gmail.com', 'BitCoin', 0.00001, 0.00000001, 1.27321, 'mpvzEG4t1HauAng4ws6PBB9B9qQaW4eFWT', NULL, NULL, '86847', '2018-04-10', '04', '2018', '0'),
(72, 'chandu2013pal@gmail.com', 'BitCoin', 0.00001, 0.00000001, 1.27319, 'mpvzEG4t1HauAng4ws6PBB9B9qQaW4eFWT', NULL, NULL, '42430', '2018-04-10', '04', '2018', '0'),
(73, 'chandu2013pal@gmail.com', 'BitCoin', 0.00001, 0.00000001, 2.24818, 'mpvzEG4t1HauAng4ws6PBB9B9qQaW4eFWT', NULL, NULL, '39252', '2018-04-10', '04', '2018', '0'),
(74, 'chandu2013pal@gmail.com', 'BitCoin', 0.00001, 0.00000001, 2.24817, 'mpvzEG4t1HauAng4ws6PBB9B9qQaW4eFWT', NULL, NULL, '44023', '2018-04-10', '04', '2018', '0'),
(75, 'chandu2013pal@gmail.com', 'BitCoin', 0.00001, 0.00000001, 2.24816, 'mpvzEG4t1HauAng4ws6PBB9B9qQaW4eFWT', NULL, NULL, '20485', '2018-04-10', '04', '2018', '0'),
(76, 'chandu2013pal@gmail.com', 'BitCoin', 0.001, 0.000001, 2.24813, 'mpvzEG4t1HauAng4ws6PBB9B9qQaW4eFWT', NULL, NULL, '17092', '2018-04-10', '04', '2018', '0'),
(77, 'chandu2013pal@gmail.com', 'BitCoin', 0.0001, 0.0000001, 2.24713, 'mpvzEG4t1HauAng4ws6PBB9B9qQaW4eFWT', NULL, NULL, '56095', '2018-04-10', '04', '2018', '0'),
(78, 'chandu2013pal@gmail.com', 'BitCoin', 0.0001, 0.0000001, 2.24703, 'mpvzEG4t1HauAng4ws6PBB9B9qQaW4eFWT', NULL, NULL, '72906', '2018-04-10', '04', '2018', '0'),
(79, 'chandu2013pal@gmail.com', 'BitCoin', 0.0001, 0.0000001, 2.24693, 'mpvzEG4t1HauAng4ws6PBB9B9qQaW4eFWT', NULL, NULL, '30156', '2018-04-10', '04', '2018', '0'),
(80, 'chandu2013pal@gmail.com', 'BitCoin', 0.0001, 0.0000001, 2.24683, 'mpvzEG4t1HauAng4ws6PBB9B9qQaW4eFWT', NULL, NULL, '68011', '2018-04-10', '04', '2018', '0'),
(81, 'chandu2013pal@gmail.com', 'BitCoin', 0.0001, 0.0000001, 2.24662, 'mpvzEG4t1HauAng4ws6PBB9B9qQaW4eFWT', NULL, NULL, '84279', '2018-04-10', '04', '2018', '0'),
(82, 'chandu2013pal@gmail.com', 'BitCoin', 0.0001, 0.0000001, 2.24652, 'mpvzEG4t1HauAng4ws6PBB9B9qQaW4eFWT', NULL, NULL, '81960', '2018-04-10', '04', '2018', '0'),
(83, 'chandu2013pal@gmail.com', 'BitCoin', 0.0001, 0, 2.24642, 'mpvzEG4t1HauAng4ws6PBB9B9qQaW4eFWT', NULL, NULL, '71948', '2018-04-10', '04', '2018', '0'),
(84, 'chandu2013pal@gmail.com', 'BitCoin', 0.0001, 0, 2.24632, 'mpvzEG4t1HauAng4ws6PBB9B9qQaW4eFWT', NULL, NULL, '51622', '2018-04-10', '04', '2018', '0'),
(85, 'chandu2013pal@gmail.com', 'BitCoin', 0.0001, 0, 2.24622, 'mpvzEG4t1HauAng4ws6PBB9B9qQaW4eFWT', NULL, NULL, '49671', '2018-04-10', '04', '2018', '0'),
(86, 'chandu2013pal@gmail.com', 'BitCoin', 0.01, 0.00001, 2.24612, 'mpvzEG4t1HauAng4ws6PBB9B9qQaW4eFWT', NULL, NULL, '56894', '2018-04-10', '04', '2018', '0'),
(87, 'chandu2013pal@gmail.com', 'BitCoin', 0.01, 0.00001, 2.2361, 'mpvzEG4t1HauAng4ws6PBB9B9qQaW4eFWT', 'sent', '91e39b0cc26a373d8de545820718fc65dbb49df50687ffbd91657599cd7043c7', '51430', '2018-04-10', '04', '2018', '1'),
(88, 'chandu2013pal@gmail.com', 'BitCoin', 0.01, 0.00001, 3.64261, 'mpvzEG4t1HauAng4ws6PBB9B9qQaW4eFWT', 'sent', '7bc9a3ecdc3ed9716459b9282155fb11b37f5b29e30b052e1f8ffd1cf1332639', '83254', '2018-04-10', '04', '2018', '1'),
(89, 'chandu2013pal@gmail.com', 'BitCoin', 0.01, 0.00001, 3.63257, 'mpvzEG4t1HauAng4ws6PBB9B9qQaW4eFWT', 'sent', 'fb703c1318b37d5e42e7d776899ba7abe05a87d26c744bcbbb17b063be9d6389', '12906', '2018-04-10', '04', '2018', '1'),
(90, 'chandu2013pal@gmail.com', 'BitCoin', 0.01, 0.00001, 3.62247, 'mpvzEG4t1HauAng4ws6PBB9B9qQaW4eFWT', 'sent', 'e9098376b22c7ee35b957e3acd367dce819c18eaa51effa88a5d7bf191fdd34f', '73926', '2018-04-10', '04', '2018', '1'),
(91, 'chandu2013pal@gmail.com', 'BitCoin', 0.01, 0.00001, 3.61245, 'mpvzEG4t1HauAng4ws6PBB9B9qQaW4eFWT', 'sent', '8b775233f12161ee9123d6d82b9286a769ec02912990cefaf343922b15ff3723', '45406', '2018-04-10', '04', '2018', '1'),
(92, 'chandu2013pal@gmail.com', 'BitCoin', 0.01, 0.00001, 3.60243, 'mpvzEG4t1HauAng4ws6PBB9B9qQaW4eFWT', 'sent', '1dcc28ccc9cc554fc8aebf14ce7a47c780854b64455cae089d286555be5a0dc7', '90906', '2018-04-10', '04', '2018', '1'),
(93, 'chandu2013pal@gmail.com', 'BitCoin', 0.01, 0.00001, 3.59242, 'mpvzEG4t1HauAng4ws6PBB9B9qQaW4eFWT', 'sent', '9873d3d81b52afa489561c6a874e461601af37a6a6b8a16d39f19a71821e5c7f', '23087', '2018-04-10', '04', '2018', '1'),
(94, 'chandu2013pal@gmail.com', 'BitCoin', 0.01, 0.00001, 3.58239, 'mpvzEG4t1HauAng4ws6PBB9B9qQaW4eFWT', 'sent', 'da3b86db1eaf3db727a84bcefdf3bf5074ddb98b32997c98f9c9f57052fc1ba3', '56213', '2018-04-10', '04', '2018', '1'),
(95, 'chandu2013pal@gmail.com', 'BitCoin', 0.01, 0.00001, 4.29245, 'mpvzEG4t1HauAng4ws6PBB9B9qQaW4eFWT', 'sent', 'b09542d758e288d9d84347002fd31da8d1db86c2e8779e763a11bb9066d172dc', '24827', '2018-04-11', '04', '2018', '1'),
(96, 'chandu2013pal@gmail.com', 'BitCoin', 0.2, 0.0002, 4.28243, 'mpvzEG4t1HauAng4ws6PBB9B9qQaW4eFWT', 'sent', '30da12ac698845627e08a8d981c0a6969e06d6aa06d9d39542daac2ab81c53e5', '52238', '2018-04-11', '04', '2018', '1'),
(97, 'chandu2013pal@gmail.com', 'BitCoin', 0.01, 0.00001, 4.08221, 'mpvzEG4t1HauAng4ws6PBB9B9qQaW4eFWT', 'sent', 'ada9c5e23530b93b68d8aba2c5271a5866f58fae71aaed149b2f1e9807b51b39', '91111', '2018-04-11', '04', '2018', '1'),
(98, 'chandu2013pal@gmail.com', 'BitCoin', 0.01, 0.00001, 4.07219, 'mpvzEG4t1HauAng4ws6PBB9B9qQaW4eFWT', 'sent', '7acfcccc58054ed9e91a3994f64be91477b12c651da5c3af9614b761c6879e38', '95340', '2018-04-11', '04', '2018', '1'),
(99, 'chandu2013pal@gmail.com', 'BitCoin', 0.01, 0.00001, 4.06217, 'mpvzEG4t1HauAng4ws6PBB9B9qQaW4eFWT', 'sent', '647cb9201b7d496755a83466aea0b106de56e2d923da7ebaafce52b459792fdd', '31066', '2018-04-11', '04', '2018', '1'),
(100, 'chandu2013pal@gmail.com', 'BitCoin', 0.01, 0.00001, 4.05215, 'mpvzEG4t1HauAng4ws6PBB9B9qQaW4eFWT', 'sent', '3da2eaa35e35267c09a8c05b50373f47f47da6f7187ad05512fd95a591850ad4', '20521', '2018-04-11', '04', '2018', '1'),
(101, 'chandu2013pal@gmail.com', 'BitCoin', 0.1, 0.0001, 4.48258, 'mpvzEG4t1HauAng4ws6PBB9B9qQaW4eFWT', 'sent', 'e3016ecadea0950e9f02f7ae200ffe8b26c09ae7ac0b6448677415602d525eb8', '33119', '2018-04-11', '04', '2018', '1'),
(102, 'chandu2013pal@gmail.com', 'BitCoin', 0.1, 0.0001, 4.5136, 'mpvzEG4t1HauAng4ws6PBB9B9qQaW4eFWT', 'sent', '8d093818a5d7e96e62c0ea22bbda42f9ad593e2902e98864d503618fe14c386c', '35361', '2018-04-11', '04', '2018', '1'),
(103, 'chandu2013pal@gmail.com', 'BitCoin', 0.1, 0.0001, 4.51359, 'mpvzEG4t1HauAng4ws6PBB9B9qQaW4eFWT', 'sent', 'e898b400250d196a55c34c1b4115263ff1264cd4a5a6576bda9bd23c013c081a', '35362', '2018-04-13', '04', '2018', '1'),
(104, 'shikhabahal25@gmail.com', 'BitCoin', 0.01, 0.00001, 2.49374, 'mvRXzjWNSCScP9MmtZQFTxsUkYKGoEN6JJ', 'sent', 'ecd7edb17d13a57141880ee1d21af65a79a0b6540bde32c376f61f642472a63c', '35363', '2018-05-04', '05', '2018', '1'),
(105, 'shikhabahal25@gmail.com', 'BitCoin', 0.1, 0.0001, 2.48372, 'mvRXzjWNSCScP9MmtZQFTxsUkYKGoEN6JJ', 'sent', '2a3e2105ca2312eb6edbb8e6a5c73a1ed9f5eda303792767766e142b927c272f', '35364', '2018-05-04', '05', '2018', '1'),
(106, 'chandu2013pal@gmail.com', 'BitCoin', 0.1, 0.0001, 5.85593, '1F1tAaz5x1HUXrCNLbtMDqcw6o5GNn4xqX', NULL, NULL, '35365', '2018-05-07', '05', '2018', '0'),
(107, 'chandu2013pal@gmail.com', 'BitCoin', 0.1, 0.0001, 5.85593, '1F1tAaz5x1HUXrCNLbtMDqcw6o5GNn4xqX', NULL, NULL, '35366', '2018-05-07', '05', '2018', '0'),
(108, 'chandu2013pal@gmail.com', 'BitCoin', 0.1, 0.0001, 5.85593, '1F1tAaz5x1HUXrCNLbtMDqcw6o5GNn4xqX', NULL, NULL, '35367', '2018-05-07', '05', '2018', '0'),
(109, 'chandu2013pal@gmail.com', 'BitCoin', 0.1, 0.0001, 5.85593, '1F1tAaz5x1HUXrCNLbtMDqcw6o5GNn4xqX', NULL, NULL, '35368', '2018-05-07', '05', '2018', '0'),
(110, 'chandu2013pal@gmail.com', 'BitCoin', 0.1, 0.0001, 5.85593, 'mtXWDB6k5yC5v7TcwKZHB89SUp85yCKshy', NULL, NULL, '35369', '2018-05-07', '05', '2018', '0'),
(111, 'chandu2013pal@gmail.com', 'BitCoin', 0.1, 0.0001, 5.75593, 'THRaMJqCtsXMAit5yPzURQJfZPS5aUjEqE', NULL, NULL, '35370', '2018-05-07', '05', '2018', '0'),
(112, 'chandu2013pal@gmail.com', 'BitCoin', 0.2, 0.0002, 5.75593, 'mtXWDB6k5yC5v7TcwKZHB89SUp85yCKshy', 'sent', '2d41fd4ecc404ea85db71c050629f7897eb029d16476970b92a05eb91f6594cd', '35371', '2018-05-07', '05', '2018', '1'),
(113, 'chandu2013pal@gmail.com', 'BitCoin', 0.1, 0.0001, 5.55572, 'mtXWDB6k5yC5v7TcwKZHB89SUp85yCKshy', 'sent', '0a53f03c46bf28810150a6d90ef0c7d181d3f5ac07854ecf893de77e6c623762', '35372', '2018-05-15', '05', '2018', '1'),
(114, 'chandu2013pal@gmail.com', 'BitCoin', 0.01, 0.00001, 5.45562, 'mtXWDB6k5yC5v7TcwKZHB89SUp85yCKshy', 'sent', '8da5ca477490572ad5ca307e6221d86cda1fad642af3b52f4558a75dd3cab6c3', '35373', '2018-05-15', '05', '2018', '1'),
(115, 'chandu2013pal@gmail.com', 'BitCoin', 0.01, 0.00001, 5.4456, 'mtXWDB6k5yC5v7TcwKZHB89SUp85yCKshy', 'sent', 'ee38dcf97bf7e80eb267b6091d94fda25d7bd82eee9674cca8b0a01546d92800', '35374', '2018-05-15', '05', '2018', '1'),
(116, 'jacky@yopmail.com', 'BitCoin', 0.01, 0.00001, 4.875, 'mmWHtTeNkTJLe7fNcFM9WCxYLFi1xcZ5tc', 'sent', 'c3d3d6016278af43f54f0f3467fbc1f3032e188663da546e06c03afc8feb61ca', '35375', '2018-07-06', '07', '2018', '1');

-- --------------------------------------------------------

--
-- Table structure for table `plans_tbl`
--

CREATE TABLE `plans_tbl` (
  `planId` int(11) NOT NULL,
  `planType` varchar(50) DEFAULT NULL,
  `icon_class` varchar(50) DEFAULT NULL,
  `threashold_amount` varchar(30) DEFAULT NULL,
  `payable_amount` int(11) NOT NULL,
  `transaction_fee` varchar(10) DEFAULT NULL,
  `color_code` varchar(50) DEFAULT NULL
) ENGINE=InnoDB DEFAULT CHARSET=latin1;

--
-- Dumping data for table `plans_tbl`
--

INSERT INTO `plans_tbl` (`planId`, `planType`, `icon_class`, `threashold_amount`, `payable_amount`, `transaction_fee`, `color_code`) VALUES
(1, 'BASIC', '<i class="fa fa-adjust"></i>', '1000', 0, '2', NULL),
(2, 'BUSINESS', '<i class="fa fa-briefcase"></i>', '5000', 500, '1', 'green'),
(3, 'UNLIMITED', '<i class="fa fa-cube"></i>', '10000', 1000, '1', 'blue');

-- --------------------------------------------------------

--
-- Table structure for table `repayment`
--

CREATE TABLE `repayment` (
  `id` int(11) NOT NULL,
  `address` varchar(50) DEFAULT NULL,
  `transId` text
) ENGINE=InnoDB DEFAULT CHARSET=latin1;

--
-- Dumping data for table `repayment`
--

INSERT INTO `repayment` (`id`, `address`, `transId`) VALUES
(1, 'myNbNvqrdZTohWSbk5rHoqmNggmgdsm69N', 'bd7047c51854910399a4daf75ca7af64eb63d7e978d8e60d4402269d2596b4d0'),
(2, 'myNbNvqrdZTohWSbk5rHoqmNggmgdsm69N', '8de4ba8f523a94121bb203ecb8859b1efb9d4a8596d9a4a3165516cd75510fc1'),
(3, 'myNbNvqrdZTohWSbk5rHoqmNggmgdsm69N', 'bd7047c51854910399a4daf75ca7af64eb63d7e978d8e60d4402269d2596b4d0'),
(4, 'mqrWWQyzgRsYhgAc3ywrFLq9iFPrgysTVV', 'c339753619f1eea54a1e2d65946e10fdc9903c90293e51364ef6333543aab908'),
(5, 'mmzGJfAc1wyeEcY7zupuuddj7eaKCbcHif', '879cbbaa7ded8b7b64b9e4d307655dfe3e79cfb45363d902720308c4610b0a03'),
(6, 'mmzGJfAc1wyeEcY7zupuuddj7eaKCbcHif', 'fa379fdc68e57831d9e0e71475a03acec1a67e8b2474f98500d9fe519077dce4'),
(7, 'mmzGJfAc1wyeEcY7zupuuddj7eaKCbcHif', '879cbbaa7ded8b7b64b9e4d307655dfe3e79cfb45363d902720308c4610b0a03'),
(8, 'mqrWWQyzgRsYhgAc3ywrFLq9iFPrgysTVV', 'c339753619f1eea54a1e2d65946e10fdc9903c90293e51364ef6333543aab908'),
(9, 'mwa29jXgiePGtfakWq9Z4rTY9CKs8eznDB', '9700afbeb6f2168db6f650bbb17a27e78a6a9c50347b6bebedc5f9c9cbed7e01'),
(10, 'mwa29jXgiePGtfakWq9Z4rTY9CKs8eznDB', '9700afbeb6f2168db6f650bbb17a27e78a6a9c50347b6bebedc5f9c9cbed7e01'),
(11, 'mwa29jXgiePGtfakWq9Z4rTY9CKs8eznDB', '852fd1f77e7c22b0c97f00a98c7ce0925fc641ae04b59a2d5cf6ef9c8f1d7cbe'),
(12, 'mj4sS4RYyTtNUdJNrQFiMsQjJpFo9pc5Rh', '4724c52fb8282f41da88d3c4de2689436dcae5051e23d878b51be6d5a1d83c96'),
(13, 'muSbGMKNAbJHLqHVoW9mFghDZrEimzxPfe', '55fdd66ad9f569d060619b38954594db377de8dce55e56a65cb5432fbfb5660c'),
(14, 'n3MBLpezg9pri1NjthHn5LpMQktVTLs9eC', 'a718a7c62212277069ffd8ce61a0c042399ab50013b3ed198d1b5a8e8ee2b3c9'),
(15, 'mwMrKp7MEKme1XcxQDCxTN4SeRAVp76FMa', '51b70876c01690c6cd5da0045a9ca1e01defbc4c64f5641c38be95a927ed16e2'),
(16, 'mwMrKp7MEKme1XcxQDCxTN4SeRAVp76FMa', '51b70876c01690c6cd5da0045a9ca1e01defbc4c64f5641c38be95a927ed16e2'),
(17, 'mwMrKp7MEKme1XcxQDCxTN4SeRAVp76FMa', '6f260f9d5b116b6afd259b8d24c636d05c89b439113e6c83e047f819aa1dfd1b'),
(18, 'mwMrKp7MEKme1XcxQDCxTN4SeRAVp76FMa', '6f260f9d5b116b6afd259b8d24c636d05c89b439113e6c83e047f819aa1dfd1b'),
(19, 'mwMrKp7MEKme1XcxQDCxTN4SeRAVp76FMa', '3c98886d0f8a7c719669b5104d7f62413a48576fd9e959228ba26510c6cbf20f'),
(20, 'mwMrKp7MEKme1XcxQDCxTN4SeRAVp76FMa', '3c98886d0f8a7c719669b5104d7f62413a48576fd9e959228ba26510c6cbf20f'),
(21, 'moyMEQQvANEgdT8C5k1yvWCaXr4r12w69j', '839ba8754ef106fe2b259f700366e37f277bb3332d87db9f3e880064259f93f1'),
(22, 'mkZwNhybaDN1EeUxQh35QEoLC5TfMUMx6k', '39490803c77ae0fe372401b5743f2af8da4c943c5ca50e75acc6e9f83f83819b'),
(23, 'mnzQmX8WVsNd9MY7NJntu5v6UpFDcJxJ27', '078b7248d4930931b63b80081616ce1b5ac8782af7e1879f4941ef58059d6b8b'),
(24, 'moYZwU31KMRtSfEwg1hQXXPtdqCEqtxAPh', 'a8d3b7cd4085f78b21f9aa828517fedf4f5d34231cce7ae54ab2f0f177924a9e'),
(25, 'mwMrKp7MEKme1XcxQDCxTN4SeRAVp76FMa', 'c8100d189f8b1d8c7843a5af753436917891ccba32754ffc968c910e92ff5c44'),
(26, 'mwMrKp7MEKme1XcxQDCxTN4SeRAVp76FMa', 'a59fd11268819971b99c5ded4cf53b326b1db8268e0900024898f4173d78b1b7'),
(27, 'mwMrKp7MEKme1XcxQDCxTN4SeRAVp76FMa', 'd8cba9a1849dfcf8e98d5b4b7b10c9bd9b7d7ed4f59aefbb0501ee6f40ebb638'),
(28, 'mwMrKp7MEKme1XcxQDCxTN4SeRAVp76FMa', 'd8cba9a1849dfcf8e98d5b4b7b10c9bd9b7d7ed4f59aefbb0501ee6f40ebb638'),
(29, 'mwMrKp7MEKme1XcxQDCxTN4SeRAVp76FMa', 'a59fd11268819971b99c5ded4cf53b326b1db8268e0900024898f4173d78b1b7'),
(30, 'mwMrKp7MEKme1XcxQDCxTN4SeRAVp76FMa', 'c8100d189f8b1d8c7843a5af753436917891ccba32754ffc968c910e92ff5c44'),
(31, 'mo24snpqSbTkuvmqgpGeKHrb7HQ4Spc7Rt', '587507bdcbe6ea3344824e0e5239c511ae9f2218e8e1095223e1ec4941eccafa'),
(32, 'muVNXShAGmM574xuaVxf5cQZVYyXSm7Qd7', '7c0b1143c6ae2327afe3ad49bca0f675bc8df4a1993050eced0a8a23a0cd0c43'),
(33, 'muNNgVSS2vbuTj7khj1NW41bQZGgrDU5ry', '8c5023e1986b66ca2a9e6f31c336541671332358ad809b68c3153f7247e49cab'),
(34, 'muNNgVSS2vbuTj7khj1NW41bQZGgrDU5ry', '8c5023e1986b66ca2a9e6f31c336541671332358ad809b68c3153f7247e49cab'),
(35, 'mqUQJp5Q232zuoQZ16MhDn2ovRPgbRVxd2', 'c82f7b8f2917d17114d7203d51e366a08cd2feefbeed91ee381ea8a3ca28ddd1'),
(36, 'n1dJtfdQu7PyWWdC5Ra4TmykChuJNEv6E1', '922cb8659f6af3ca9f822ec71a14f55d2149899ffc12afd266596165aa1c2060'),
(37, 'mwfTDdPJi99Jj9Nxw9Wthnr4ueLAwhj6Yg', '4a194a197a9ec57f4301534477570644c4cdfd7705178d1a90c20c3cd77e5f62'),
(38, 'mwfTDdPJi99Jj9Nxw9Wthnr4ueLAwhj6Yg', 'c0aa1fd3ffccf37b61a4856ac8614d12b35cdeaeb0641477875566b0de705a29'),
(39, 'mwfTDdPJi99Jj9Nxw9Wthnr4ueLAwhj6Yg', '4a194a197a9ec57f4301534477570644c4cdfd7705178d1a90c20c3cd77e5f62'),
(40, 'mpGkBjNs1c7gBECyGMp7oERL5r3BXmM8WL', '130a16b6b3a70bf304a6232d8c42bdf09720cd1181f4b07324414e910c33e1b3'),
(41, 'mpGkBjNs1c7gBECyGMp7oERL5r3BXmM8WL', '6818214ad151629c2801ca8586d181a07a1fdc896f957237ec4b480d08206ee8'),
(42, 'mpGkBjNs1c7gBECyGMp7oERL5r3BXmM8WL', '0a949f5ecd506207411d5fe0a9f540c949786a95be0c2c3fa3e219696bc1f772'),
(43, 'mpGkBjNs1c7gBECyGMp7oERL5r3BXmM8WL', '6818214ad151629c2801ca8586d181a07a1fdc896f957237ec4b480d08206ee8'),
(44, 'mpGkBjNs1c7gBECyGMp7oERL5r3BXmM8WL', '130a16b6b3a70bf304a6232d8c42bdf09720cd1181f4b07324414e910c33e1b3'),
(45, 'mpGkBjNs1c7gBECyGMp7oERL5r3BXmM8WL', 'bed9da21014c7e36c6fbcad7d6e55970b571ff985abc0f344dc2a343cb053585'),
(46, 'mpGkBjNs1c7gBECyGMp7oERL5r3BXmM8WL', '0a949f5ecd506207411d5fe0a9f540c949786a95be0c2c3fa3e219696bc1f772'),
(47, 'mpAnJawPhbXgr2PnjMu2Jb1BjtUnuRHeFQ', 'cda19c83a62585e335df22bbf07889e26ef19753119b70ed288a19b7f6f20615'),
(48, 'mtJQTMDuYYmCe2sjW5rds9bxBKczrEdapw', '9ca0129d2116db81fec86061a79002e59cb090a2988d698620764f10b180eb4e'),
(49, 'mtJQTMDuYYmCe2sjW5rds9bxBKczrEdapw', '9ca0129d2116db81fec86061a79002e59cb090a2988d698620764f10b180eb4e'),
(50, 'mu5TzjdW3cUteaYxoW3p5yMv92os435m2R', 'd6b4d37b2f609bba4acd7765723a7f9867eb782ef2159a421b685805ff6385a5'),
(51, 'mu5TzjdW3cUteaYxoW3p5yMv92os435m2R', 'd6b4d37b2f609bba4acd7765723a7f9867eb782ef2159a421b685805ff6385a5'),
(52, 'n3Lhq3sioNVv1ufQ3YLra2wH9epg4kyJLn', 'e5d09d0fded3dffa2cc0157ed20123049d7a2e4a880e5e0df57f61dcf36ce65f'),
(53, 'n3Lhq3sioNVv1ufQ3YLra2wH9epg4kyJLn', 'e5d09d0fded3dffa2cc0157ed20123049d7a2e4a880e5e0df57f61dcf36ce65f'),
(54, 'n13Q1vpW36CBXRoi5Ek8m4JsVZCYC9DS8P', '102bd8de92f24d843e0d938728950fbd5a33618314fa912e0fc5d1af4503228e'),
(55, 'my2ka3cf1LCL8QqtYJ9qWCbS5LCYroVcL7', 'a3b00c8c3551113d3197f935de6ebc211749384e4ecefda4294491f7ebbae976'),
(56, 'my2ka3cf1LCL8QqtYJ9qWCbS5LCYroVcL7', 'a3b00c8c3551113d3197f935de6ebc211749384e4ecefda4294491f7ebbae976'),
(57, 'n13Q1vpW36CBXRoi5Ek8m4JsVZCYC9DS8P', '102bd8de92f24d843e0d938728950fbd5a33618314fa912e0fc5d1af4503228e'),
(58, 'mq7C9H3Fb9dqyTrPQqcpXb8nRCDAz959Dp', '9bd7b61e80fafeb0f79805614113302163f972fe188083908c3c5e810aaa82d6'),
(59, 'mq7C9H3Fb9dqyTrPQqcpXb8nRCDAz959Dp', '9bd7b61e80fafeb0f79805614113302163f972fe188083908c3c5e810aaa82d6'),
(60, 'mq7C9H3Fb9dqyTrPQqcpXb8nRCDAz959Dp', '7df9f8525236abe55528b7a34454b5f5086185e9cd9c500cc5d15d0c9cee0adf'),
(61, 'mq7C9H3Fb9dqyTrPQqcpXb8nRCDAz959Dp', '7df9f8525236abe55528b7a34454b5f5086185e9cd9c500cc5d15d0c9cee0adf'),
(62, 'msMLj5DYJMRMMgzpdrn3ivyhCsdDmhT9uA', 'a70fc628355c7ea35b2ee4315082701470d9871469bd86a54ebab8e715d3ae54'),
(63, 'msMLj5DYJMRMMgzpdrn3ivyhCsdDmhT9uA', 'e1a06fbac04162303ecc0045d368f2727457a506b15885e84d4959d4fb1d9804'),
(64, 'msMLj5DYJMRMMgzpdrn3ivyhCsdDmhT9uA', 'a70fc628355c7ea35b2ee4315082701470d9871469bd86a54ebab8e715d3ae54'),
(65, 'msMLj5DYJMRMMgzpdrn3ivyhCsdDmhT9uA', 'e1a06fbac04162303ecc0045d368f2727457a506b15885e84d4959d4fb1d9804'),
(66, 'mk93LFp9UUKDQwojqKPJzc7oap9PeUAcLc', 'e0b43029e692852d9cb853764bc1bdc0fbb362d0a805fffe59370cf6f58c4b83'),
(67, 'mk93LFp9UUKDQwojqKPJzc7oap9PeUAcLc', '63861f5cac6e5f2a1a2f2d742ef71fc03c1d2133c0bc645081772de5b7882b5a'),
(68, 'mk93LFp9UUKDQwojqKPJzc7oap9PeUAcLc', '63861f5cac6e5f2a1a2f2d742ef71fc03c1d2133c0bc645081772de5b7882b5a'),
(69, 'mk93LFp9UUKDQwojqKPJzc7oap9PeUAcLc', 'e0b43029e692852d9cb853764bc1bdc0fbb362d0a805fffe59370cf6f58c4b83'),
(70, 'n3xVppo2tTD55QkMeuFQbh5iXr9b5xPm1B', 'b8f8f0bb87319463c0f4426bc046f7307dac2a5aba5999312ed1ddc0b6954345'),
(71, 'n3xVppo2tTD55QkMeuFQbh5iXr9b5xPm1B', 'e91b0473757476b2e86d8dcd6efcb2fe90b4380e259ca9464e4eb72cd360b033'),
(72, 'n3xVppo2tTD55QkMeuFQbh5iXr9b5xPm1B', 'e91b0473757476b2e86d8dcd6efcb2fe90b4380e259ca9464e4eb72cd360b033'),
(73, 'n3xVppo2tTD55QkMeuFQbh5iXr9b5xPm1B', 'b8f8f0bb87319463c0f4426bc046f7307dac2a5aba5999312ed1ddc0b6954345'),
(74, 'n3xVppo2tTD55QkMeuFQbh5iXr9b5xPm1B', '83cdb4813ed5c1f15cbc2f93d54b208ee361b669c1786531da7e5f91bd880526'),
(75, 'n3xVppo2tTD55QkMeuFQbh5iXr9b5xPm1B', '6dd26ae84d036527caae51fcc8bf93ed533b7f6c67a7db830bc422160490c948'),
(76, 'n3xVppo2tTD55QkMeuFQbh5iXr9b5xPm1B', '2a9ef31f4bec092769faf790d7e8618d3ae2006c2ebd55c77c0fb0613989a6aa'),
(77, 'n3xVppo2tTD55QkMeuFQbh5iXr9b5xPm1B', '2a9ef31f4bec092769faf790d7e8618d3ae2006c2ebd55c77c0fb0613989a6aa'),
(78, 'n3xVppo2tTD55QkMeuFQbh5iXr9b5xPm1B', '6dd26ae84d036527caae51fcc8bf93ed533b7f6c67a7db830bc422160490c948'),
(79, 'n3xVppo2tTD55QkMeuFQbh5iXr9b5xPm1B', '83cdb4813ed5c1f15cbc2f93d54b208ee361b669c1786531da7e5f91bd880526'),
(80, 'myhmSR6HahbVJimVVGJYta5M28LQmBd2hD', '6f8f1aa24a52803f9e4dfd4bfb3173b43732a0dde799d27f7ff809603aed80cc'),
(81, 'myhmSR6HahbVJimVVGJYta5M28LQmBd2hD', '6f8f1aa24a52803f9e4dfd4bfb3173b43732a0dde799d27f7ff809603aed80cc'),
(82, 'n3AUbApF7PK2g4SasgaYVXZdDLha99AERb', 'dc4a57832d4e80fc1192695325afd1ab4a565313831907ba6be538b42886f676'),
(83, 'n3AUbApF7PK2g4SasgaYVXZdDLha99AERb', 'dc4a57832d4e80fc1192695325afd1ab4a565313831907ba6be538b42886f676'),
(84, 'msqsqhwsrwvdySKu3aFUetRmYhFKNwBtZ9', '63522dc25c726855f6666ca866ebfcf1f9c6696d77b09288d0cb20619b703658'),
(85, 'msqsqhwsrwvdySKu3aFUetRmYhFKNwBtZ9', '63522dc25c726855f6666ca866ebfcf1f9c6696d77b09288d0cb20619b703658'),
(86, 'msqsqhwsrwvdySKu3aFUetRmYhFKNwBtZ9', '3be4c75207193775177934dd995f567abede0fb76889fd6373878ff1f216a15a'),
(87, 'msqsqhwsrwvdySKu3aFUetRmYhFKNwBtZ9', '3be4c75207193775177934dd995f567abede0fb76889fd6373878ff1f216a15a'),
(88, 'msqsqhwsrwvdySKu3aFUetRmYhFKNwBtZ9', 'b1f1c9e5ffd83b769eb96f2a67afcbc0a5bc96c2291d3aca3ef36dd73712d29c'),
(89, 'msqsqhwsrwvdySKu3aFUetRmYhFKNwBtZ9', 'b1f1c9e5ffd83b769eb96f2a67afcbc0a5bc96c2291d3aca3ef36dd73712d29c'),
(90, 'msqsqhwsrwvdySKu3aFUetRmYhFKNwBtZ9', 'd503c6a5af0121de3398e28197d13ca25d375b27107876ce6df9bc5cb9b5e8f0'),
(91, 'msqsqhwsrwvdySKu3aFUetRmYhFKNwBtZ9', 'd503c6a5af0121de3398e28197d13ca25d375b27107876ce6df9bc5cb9b5e8f0'),
(92, 'mpzN6puHc8SyF1va923kEEBTV6zabnuXpc', '34f45d62d7606e41018ef36566d33f956272a187df31022d75ea3e00c3e7e5b0'),
(93, 'mpzN6puHc8SyF1va923kEEBTV6zabnuXpc', '34f45d62d7606e41018ef36566d33f956272a187df31022d75ea3e00c3e7e5b0'),
(94, 'mpzN6puHc8SyF1va923kEEBTV6zabnuXpc', '584a315e46eac4988ebde96f5bcb3537b0057e9945da9b2345d55a87165e9f20'),
(95, 'mpzN6puHc8SyF1va923kEEBTV6zabnuXpc', '584a315e46eac4988ebde96f5bcb3537b0057e9945da9b2345d55a87165e9f20'),
(96, 'msqsqhwsrwvdySKu3aFUetRmYhFKNwBtZ9', '1fb65df233a2035280cfe68011da230e38c3f7503231e26be39a636945a790a1'),
(97, 'msqsqhwsrwvdySKu3aFUetRmYhFKNwBtZ9', '1fb65df233a2035280cfe68011da230e38c3f7503231e26be39a636945a790a1'),
(98, 'msqsqhwsrwvdySKu3aFUetRmYhFKNwBtZ9', '7a3730ff6914e394303129dede0b794614ac95bc166a93067d3d04e31c252742'),
(99, 'msqsqhwsrwvdySKu3aFUetRmYhFKNwBtZ9', '7a3730ff6914e394303129dede0b794614ac95bc166a93067d3d04e31c252742'),
(100, 'mpzN6puHc8SyF1va923kEEBTV6zabnuXpc', '9418828f009c48282399d4f43dbd4bd3a923d39391a9098fe5b6a584667ef88f'),
(101, 'mpzN6puHc8SyF1va923kEEBTV6zabnuXpc', '9418828f009c48282399d4f43dbd4bd3a923d39391a9098fe5b6a584667ef88f'),
(102, 'msqsqhwsrwvdySKu3aFUetRmYhFKNwBtZ9', 'a8962d3db19383dda768d622dfff57427c1916b23d3b0a6745d45e343703c40d'),
(103, 'msqsqhwsrwvdySKu3aFUetRmYhFKNwBtZ9', 'a8962d3db19383dda768d622dfff57427c1916b23d3b0a6745d45e343703c40d'),
(104, 'msqsqhwsrwvdySKu3aFUetRmYhFKNwBtZ9', '285997dc167f457109564d439ed51c8c8b5333a6374f33713b68d82dab8a2d67'),
(105, 'msqsqhwsrwvdySKu3aFUetRmYhFKNwBtZ9', '285997dc167f457109564d439ed51c8c8b5333a6374f33713b68d82dab8a2d67'),
(106, 'msqsqhwsrwvdySKu3aFUetRmYhFKNwBtZ9', '3357651b72e041eb83952b881337d3faac53324be0c67f2299133c6014d2ff81'),
(107, 'msqsqhwsrwvdySKu3aFUetRmYhFKNwBtZ9', '3357651b72e041eb83952b881337d3faac53324be0c67f2299133c6014d2ff81'),
(108, 'mjSTB9EpFkk68cuLhfgjmxePow5Gnono9d', '30426934b594d674cc8896306a90b70657f5c8b6b4609f84d669842abaf09c7f'),
(109, 'mjSTB9EpFkk68cuLhfgjmxePow5Gnono9d', '30426934b594d674cc8896306a90b70657f5c8b6b4609f84d669842abaf09c7f'),
(110, 'mq7C9H3Fb9dqyTrPQqcpXb8nRCDAz959Dp', '9b001bdfa621745e717473f95155247f63a95aa3f74498523cc5ce7a187aec17'),
(111, 'mq7C9H3Fb9dqyTrPQqcpXb8nRCDAz959Dp', '9b001bdfa621745e717473f95155247f63a95aa3f74498523cc5ce7a187aec17'),
(112, 'mhPsJx9wXdUuk7B4Z8W8rg5VV4ZD2Zpb3b', '13443fa8a1fdc7e8873f942248500231ced27f41a53583f33edb66e2ec8e52bf'),
(113, 'mq34nqa9yxt3rjvNk29kxJWCGAjhGYQJbj', 'fcca4ce0cfc0db99310aa2e539b3f576203b5f0bd16178b7956a19bb6ce6b97a'),
(114, 'mq34nqa9yxt3rjvNk29kxJWCGAjhGYQJbj', 'fcca4ce0cfc0db99310aa2e539b3f576203b5f0bd16178b7956a19bb6ce6b97a'),
(115, 'mq34nqa9yxt3rjvNk29kxJWCGAjhGYQJbj', 'e6826db7b6ed37020317ac38ceca7f5f68e3d2d332b41b632247bfe8d2a4a9d7'),
(116, 'mhPsJx9wXdUuk7B4Z8W8rg5VV4ZD2Zpb3b', '29ff58822d6dd2714e79af93bb63fc5f14547248783b984046cac724911d2131'),
(117, 'mzoM8qdHqc6HdEQR8LDExhCJXzbDQfcRuQ', '835ab7465418af931cb4158cea20f20c8341a661bbb6c261e69e73d72580775b'),
(118, 'mhPsJx9wXdUuk7B4Z8W8rg5VV4ZD2Zpb3b', '69fe17e5f8e9348fc02a81cdfcf8567b285eb6e221f66a120433db74b658f201'),
(119, 'mxpsGd36kNCZ4BrhQmYoKtqCCAoZf3bPhN', '43da00607eebda7b095ee754441a2781d8b3ce43676a93a8cf0ad2c25c2a8300'),
(120, 'mhPsJx9wXdUuk7B4Z8W8rg5VV4ZD2Zpb3b', 'c95d7c927e24d46091bd6c42e2c5228d7a70246dff3910a8a565d319253c6e97'),
(121, 'mhPsJx9wXdUuk7B4Z8W8rg5VV4ZD2Zpb3b', '8a8b199f67f53e7bea76e8e65e46cee582442106d99d869cec6d102decebe5d5'),
(122, 'mhPsJx9wXdUuk7B4Z8W8rg5VV4ZD2Zpb3b', '13443fa8a1fdc7e8873f942248500231ced27f41a53583f33edb66e2ec8e52bf'),
(123, 'mq34nqa9yxt3rjvNk29kxJWCGAjhGYQJbj', 'fcca4ce0cfc0db99310aa2e539b3f576203b5f0bd16178b7956a19bb6ce6b97a'),
(124, 'mhPsJx9wXdUuk7B4Z8W8rg5VV4ZD2Zpb3b', '29ff58822d6dd2714e79af93bb63fc5f14547248783b984046cac724911d2131'),
(125, 'mzoM8qdHqc6HdEQR8LDExhCJXzbDQfcRuQ', '835ab7465418af931cb4158cea20f20c8341a661bbb6c261e69e73d72580775b'),
(126, 'mhPsJx9wXdUuk7B4Z8W8rg5VV4ZD2Zpb3b', '69fe17e5f8e9348fc02a81cdfcf8567b285eb6e221f66a120433db74b658f201'),
(127, 'mq34nqa9yxt3rjvNk29kxJWCGAjhGYQJbj', 'e6826db7b6ed37020317ac38ceca7f5f68e3d2d332b41b632247bfe8d2a4a9d7'),
(128, 'mzoM8qdHqc6HdEQR8LDExhCJXzbDQfcRuQ', 'e4e0c4b4965bb46fbd22bedb813099c44f9b1081baf4d8902c5aa6c7326dfdcb'),
(129, 'mhPsJx9wXdUuk7B4Z8W8rg5VV4ZD2Zpb3b', 'abfe393ceea981fa8d2a4c1fbf8f0b84aa57d704359be7cbd9fb9d721001f142'),
(130, 'mhPsJx9wXdUuk7B4Z8W8rg5VV4ZD2Zpb3b', 'abfe393ceea981fa8d2a4c1fbf8f0b84aa57d704359be7cbd9fb9d721001f142'),
(131, 'mmZiyKwVNvxAQ8rYDEPBjJvHbK59coahV6', '20c45b6674e652078f3ccfd4553d9b01410d47cda331b86241b03942c645d1fe'),
(132, 'mmY8Vkx5rYS9JmrGCSuQ97tUkT4K7aED1y', 'fd7f2d0e5100d802f039a345cb4945e91be800b11eebc25c85d6fa630a753bd7'),
(133, 'mtkG2dXtWj2iFPn9dUya2cgxjMFpGYW3uA', 'e851497d8fa86e18152bc4c73fb6637709b01db1ad06a38a895b826f38065398'),
(134, 'moAfjmDhk6zwbC5PuK62qCtWZXjCpqSzMQ', 'bf3174e025c90d9a457ad6ba4412496f521b21dfa9acfd2f1cb9cc3718656b36'),
(135, 'msh1KchjvvLHPjMevzoZ1DnXErEdPRFfDa', 'bd7dc4da448c5a8aa9a5f944479da936059df610961e8bba43c479341b43e8e6');

-- --------------------------------------------------------

--
-- Table structure for table `security_key`
--

CREATE TABLE `security_key` (
  `key_id` int(11) NOT NULL,
  `user_id` varchar(255) DEFAULT NULL,
  `boxID` varchar(255) DEFAULT NULL,
  `boxName` varchar(255) DEFAULT NULL,
  `publicKey` varchar(255) DEFAULT NULL,
  `privateKey` varchar(255) DEFAULT NULL,
  `boxType` varchar(255) DEFAULT NULL,
  `email` varchar(255) DEFAULT NULL,
  `callbackUrl` varchar(255) DEFAULT NULL,
  `isAdult` int(2) DEFAULT NULL,
  `start_time` varchar(255) DEFAULT NULL,
  `key_created` timestamp NULL DEFAULT CURRENT_TIMESTAMP,
  `key_update` timestamp NULL DEFAULT NULL,
  `website` varchar(255) NOT NULL,
  `boxStatus` enum('0','1') NOT NULL DEFAULT '0'
) ENGINE=InnoDB DEFAULT CHARSET=latin1;

--
-- Dumping data for table `security_key`
--

INSERT INTO `security_key` (`key_id`, `user_id`, `boxID`, `boxName`, `publicKey`, `privateKey`, `boxType`, `email`, `callbackUrl`, `isAdult`, `start_time`, `key_created`, `key_update`, `website`, `boxStatus`) VALUES
(1, '25', '20180331', 'Box', '1tzj35ovege24c9046743d48383e86327720d6d3fb', 'myL74vjVkC5a3ae70d65f57df921aee745a790a456', 'paymentbox', 'chandu2013pal@gmail.com', 'https://www.google.co.in/?gfe_rd=cr&dcr=0&ei=8Ma9WoXqDYSN8QexuqyQAw', NULL, '2018-03-30', '2018-03-30 06:41:30', NULL, 'https://www.google.co.in/?gfe_rd=cr&dcr=0&ei=8Ma9WoXqDYSN8QexuqyQAw', '1'),
(2, '25', '201803302', 'CP', '3yrhUoOTwpd74657e51a8d919df6c538228ff9fdbf', 'G5hcKQTIjV7aadc629c7f3be119f5b4364340e2d93', 'paymentbox', 'chandu2013pal@gmail.com', 'https://www.google.co.in/?gfe_rd=cr&dcr=0&ei=8Ma9WoXqDYSN8QexuqyQAw', -1, '2018-03-30', '2018-03-30 06:49:02', NULL, 'https://www.google.co.in/?gfe_rd=cr&dcr=0&ei=8Ma9WoXqDYSN8QexuqyQAw', '1'),
(3, '25', '201803303', 'BoxTwo', 'MSeW1F4QXmd50cd4b5ecd58843e6e6ce54fd0cbb3c', 'NGQms6Al0bb9e4f0b37bec2f7e43890642a1f523d9', 'paymentbox', 'chandu2013pal@gmail.com', 'https://mail.zoho.com/zm/#mail/folder/inbox', 1, '2018-03-30', '2018-03-30 06:56:54', NULL, 'https://mail.zoho.com/zm/#mail/folder/inbox', '1'),
(4, '25', '201803304', 'dffdfsd', 'b3oiF4ZjyS77f9b1a91525630264944c0a63cb573e', 'NrlOiqaKt16c3828a066ee21eba49910df1496a7f2', 'paymentbox', 'chandu2013pal@gmail.com', 'https://www.w3schools.com/icons/tryit.asp?filename=tryicons_fa-code', -1, '2018-03-30', '2018-03-30 07:41:14', NULL, 'https://www.w3schools.com/icons/tryit.asp?filename=tryicons_fa-code', '1'),
(5, '25', '201803305', 'BoxThree', 'SIAi2hK7lma0fb167c5c77d0604d88b1d6b111f389', 'lrnsx5XmZq3aad837d024cc0d238ae5bf5ba3b3fc3', 'paymentbox', 'chandu2013pal@gmail.com', 'https://www.w3schools.com/icons/tryit.asp?filename=tryicons_fa-code', NULL, '2018-03-30', '2018-03-30 07:46:03', NULL, 'https://www.w3schools.com/icons/tryit.asp?filename=tryicons_fa-code', '1'),
(6, '25', '201803306', 'BoxFour', 'ZvkQlnxX8cb743dbb217b3ab063472c4465e9508c1', 'yvlKuzmC0S3aa66561389c359839775488b3fccabd', 'paymentbox', 'chandu2013pal@gmail.com', 'https://www.w3schools.com/icons/tryit.asp?filename=tryicons_fa-code', NULL, '2018-03-30', '2018-03-30 07:47:16', NULL, 'https://www.w3schools.com/icons/tryit.asp?filename=tryicons_fa-code', '1'),
(7, '24', '201804107', 'test', '69jGiWgIHb373b41e6b01d64e7d019c2e4c7d8398a', 'seoqGQUWzke79485d7ad0a7a511ebe64bf189620d0', 'paymentbox', 'shashank@bloque.in', 'https://www.google.co.in/', 1, '2018-04-10', '2018-04-10 10:18:50', NULL, 'https://www.google.co.in/', '1'),
(8, '25', '201804168', 'MyBox', 'oLBUnj1lKQcf8018a9253701d58b4616738fc58ddc', 'RSI9owcFVD316c134ca94fdf3f71b5c7e9fc467700', 'paymentbox', 'chandu2013pal@gmail.com', 'https://www.google.co.in/?gfe_rd=cr&dcr=0&ei=AD66WorrM5SN8Qeq0a_YCA', -1, '2018-04-16', '2018-04-16 09:47:36', NULL, 'https://www.w3schools.com/bootstrap/bootstrap_alerts.asp', '1'),
(9, '25', '201804169', 'boxA', 'VgR51eq3avf8c3ef3c6fdb5f73c1acfbd2c88fa53b', 'hZce48EJo14ebe3db1f961119e88cd14f6bede64ce', 'paymentbox', 'chandu2013pal@gmail.com', 'https://www.google.co.in/?gfe_rd=cr&dcr=0&ei=AD66WorrM5SN8Qeq0a_YCA', 1, '2018-04-16', '2018-04-16 10:43:52', NULL, 'https://www.google.co.in/?gfe_rd=cr&dcr=0&ei=3q6oWviyJumcX7_CqNgF', '1'),
(10, '25', '201804170', 'TestBox', 'Z8taQgjsPV7903b65d03cfb7b44fa32f4738c1c3ad', 'mM8xpDU9J0d81a820d3b329e34df1bb72d25169f23', 'paymentbox', 'chandu2013pal@gmail.com', 'https://www.name.com/domains/free', -1, '2018-04-16', '2018-04-16 12:00:30', NULL, 'https://www.name.com/domains/free', '1'),
(11, '25', '2018041611', 'Hello', '3e8RT1oA2i696e168d5307128280e73021480f6cb3', 'vz5MTag4y20068778cf811e0d1f69d63957abdc40a', 'paymentbox', 'chandu2013pal@gmail.com', 'https://www.name.com/domains/free', -1, '2018-04-16', '2018-04-16 12:08:03', NULL, 'https://www.name.com/domains/free', '1'),
(12, '25', '2018041612', 'TestTwo', 'QxgXA7OGBVd6913d12fc66b0441689a0e62bd9e2a7', 'iwYNuaUFtm6919d619b432fb84adb9e408d410f786', 'paymentbox', 'chandu2013pal@gmail.com', 'https://www.name.com/domains/free', NULL, '2018-04-16', '2018-04-16 12:12:32', NULL, 'https://www.name.com/domains/free', '1'),
(13, '77', '2018041713', 'Dogecoin', 'YbC5XgASux4d5981feaba5952c3305aae3b4c2e47d', '29uJvHmMKwb5b00137728158076807effc5ba7f2aa', 'paymentbox', 'chiranjit234@yopmail.com', 'https://www.google.co.in/?gfe_rd=cr&dcr=0&ei=AD66WorrM5SN8Qeq0a_YCA', -1, '2018-04-17', '2018-04-17 07:49:42', NULL, 'https://www.google.co.in/?gfe_rd=cr&dcr=0&ei=3q6oWviyJumcX7_CqNgF', '1'),
(14, '79', '2018041714', 'Demo', 'JauDeitBCSe45089691729be859fe2fad4acb72e45', 'QT6silZgPGf62faa53574483310e70e69cafee86cc', 'paymentbox', 'demo@paycrypt.com', 'https://www.google.co.in/?gfe_rd=cr&dcr=0&ei=8Ma9WoXqDYSN8QexuqyQAw', -1, '2018-04-17', '2018-04-17 12:39:28', NULL, 'https://www.google.co.in/?gfe_rd=cr&dcr=0&ei=8Ma9WoXqDYSN8QexuqyQAw', '1'),
(15, '81', '2018041815', 'Dogecoin', 'TtfcnqiUZ6c3136c06c7ff7bccdb02aa2cf55cc7d7', 'kI2TFaPvpca10ecf0935768749160c1669f0c2c6c8', 'paymentbox', 'penny123@yopmail.com', 'https://www.google.co.in/?gfe_rd=cr&dcr=0&ei=AD66WorrM5SN8Qeq0a_YCA', 1, '2018-04-18', '2018-04-18 06:52:06', NULL, 'https://bootsnipp.com/snippets/featured/dynamic-sortable-tables', '1'),
(16, '33', '2018050316', 'MyBox', 'uGyFUphjz9abeb2e9bce1bbebb41e78bc38647a3b8', 'Jy1VTK7fFL3da78b864bdd84349285387bb887384a', 'paymentbox', 'shikhabahal25@gmail.com', 'https://www.5balloons.info/laravel-tutorials-examples/', 1, '2018-05-03', '2018-05-03 10:01:38', NULL, 'https://www.5balloons.info/laravel-tutorials-examples/', '1'),
(17, '25', '2018050417', 'shikha', 'G7MqY2s0LQbf4ace37dde816750e975b182295860a', 'qJGzx6wuTA2c6a60b8bd6e2d8a1ad24937490cc8b3', 'paymentbox', 'chandu2013pal@gmail.com', '13.127.235.223/demo', 1, '2018-05-04', '2018-05-04 09:54:50', NULL, '13.127.235.223/demo', '1'),
(18, '83', '2018050418', 'Boxila', 'ibKeaMZj6Ae375ed2b7019dd458e68512dd480dba7', 'ce5qFHXJip7767f92dc421631cf9b52ae16b872760', 'paymentbox', 'b.shikha@blockon.tech', 'http://13.127.235.223/demo/', 1, '2018-05-04', '2018-05-04 11:47:01', NULL, 'http://13.127.235.223/demo/', '1'),
(19, '33', '2018051019', 'CJ', '3e4Z1vw6LGabafc0cda73797eecd895b93f97fd359', '4BCMb2S5rp6aab092ab26d75c819c7794bb4057318', 'paymentbox', 'shikhabahal25@gmail.com', 'https://mail.zoho.com/zm/#mail/folder/inbox', NULL, '2018-05-10', '2018-05-10 11:05:11', NULL, 'https://mail.zoho.com/zm/#mail/folder/inbox', '1'),
(20, '33', '2018051120', 'Sakshi', 't8kCuOgJQ727e3e3a74af7cb20078d038437e03b11', '7buC8Hrty002ca9b595947438dffe16ca9c87fe244', 'paymentbox', 'shikhabahal25@gmail.com', 'https://mail.zoho.com/zm/#mail/folder/inbox', 1, '2018-05-11', '2018-05-11 06:34:03', NULL, 'https://mail.zoho.com/zm/#mail/folder/inbox', '1'),
(21, '25', '2018051221', 'dssds', 'oZBqsfWvGScee0181f1e11ef8d0c279946b9a3b174', '43a7eHDFB893758cc75e8a7623f332cda4b4c4d144', 'paymentbox', 'chandu2013pal@gmail.com', 'https://tympanus.net/Tutorials/CSSOverlay/', 1, '2018-05-12', '2018-05-12 06:07:34', NULL, 'https://tympanus.net/Tutorials/CSSOverlay/', '1'),
(22, '86', '2018051422', 'UTM', '7WR0mYBeio0cecf3c646f59ea507d971c491ff4a76', 'rUDW7lhLCOecf60789903ea1e78cfca3ffa75d58ac', 'paymentbox', 'akhilesh@yopmail.com', 'http://13.127.235.223/paycrypt_revised/account/public_key', 1, '2018-05-14', '2018-05-14 10:57:32', NULL, 'asssxxxxzxzxzxzxzxzx', '0'),
(23, '86', '2018051423', 'nnnnnnnnnn', 'Eb0Wrq7hCP401bb417494297ebe918dbd43a13fccd', 'sGjYpXQ68Wa68b698c38d762f697482c4b04c1274f', 'paymentbox', 'akhilesh@yopmail.com', 'nnnnnnnnnnnnnnn', 1, '2018-05-14', '2018-05-14 12:38:55', NULL, 'nnnnnnnnnnnnnnnnnnnnnnn', '0'),
(24, '86', '2018051524', 'zXzcxzczxc', 'tW67xZ8QV9431ebc3c9a58f4a43b85a671ef1141cb', '8mAD7bqoYp69edb76728e06fa8bb3f869ff16e9292', 'paymentbox', 'akhilesh@yopmail.com', 'xcxcxcxcxcxcx', NULL, '2018-05-15', '2018-05-15 07:04:56', NULL, 'cxcxcxcxcc', '1'),
(25, '86', '2018051525', 'MMJJ', 'YyXBZp0zwf2ac0d275d91eebd817b4a2a9f02d8f18', 'hFUoDS54N8ea6d3f5c4b27dad838f7a9478596f2d7', 'paymentbox', 'akhilesh@yopmail.com', 'JKKKKKKKKK', NULL, '2018-05-15', '2018-05-15 08:12:20', NULL, 'MMMMMMMMMMM', '1'),
(26, '86', '2018051526', 'dfsdfd', 'sGirkDjOHa52797409aa9349b6e9ebf7f0ff291a0c', 'W9Fh1yB2TM9f4d5f2d80b634f43894e287cb41756f', 'paymentbox', 'akhilesh@yopmail.com', 'dfsdfsdfsgdgf', 1, '2018-05-15', '2018-05-15 09:48:56', NULL, 'sdfsdgdfgdfgfg', '0'),
(27, '25', '2018051527', 'fffdfgfg', 'az0UTogIv2c35287226289272cfc17fb2f96bccfbc', 'qaluIH9Q3740c38b896f8abd3e69a89b704004ecbd', 'paymentbox', 'chandu2013pal@gmail.com', 'fgfgdfsf', NULL, '2018-05-15', '2018-05-15 10:02:53', NULL, 'dfgfdgfdgf', '1'),
(28, '25', '2018051528', 'dsgfgfgfd', 'P7ozi1tehf3911a177497df110bd6f87be6912ba06', 'h3a1ym6GLCe312c8885b0a064a7303fc3dbfe31520', 'paymentbox', 'chandu2013pal@gmail.com', 'https://graygrids.com/best-real-estate-construction-interior-bootstrap-html5-templates/', NULL, '2018-05-15', '2018-05-15 10:04:13', NULL, 'https://graygrids.com/best-real-estate-construction-interior-bootstrap-html5-templates/', '1'),
(29, '25', '2018051529', 'ssffdf', 'YUDlovLjzA986784a0dea53621fbd3517fb72f3b97', 'QyuPqXT8RWbeaacdf775dee8122b2b89c65babb8bc', 'paymentbox', 'chandu2013pal@gmail.com', 'https://chain.so/address/BTCTEST/mtXWDB6k5yC5v7TcwKZHB89SUp85yCKshy', NULL, '2018-05-15', '2018-05-15 10:57:13', NULL, 'https://chain.so/address/BTCTEST/mtXWDB6k5yC5v7TcwKZHB89SUp85yCKshy', '1'),
(30, '25', '2018051530', 'dsgfgfgfd', 'JLEyBZAl2p2b9f497d9bea342533e6b49bce66f517', 'I2RTct7MWAdde3fd5736476babcf13ca25592f052f', 'paymentbox', 'chandu2013pal@gmail.com', 'https://jqueryvalidation.org/url-method/', NULL, '2018-05-15', '2018-05-15 10:59:12', NULL, 'https://jqueryvalidation.org/url-method/', '0'),
(31, '25', '2018051731', 'HelloBox', 'DbCOhJA2j102b5d4b64b6c8f15429ed8fa51d792e0', 'vWmh5GYJ3018e64ab8a28b4645101b34c5b5ddcaf3', 'paymentbox', 'chandu2013pal@gmail.com', 'https://www.91mobiles.com/', -1, '2018-05-17', '2018-05-17 06:11:31', NULL, 'https://www.91mobiles.com/', '0'),
(32, '25', '2018051732', 'HelloBoxTwoo', 'H2DeQREFl4157922cab45c98a9af27415a177be0e5', 'qnbI6D3FBm6bde9bad9be4da922fe434466f9343ac', 'paymentbox', 'chandu2013pal@gmail.com', 'https://www.91mobiles.com/', 1, '2018-05-17', '2018-05-17 06:21:47', NULL, 'https://www.91mobiles.com/', '0'),
(33, '25', '2018051733', 'DonBox', '8LU9ImwqoNbcd5f1bcdaf2c93290d5424c5eac633d', 'r0FZ9P8cDp1a9815a75b9c88f61cd33c19489db35b', 'paymentbox', 'chandu2013pal@gmail.com', 'https://www.desidime.com/', -1, '2018-05-17', '2018-05-17 06:29:22', NULL, 'https://www.desidime.com/', '0'),
(34, '25', '2018051734', 'TestedBox', 'RXB4HT1bam6c1cbde521d3ab96a446d98008b66cdc', 'VRmKY1NISa246ca71fffe4bc4b95b202aebdf988b6', 'paymentbox', 'chandu2013pal@gmail.com', 'https://www.mysmartprice.com/best/', 1, '2018-05-17', '2018-05-17 06:30:52', NULL, 'https://www.mysmartprice.com/best/', '0'),
(35, '25', '2018051735', 'BookShowBox', 'ueCKyXi5Fqabf1093c9ee0680e561e259bef36a457', 'V5HTJboGwEfd7e6ba9512d8315e94ff9273c954526', 'paymentbox', 'chandu2013pal@gmail.com', 'https://www.91mobiles.com/', -1, '2018-05-17', '2018-05-17 06:33:07', NULL, 'https://www.91mobiles.com/', '0'),
(36, '25', '2018051736', 'Flipkart', 'bUQHJIxEeO42d6b99fbfe7862bd4364ac5ad68314d', 'lzPfv2DEkw60a441cebcc4908a601961989193f337', 'paymentbox', 'chandu2013pal@gmail.com', 'http://flipkart.com', 1, '2018-05-17', '2018-05-17 07:56:32', NULL, 'http://flipkart.com', '0'),
(37, '25', '2018051837', 'ServerTestBox', 'XyhJFtj6HmBitcoina5b8cb7c15d4dff0ca59c5a9804ef592', 'rj6QK2VC3YBitcoin59c1e89ce854f6aa115ba5af646e910d', 'paymentbox', 'chandu2013pal@gmail.com', 'https://www.desidime.com/', -1, '2018-05-18', '2018-05-18 09:59:06', NULL, 'https://www.mysmartprice.com/best/', '0'),
(38, '88', '2018051938', 'rikki', 'Ga9kp63msfLTc6b508381ded98a669125a7f82c8c9b4', 'p1N3CqHKrWLT8f2d5333918d05548a14fdd3005db352', 'paymentbox', 'rikki@yopmail.com', 'http://13.127.235.223/paycrypt_revised/newbox', 1, '2018-05-19', '2018-05-19 07:52:40', NULL, 'http://13.127.235.223/paycrypt_revised/newbox', '0'),
(39, '88', '2018051939', 'box', 'a2KvJY5whsBTCfb6241fe237838f6d300d9eddfdda8c8', 'jtXF6EpRveBTC5f3236115f111a8b9d8a218a62c85646', 'paymentbox', 'rikki@yopmail.com', 'http://13.127.235.223/paycrypt_revised/newbox', NULL, '2018-05-19', '2018-05-19 08:01:47', NULL, 'http://13.127.235.223/paycrypt_revised/newbox', '0'),
(40, '88', '2018051940', 'dfxcfgdf', 'ioLGWuPk98lllllllllle6ac54a24c33ec489d9532de66c6c2d4', 'qOVWAYGfoQlllllllllle7f9fd84187a585517914fbd53991516', 'paymentbox', 'rikki@yopmail.com', 'http://13.127.235.223/paycrypt_revised/newbox', NULL, '2018-05-19', '2018-05-19 08:20:46', NULL, 'http://13.127.235.223/paycrypt_revised/newbox', '0'),
(41, '88', '2018051941', 'vxcvxcvcv', 'rW5HKL4hpTxvcvbbc41758f2ef045a7c1ecce00ec7be4a04', 'GSVMtNTf6axvcvbb1929b8ac08bf468577bae29048e90ebb', 'paymentbox', 'rikki@yopmail.com', 'http://13.127.235.223/paycrypt_revised/newbox', NULL, '2018-05-19', '2018-05-19 10:40:06', NULL, 'http://13.127.235.223/paycrypt_revised/newbox', '0'),
(42, '88', '2018051942', 'vxcvbcv', 'gt1NcZiYOTvxcvcgv5456616549a9435325ce66b3344b584a', 'CfZFLOzv0rvxcvcgvf2c42125788017bff30ff2abe3233a7f', 'paymentbox', 'rikki@yopmail.com', 'http://13.127.235.223/paycrypt_revised/newbox', NULL, '2018-05-19', '2018-05-19 10:41:16', NULL, 'http://13.127.235.223/paycrypt_revised/newbox', '0'),
(43, '88', '2018051943', 'xccdfsd', 'E78gHaQxUzsdsdgdfba762f9af423ceb8de285cbe7ed4800b', 'LpoG0M8ZNIsdsdgdf921183a5c65f0e1186217093baebaab8', 'paymentbox', 'rikki@yopmail.com', 'http://13.127.235.223/paycrypt_revised/newbox', NULL, '2018-05-19', '2018-05-19 10:41:56', NULL, 'http://13.127.235.223/paycrypt_revised/newbox', '0'),
(44, '88', '2018051944', 'zcxcvcvcgg', '6UTm0DIBZJzsddfsdc7d2b5689183c72d79a00ca1acc66fef', 'L3pigW8N6ozsddfsd59023b370741faab2b140813387cca72', 'paymentbox', 'rikki@yopmail.com', 'http://13.127.235.223/paycrypt_revised/newbox', NULL, '2018-05-19', '2018-05-19 10:42:36', NULL, 'http://13.127.235.223/paycrypt_revised/newbox', '0'),
(45, '88', '2018051945', 'sdfdfd', 'bpunmKwi9Isdfsdfe431702aedb861d46919388c41a66373', 'HjUsYoW5z4sdfsdf13b96bcc7430b891632b527eb76c0f06', 'paymentbox', 'rikki@yopmail.com', 'http://13.127.235.223/paycrypt_revised/newbox', NULL, '2018-05-19', '2018-05-19 10:43:08', NULL, 'http://13.127.235.223/paycrypt_revised/newbox', '0'),
(46, '88', '2018051946', 'dfsdfdf', 'pihqrSOY3Hfdfgf552e17b586902e12ce54a2420adcb91', '1SuyCj0Nwnfdfg354df5cfa19a64c94d49536cd7547fbd', 'paymentbox', 'rikki@yopmail.com', 'http://13.127.235.223/paycrypt_revised/newbox', NULL, '2018-05-19', '2018-05-19 10:43:43', NULL, 'http://13.127.235.223/paycrypt_revised/newbox', '0'),
(47, '88', '2018051947', 'sdfdfdf', 'KlehZ3MVfJfsdfsdfsde255346c330b272aa70e98a108db7df8', 'oQUYwNRZhDfsdfsdfsd5ed4c968d0e97adcef0219ed26eccd78', 'paymentbox', 'rikki@yopmail.com', 'http://13.127.235.223/paycrypt_revised/newbox', NULL, '2018-05-19', '2018-05-19 10:44:48', NULL, 'http://13.127.235.223/paycrypt_revised/newbox', '0'),
(48, '88', '2018051948', 'jsdf', 'yFqJbNQRjzxxxcxc47b866f4d43293ea36dbb79e10f5e102', 'S73vTClhbmxxxcxc08deb28bb5c1147f2f19e20a03aefca1', 'paymentbox', 'rikki@yopmail.com', 'http://13.127.235.223/paycrypt_revised/newbox', NULL, '2018-05-19', '2018-05-19 10:45:30', NULL, 'http://13.127.235.223/paycrypt_revised/newbox', '0'),
(49, '88', '2018052149', 'Payment', 'zvYoMOVJixBTC9a234a56bfeb30344d72dd8ee3234bd5', 'UKn3MrQPviBTCa3c5b93e13d4575786057e02a2428c02', 'paymentbox', 'rikki@yopmail.com', 'http://13.127.235.223/paycrypt_revised/newbox', NULL, '2018-05-21', '2018-05-21 07:44:27', NULL, 'http://13.127.235.223/paycrypt_revised/newbox', '0'),
(50, '93', '2018070450', 'HelloBox', 'ubasv7YmENBitcoin98a3c24c9a457d4d5b23b365ef519755', '1sDeXkhoFpBitcoina303f8c6c94327a7de0cb08c4351d56d', 'paymentbox', 'jacky@yopmail.com', 'https://www.desidime.com/', -1, '2018-07-04', '2018-07-04 09:13:19', NULL, 'https://www.mysmartprice.com/best/', '0');

-- --------------------------------------------------------

--
-- Table structure for table `service_address`
--

CREATE TABLE `service_address` (
  `id` int(11) NOT NULL,
  `currency_name` varchar(50) DEFAULT NULL,
  `test_addr` text,
  `test_addr_val` float NOT NULL,
  `live_addr` text,
  `live_addr_val` float NOT NULL
) ENGINE=InnoDB DEFAULT CHARSET=latin1;

--
-- Dumping data for table `service_address`
--

INSERT INTO `service_address` (`id`, `currency_name`, `test_addr`, `test_addr_val`, `live_addr`, `live_addr_val`) VALUES
(1, 'bitcoin', 'mpvzEG4t1HauAng4ws6PBB9B9qQaW4eFWT', 0.0000001, 'mpvzEG4t1HauAng4ws6PBB9B9qQaW4eFWT', 0),
(2, 'litecoin', 'mh2XWUpM4mgc3FS78ssWugKRFUZZgKWHzK', 0, 'mh2XWUpM4mgc3FS78ssWugKRFUZZgKWHzK', 0),
(3, 'dogecoin', 'mkmCh5q7ZvxaiZkjD7jdZxWGUgxrAVdQs1', 0, 'mkmCh5q7ZvxaiZkjD7jdZxWGUgxrAVdQs1', 0);

-- --------------------------------------------------------

--
-- Table structure for table `service_payment`
--

CREATE TABLE `service_payment` (
  `id` int(11) NOT NULL,
  `address` text,
  `amount` float DEFAULT NULL,
  `transactionId` text,
  `createDate` date DEFAULT NULL
) ENGINE=InnoDB DEFAULT CHARSET=latin1;

--
-- Dumping data for table `service_payment`
--

INSERT INTO `service_payment` (`id`, `address`, `amount`, `transactionId`, `createDate`) VALUES
(2, 'mutP7sZHuvBnxHHQHCcH1w7mtGKw6xivPH', 0, NULL, '2018-04-10'),
(3, 'mutP7sZHuvBnxHHQHCcH1w7mtGKw6xivPH', 0.0000001, NULL, '2018-04-10'),
(4, 'mpvzEG4t1HauAng4ws6PBB9B9qQaW4eFWT', 0.00001, 'e16e9c1d98098ef35773189bf400033cb9f95a985d1eecb3844904ba82805e4e', '2018-04-10'),
(5, 'mpvzEG4t1HauAng4ws6PBB9B9qQaW4eFWT', 0.00001, 'bddd12b7d764c333d920bb4ad109cec729f9f9f44d9fb87e69a3c9c6a091bdca', '2018-04-10'),
(6, 'mpvzEG4t1HauAng4ws6PBB9B9qQaW4eFWT', 0.00001, 'd87fedf1609a77f21526ce8a780f78b016a04273416b268977d533aba5a34270', '2018-04-10'),
(7, 'mpvzEG4t1HauAng4ws6PBB9B9qQaW4eFWT', 0.00001, 'd94b36e02498d8033e288b5c7cc82fa70084e24fab801e7be0d1c222dd7c1ce2', '2018-04-10'),
(8, 'mpvzEG4t1HauAng4ws6PBB9B9qQaW4eFWT', 0.00001, 'a295d1daf12a7897ea00afabb880771b9ea3fdc8b62974d47797ad18ad0108ad', '2018-04-10'),
(9, 'mpvzEG4t1HauAng4ws6PBB9B9qQaW4eFWT', 0.00001, 'd3389a939ba68027beb9977dfaad502c40148e391dd4a359df3124b9b2efc9dc', '2018-04-10'),
(10, 'mpvzEG4t1HauAng4ws6PBB9B9qQaW4eFWT', 0.00001, 'ec2b889cde060749be8bd2f487e04e792d9b0224bf156e73ae053fb00852e748', '2018-04-10'),
(11, 'mpvzEG4t1HauAng4ws6PBB9B9qQaW4eFWT', 0.00001, '410b2d2a7c930c40fd6a50d8044801d14917f19e6c1a218dfc9ed7621bba0adf', '2018-04-10'),
(12, 'mpvzEG4t1HauAng4ws6PBB9B9qQaW4eFWT', 0.00001, 'ac91725fabb8d406daf7b3fa1ba09b7992dee9ba0c1dad9b364f1c7716be1d53', '2018-04-11'),
(13, 'mpvzEG4t1HauAng4ws6PBB9B9qQaW4eFWT', 0.0002, '3bf69a2352e96c1ab9e53ff70c0daa5e10b809ab9823c8a9df6396422a2bca07', '2018-04-11'),
(14, 'mpvzEG4t1HauAng4ws6PBB9B9qQaW4eFWT', 0.00001, 'd8f987b8952be942cb50f2c03f1369ce346fc0438b40849b567ba7be8be6dbaf', '2018-04-11'),
(15, 'mpvzEG4t1HauAng4ws6PBB9B9qQaW4eFWT', 0.00001, 'e6dc2838ea3665f0439b8eedfe26b2dc98fd22956a33feaec81a965482a72932', '2018-04-11'),
(16, 'mpvzEG4t1HauAng4ws6PBB9B9qQaW4eFWT', 0.00001, 'cde07f9f0c82462bd9557d0a9906eff3cc7eb8cbc21f2959490b1ead38ed703a', '2018-04-11'),
(17, 'mpvzEG4t1HauAng4ws6PBB9B9qQaW4eFWT', 0.00001, 'c4beeff5e47fec5c618b08a65adf8f27e779034048c57dc879b0292b09963d14', '2018-04-11'),
(18, 'mpvzEG4t1HauAng4ws6PBB9B9qQaW4eFWT', 0.0001, 'd89ac4ac676c5f8dcca693384d19e830ec8730eb593b4efb83b9fa08125c9401', '2018-04-11'),
(19, 'mpvzEG4t1HauAng4ws6PBB9B9qQaW4eFWT', 0.0001, '850c114cfdad05266103221b89d115a42ee3cc7b8076516c27c0ddcdc4d34522', '2018-04-11'),
(20, 'mpvzEG4t1HauAng4ws6PBB9B9qQaW4eFWT', 0.0001, 'ca06549407e3e5013ca892f50b5f12690c488218cf73ca87942e27fa430e209d', '2018-04-13'),
(21, 'mpvzEG4t1HauAng4ws6PBB9B9qQaW4eFWT', 0.00001, '2690d585a55f55fa7e19390c7f97e10ff3960af035e82d6a757e96637228365e', '2018-05-04'),
(22, 'mpvzEG4t1HauAng4ws6PBB9B9qQaW4eFWT', 0.0001, '9de0c2addf532a325fb55ee542e6f70145ca1c99373107808dabbf19ef6b07ae', '2018-05-04'),
(23, 'mpvzEG4t1HauAng4ws6PBB9B9qQaW4eFWT', 0.0002, '18ecf35399ac0b1a508524b902ca7f64af8642de8164c20f706ddfc91c92722c', '2018-05-07'),
(24, 'mpvzEG4t1HauAng4ws6PBB9B9qQaW4eFWT', 0.0001, '99b6d7ba49816f269270998a1fa83e0bfdbf3f18b2f19a3fba51f1fde13fdd54', '2018-05-15'),
(25, 'mpvzEG4t1HauAng4ws6PBB9B9qQaW4eFWT', 0.00001, '16723edf9a2ea9f3e4cf76f4998e44844cabfc30d076406cb6698a0d6e3e2b29', '2018-05-15'),
(26, 'mpvzEG4t1HauAng4ws6PBB9B9qQaW4eFWT', 0.00001, 'af020e4c9390698a420252ae0099354dd712ae7eeb576689fbd93723973b4b59', '2018-05-15'),
(27, 'mpvzEG4t1HauAng4ws6PBB9B9qQaW4eFWT', 0.00001, 'b08a00719d8a86e414bef42dbf6b6ae1acf3586d205de279a4b2a7d689fc86c6', '2018-07-06');

-- --------------------------------------------------------

--
-- Table structure for table `time_counter`
--

CREATE TABLE `time_counter` (
  `tid` int(11) NOT NULL,
  `address` text,
  `time_val` int(11) DEFAULT NULL
) ENGINE=InnoDB DEFAULT CHARSET=latin1;

-- --------------------------------------------------------

--
-- Table structure for table `users`
--

CREATE TABLE `users` (
  `user_id` int(11) NOT NULL,
  `box_id` varchar(255) NOT NULL,
  `ipAddress` varchar(255) DEFAULT NULL,
  `title` varchar(255) DEFAULT NULL,
  `firstname` varchar(255) DEFAULT NULL,
  `lastname` varchar(255) DEFAULT NULL,
  `email` varchar(255) DEFAULT NULL,
  `country` varchar(255) DEFAULT NULL,
  `state` varchar(255) DEFAULT NULL,
  `city` varchar(255) DEFAULT NULL,
  `username` varchar(255) DEFAULT NULL,
  `password` varchar(255) DEFAULT NULL,
  `position` varchar(255) DEFAULT NULL,
  `company_name` varchar(255) DEFAULT NULL,
  `company_website` varchar(255) DEFAULT NULL,
  `phone` varchar(255) DEFAULT NULL,
  `photo` varchar(255) DEFAULT NULL,
  `avator` varchar(255) NOT NULL,
  `monetiser` varchar(255) DEFAULT NULL,
  `affiliate` varchar(255) DEFAULT NULL,
  `notifications` varchar(255) DEFAULT NULL,
  `user_otp` varchar(255) DEFAULT NULL,
  `paid` varchar(255) DEFAULT NULL,
  `business_type` varchar(255) NOT NULL,
  `googlesecretkey` varchar(255) NOT NULL,
  `tfastatus` enum('0','1') NOT NULL,
  `currency` varchar(255) NOT NULL,
  `user_plan` varchar(255) NOT NULL,
  `created` timestamp NULL DEFAULT NULL,
  `updated` timestamp NULL DEFAULT NULL,
  `verification` enum('0','1') DEFAULT '0',
  `ustatus` enum('0','1') DEFAULT '1'
) ENGINE=InnoDB DEFAULT CHARSET=latin1;

--
-- Dumping data for table `users`
--

INSERT INTO `users` (`user_id`, `box_id`, `ipAddress`, `title`, `firstname`, `lastname`, `email`, `country`, `state`, `city`, `username`, `password`, `position`, `company_name`, `company_website`, `phone`, `photo`, `avator`, `monetiser`, `affiliate`, `notifications`, `user_otp`, `paid`, `business_type`, `googlesecretkey`, `tfastatus`, `currency`, `user_plan`, `created`, `updated`, `verification`, `ustatus`) VALUES
(15, '3', '127.0.0.1', NULL, 'Shubham', 'Sahu', 'shubhamsahu707@gmail.com', NULL, NULL, NULL, NULL, 'f8a9ad70d5f8ab3830bad1a2f95079342886b0fd45da769768b52f017e9ff3a7', NULL, 'Blockon', 'http://www.google.com/paycrypt_revised/profile', '8585916263', 'learn-unix-demo-course1.jpg', '', NULL, NULL, NULL, NULL, NULL, 'Type 3', 'VVRQSEROTkM3VFdJWFlSUw==', '1', '', '1', NULL, NULL, '0', '1'),
(16, '4', '127.0.0.1', NULL, 'Sahutech', 'Sahutech', 'sahutech8@gmail.com', NULL, NULL, NULL, NULL, 'd11804abbbe40a0ee49192555c8f74b1e6991a876b705ad70a8af11fe990061c', NULL, 'Blockon', 'http://www.google.com/paycrypt_revised/profile', '8585916263', 'learn-unix-demo-course.jpg', '', NULL, NULL, NULL, NULL, NULL, 'Type 3', 'SU5JQ0gzNTNHUEJVRTZUMg==', '0', '', '1', NULL, NULL, '0', '1'),
(17, '5', '192.168.0.117', NULL, 'rishi', 'sharma', 'rishi.delhi4@gmail.com', NULL, NULL, NULL, NULL, '469b437dfe3606bda9b7c407c1b84de306e811876e078845dbaa56ac8047fd54', NULL, NULL, NULL, NULL, NULL, '', NULL, NULL, NULL, NULL, NULL, '', 'REY2UERHTEVSWklIUjNUNA==', '0', '', '', NULL, NULL, '0', '1'),
(18, '6', '192.168.0.117', NULL, 'rishi', 'sharma', 'rishi.delhi14@gmail.com', NULL, NULL, NULL, NULL, '469b437dfe3606bda9b7c407c1b84de306e811876e078845dbaa56ac8047fd54', NULL, 'OPOPOP', 'https://www.kryptual.com', '8468007909', NULL, '', NULL, NULL, NULL, NULL, NULL, 'Individual', 'REFTWjJVT1dYWkhFR0RYRg==', '0', 'BitCoin', '2', NULL, NULL, '0', '1'),
(19, '7', '192.168.0.153', NULL, 'akhil', 'goyal', 'akhilgoyal3@gmail.com', NULL, NULL, NULL, NULL, '2b08516d769747a9b52fbb8cc68b8940383fb06d46d9ca6a657df4eda6d07fce', NULL, NULL, NULL, NULL, NULL, '', NULL, NULL, NULL, NULL, NULL, '', 'U0JYTk9ERVBXWE1GS1Y2WA==', '1', '', '1', NULL, NULL, '0', '1'),
(24, '10', '192.168.0.134', NULL, 'shashank', 'godhan', 'shashank@bloque.in', NULL, NULL, NULL, NULL, 'f5aa9a7cd6c792f0a88824adba0e90fff71e86aa49e43c1a9dc1479dbc940698', NULL, 'awefwef', 'https://www.google.co.in/', '1234523452', NULL, '', NULL, NULL, NULL, NULL, NULL, 'Type 4', 'SUVUUFFQWEoyWjRFVUNaRA==', '0', '', '1', NULL, NULL, '0', '1'),
(25, '10', '103.201.142.41', NULL, 'Chandu', 'Pal', 'chandu2013pal@gmail.com', NULL, NULL, NULL, NULL, 'e4167988147d67998fbb17d77532ba72041218224082d57d8445cf17318283f6', NULL, 'Blockon Tech123', 'http://www.ab23223c.com', '9876543312', 'Fail.jpg', 'secret1.png', NULL, 'yes', 'yes', NULL, NULL, 'LLC', 'Rk5YVkFQSE1BUkVNRUYyWg==', '0', 'LiteCoin', '2', NULL, NULL, '1', '1'),
(28, '10', '192.168.0.127', NULL, 'sakshi', 'dubey', 'rashi@yopmail.com', NULL, NULL, NULL, NULL, '9dcde756efa4633d7a86e03ff5374e46352e33578fc03d89bb03f7b9359bcab0', NULL, NULL, NULL, NULL, NULL, '', NULL, NULL, NULL, NULL, NULL, '', 'S0ZCUjU2U1dERkVJM0tWNA==', '0', '', '', NULL, NULL, '0', '1'),
(29, '10', '192.168.0.133', NULL, 'Sakshi', 'Dubey', 'dubey@yopmail.com', NULL, NULL, NULL, NULL, 'e24df920078c3dd4e7e8d2442f00e5c9ab2a231bb3918d65cc50906e49ecaef4', NULL, 'sfdf', 'http://www.abc.com', '98877763343', '1.png', '', NULL, NULL, NULL, NULL, NULL, 'Type 1', 'VERaMkJMVUQ3UjI3NU4ySQ==', '0', 'DogeCoin', '1', NULL, NULL, '1', '1'),
(31, '10', '192.168.0.151', NULL, 'Shubham', 'gupta', 'sgupta0498@gmail.com', NULL, NULL, NULL, NULL, 'f4a8d4121c3e9947806b71805e3ac294a10e09f0f0ff3fe21adff82a3a9c2e67', NULL, 'Pennybase', 'http://www.blockon.tech', '32897489378356784', 'wireme-logo.png', '', NULL, NULL, NULL, NULL, NULL, 'Type 1', 'M1lQN0pWR1ZRQjVYVVM3Sg==', '0', '', '1', NULL, NULL, '0', '1'),
(32, '8', '192.168.0.140', NULL, 'Pooja', 'Bagh', 'pooja591bagh@gmail.com', NULL, NULL, NULL, NULL, 'bea89309417f6161346211a905ee7a15043e29b370cf772f08771074abcbaacd', NULL, 'xyz', 'https://mail.zoho.com/zm/#mail/folder/inbox', '8750008000', 'IMG-20180210-WA0009.jpg', '', NULL, NULL, NULL, NULL, NULL, 'Type 1', 'VEtEV1MyMkY3VURTNzRNQg==', '0', '', '1', NULL, NULL, '0', '1'),
(33, '9', '103.201.142.41', NULL, 'Shikha', 'Bahal', 'shikhabahal25@gmail.com', NULL, NULL, NULL, NULL, '08f1d601ecab990382e876119465d4e6a8a2132d492b7ad38b9fdbf35d5df58b', NULL, 'Blockon', 'http://blockon.tech/', 'sxdsxdsx', '3.png', '', NULL, 'yes', 'yes', NULL, NULL, 'Type 1', 'SUhWV01JQUtJMkdPM09NSQ==', '0', 'BitCoin', '1', NULL, NULL, '1', '1'),
(34, '10', '192.168.0.122', NULL, 'asfsdf', 'dsfgfdh', 'sakshi1@yopmail.com', NULL, NULL, NULL, NULL, 'ef797c8118f02dfb649607dd5d3f8c7623048c9c063d532cc95c5ed7a898a64f', NULL, NULL, NULL, NULL, NULL, '', NULL, NULL, NULL, NULL, NULL, '', 'UkFKNzUzNklaUFhWS0hKWA==', '0', '', '1', NULL, NULL, '0', '1'),
(36, '10', '::1', NULL, 'chandra', 'Prakash', 'p.chandra1@blockon.tech', NULL, NULL, NULL, NULL, 'ef797c8118f02dfb649607dd5d3f8c7623048c9c063d532cc95c5ed7a898a64f', NULL, 'Blockon Tech', 'http://www.abc.com', '9889781265', 'wordpress-lorem-ipsum2.png', '', NULL, NULL, NULL, NULL, NULL, 'Type 2', 'QVRHVEhRUExWTlVSUFpJNw==', '0', '', '1', NULL, NULL, '0', '1'),
(37, '10', '::1', NULL, 'erererw', 'ererere', 'qeweqre2@gmail.com', NULL, NULL, NULL, NULL, 'f6dcb592ed2faedb6092c0a198ef3ab657397c9f1f4295431001b70bd53207f9', NULL, NULL, NULL, NULL, NULL, '', NULL, NULL, NULL, NULL, NULL, '', 'SVpZNkpBRU9GSUFJSllRUQ==', '0', '', '1', NULL, NULL, '0', '1'),
(38, '10', '::1', NULL, 'erererw', 'ererere', 'qeweqre2@gmail.com', NULL, NULL, NULL, NULL, 'f6dcb592ed2faedb6092c0a198ef3ab657397c9f1f4295431001b70bd53207f9', NULL, NULL, NULL, NULL, NULL, '', NULL, NULL, NULL, NULL, NULL, '', 'SVpZNkpBRU9GSUFJSllRUQ==', '0', '', '1', NULL, NULL, '0', '1'),
(39, '10', '103.201.142.41', NULL, 'chiranjit', 'debnath', 'chiranjitdebnath04@gmail.com', NULL, NULL, NULL, NULL, 'c2b5a52d466ac29e5d59f0b1f50d8d23e2b23ea306ad0c7fb3baaf00971aee98', NULL, NULL, NULL, NULL, NULL, '', NULL, NULL, NULL, NULL, NULL, '', 'WlpPU0dDTlBBSDJOWExRRA==', '0', '', '1', NULL, NULL, '0', '1'),
(40, '10', '103.201.142.41', NULL, 'chiranjit', 'debnath', 'chiranjitdebnath04@gmail.com', NULL, NULL, NULL, NULL, 'c2b5a52d466ac29e5d59f0b1f50d8d23e2b23ea306ad0c7fb3baaf00971aee98', NULL, NULL, NULL, NULL, NULL, '', NULL, NULL, NULL, NULL, NULL, '', 'WlpPU0dDTlBBSDJOWExRRA==', '0', '', '1', NULL, NULL, '1', '1'),
(41, '10', '103.201.142.41', NULL, 'Develop', 'Ment', 'chandrapal2@yopmail.com', NULL, NULL, NULL, NULL, 'e4a0a90e5ac07d5435c6f25c4cf7cc565becb797bb5b83c515bc427ef32a4770', NULL, NULL, NULL, NULL, NULL, '', NULL, NULL, NULL, NULL, NULL, '', 'V09BTVZZNkdCVFdXVEFKUg==', '0', '', '1', NULL, NULL, '0', '1'),
(42, '10', '103.201.142.41', NULL, 'Develop', 'Ment', 'chandrapal2@yopmail.com', NULL, NULL, NULL, NULL, 'e4a0a90e5ac07d5435c6f25c4cf7cc565becb797bb5b83c515bc427ef32a4770', NULL, NULL, NULL, NULL, NULL, '', NULL, NULL, NULL, NULL, NULL, '', 'V09BTVZZNkdCVFdXVEFKUg==', '0', '', '1', NULL, NULL, '0', '1'),
(43, '10', '103.201.142.41', NULL, 'chandra', 'pal', 'chandra_pal@yopmail.com', NULL, NULL, NULL, NULL, 'e4a0a90e5ac07d5435c6f25c4cf7cc565becb797bb5b83c515bc427ef32a4770', NULL, NULL, NULL, NULL, NULL, '', NULL, NULL, NULL, NULL, NULL, '', 'SFRBT1pNR0pFT1VBVUdDTg==', '0', '', '1', NULL, NULL, '0', '1'),
(44, '10', '103.201.142.41', NULL, 'chandra', 'pal', 'chandra_pal@yopmail.com', NULL, NULL, NULL, NULL, 'e4a0a90e5ac07d5435c6f25c4cf7cc565becb797bb5b83c515bc427ef32a4770', NULL, NULL, NULL, NULL, NULL, '', NULL, NULL, NULL, NULL, NULL, '', 'SFRBT1pNR0pFT1VBVUdDTg==', '0', '', '1', NULL, NULL, '0', '1'),
(45, '10', '103.201.142.41', NULL, 'Hello', 'Test', 'chandra1_pal@yopmail.com', NULL, NULL, NULL, NULL, 'e4a0a90e5ac07d5435c6f25c4cf7cc565becb797bb5b83c515bc427ef32a4770', NULL, NULL, NULL, NULL, NULL, '', NULL, NULL, NULL, NULL, NULL, '', 'VEJaQlVQTjZHUUlCVjcyMw==', '0', '', '1', NULL, NULL, '0', '1'),
(46, '10', '103.201.142.41', NULL, 'Hello', 'Test', 'chandra1_pal@yopmail.com', NULL, NULL, NULL, NULL, 'e4a0a90e5ac07d5435c6f25c4cf7cc565becb797bb5b83c515bc427ef32a4770', NULL, NULL, NULL, NULL, NULL, '', NULL, NULL, NULL, NULL, NULL, '', 'VEJaQlVQTjZHUUlCVjcyMw==', '0', '', '1', NULL, NULL, '0', '1'),
(47, '10', '103.201.142.41', NULL, 'Hello', 'Test', 'chandra11_pal@yopmail.com', NULL, NULL, NULL, NULL, 'e4a0a90e5ac07d5435c6f25c4cf7cc565becb797bb5b83c515bc427ef32a4770', NULL, NULL, NULL, NULL, NULL, '', NULL, NULL, NULL, NULL, NULL, '', 'SDVGRE9UUkZTSlRJSUpDSg==', '0', '', '1', NULL, NULL, '0', '1'),
(48, '10', '103.201.142.41', NULL, 'Hello', 'Test', 'chandra11_pal@yopmail.com', NULL, NULL, NULL, NULL, 'e4a0a90e5ac07d5435c6f25c4cf7cc565becb797bb5b83c515bc427ef32a4770', NULL, NULL, NULL, NULL, NULL, '', NULL, NULL, NULL, NULL, NULL, '', 'SDVGRE9UUkZTSlRJSUpDSg==', '0', '', '1', NULL, NULL, '0', '1'),
(49, '10', '103.201.142.41', NULL, 'Hello', 'Test', 'chandu11_pal@yopmail.com', NULL, NULL, NULL, NULL, 'e4a0a90e5ac07d5435c6f25c4cf7cc565becb797bb5b83c515bc427ef32a4770', NULL, NULL, NULL, NULL, NULL, '', NULL, NULL, NULL, NULL, NULL, '', 'S0VOWTVYQlFCQlRWQVY0Nw==', '0', '', '1', NULL, NULL, '0', '1'),
(50, '10', '103.201.142.41', NULL, 'Hello', 'Test', 'chandu11_pal@yopmail.com', NULL, NULL, NULL, NULL, 'e4a0a90e5ac07d5435c6f25c4cf7cc565becb797bb5b83c515bc427ef32a4770', NULL, NULL, NULL, NULL, NULL, '', NULL, NULL, NULL, NULL, NULL, '', 'S0VOWTVYQlFCQlRWQVY0Nw==', '0', '', '1', NULL, NULL, '0', '1'),
(51, '10', '103.201.142.41', NULL, 'rrytd', 'sdsdsad', 'chandu2018_pal@yopmail.com', NULL, NULL, NULL, NULL, 'e4a0a90e5ac07d5435c6f25c4cf7cc565becb797bb5b83c515bc427ef32a4770', NULL, NULL, NULL, NULL, NULL, '', NULL, NULL, NULL, NULL, NULL, '', 'TjNKRFJXSVlCWFpLNzJGQQ==', '0', '', '1', NULL, NULL, '0', '1'),
(52, '10', '103.201.142.41', NULL, 'rrytd', 'sdsdsad', 'chandu2018_pal@yopmail.com', NULL, NULL, NULL, NULL, 'e4a0a90e5ac07d5435c6f25c4cf7cc565becb797bb5b83c515bc427ef32a4770', NULL, NULL, NULL, NULL, NULL, '', NULL, NULL, NULL, NULL, NULL, '', 'TjNKRFJXSVlCWFpLNzJGQQ==', '0', '', '1', NULL, NULL, '0', '1'),
(53, '10', '103.201.142.41', NULL, 'ccccpp', 'pal', 'chandra.getwebsoftware1@gmail.com', NULL, NULL, NULL, NULL, 'e4a0a90e5ac07d5435c6f25c4cf7cc565becb797bb5b83c515bc427ef32a4770', NULL, NULL, NULL, NULL, NULL, '', NULL, NULL, NULL, NULL, NULL, '', 'V1NPSkNYMzdERkZSRVZKQg==', '0', '', '1', NULL, NULL, '0', '1'),
(54, '10', '103.201.142.41', NULL, 'ccccpp', 'pal', 'chandra.getwebsoftware1@gmail.com', NULL, NULL, NULL, NULL, 'e4a0a90e5ac07d5435c6f25c4cf7cc565becb797bb5b83c515bc427ef32a4770', NULL, NULL, NULL, NULL, NULL, '', NULL, NULL, NULL, NULL, NULL, '', 'V1NPSkNYMzdERkZSRVZKQg==', '0', '', '1', NULL, NULL, '0', '1'),
(55, '10', '103.201.142.41', NULL, 'sfsdgdfgfd', 'dfsdfdgf', 'chandra.getwebsoftware2@gmail.com', NULL, NULL, NULL, NULL, 'e4a0a90e5ac07d5435c6f25c4cf7cc565becb797bb5b83c515bc427ef32a4770', NULL, NULL, NULL, NULL, NULL, '', NULL, NULL, NULL, NULL, NULL, '', 'Wk1GVEo0SjJFTUUzN1FWQw==', '0', '', '1', NULL, NULL, '0', '1'),
(56, '10', '103.201.142.41', NULL, 'sfsdgdfgfd', 'dfsdfdgf', 'chandra.getwebsoftware2@gmail.com', NULL, NULL, NULL, NULL, 'e4a0a90e5ac07d5435c6f25c4cf7cc565becb797bb5b83c515bc427ef32a4770', NULL, NULL, NULL, NULL, NULL, '', NULL, NULL, NULL, NULL, NULL, '', 'Wk1GVEo0SjJFTUUzN1FWQw==', '0', '', '1', NULL, NULL, '0', '1'),
(57, '10', '103.201.142.41', NULL, 'efefewe', 'eereq', 'chandra.getwebsoftware3@gmail.com', NULL, NULL, NULL, NULL, 'e4a0a90e5ac07d5435c6f25c4cf7cc565becb797bb5b83c515bc427ef32a4770', NULL, NULL, NULL, NULL, NULL, '', NULL, NULL, NULL, NULL, NULL, '', 'T1Y1SFlWTUhFRkZJSEwyVg==', '0', '', '1', NULL, NULL, '0', '1'),
(58, '10', '103.201.142.41', NULL, 'Chandra', 'Prakash', 'chandra.getwebsoftware4@gmail.com', NULL, NULL, NULL, NULL, 'e4a0a90e5ac07d5435c6f25c4cf7cc565becb797bb5b83c515bc427ef32a4770', NULL, NULL, NULL, NULL, NULL, '', NULL, NULL, NULL, NULL, NULL, '', 'S1ZOUEdVU1FIQ0lSWVNWSw==', '0', '', '1', NULL, NULL, '0', '1'),
(59, '10', '103.201.142.41', NULL, 'sdsdasas', 'sdassfsdf', 'chandra.getwebsoftware5@gmail.com', NULL, NULL, NULL, NULL, 'e4a0a90e5ac07d5435c6f25c4cf7cc565becb797bb5b83c515bc427ef32a4770', NULL, NULL, NULL, NULL, NULL, '', NULL, NULL, NULL, NULL, NULL, '', 'SUhLQUxST0lTQTZDNFZBMw==', '0', '', '1', NULL, NULL, '0', '1'),
(60, '10', '103.201.142.41', NULL, 'sdfdfds', 'eererwea', 'chandra.getwebsoftware6@gmail.com', NULL, NULL, NULL, NULL, 'e4a0a90e5ac07d5435c6f25c4cf7cc565becb797bb5b83c515bc427ef32a4770', NULL, NULL, NULL, NULL, NULL, '', NULL, NULL, NULL, NULL, NULL, '', 'UFVOWk5IWUpBNzU3TTIyUQ==', '0', '', '1', NULL, NULL, '0', '1'),
(61, '10', '103.201.142.41', NULL, 'sdsadasd', 'asdsdas', 'chandra.getwebsoftware7@gmail.com', NULL, NULL, NULL, NULL, 'e4a0a90e5ac07d5435c6f25c4cf7cc565becb797bb5b83c515bc427ef32a4770', NULL, NULL, NULL, NULL, NULL, '', NULL, NULL, NULL, NULL, NULL, '', 'SE9NVlZLQk9KTklRT0M0Ug==', '0', '', '1', NULL, NULL, '0', '1'),
(62, '10', '103.201.142.41', NULL, 'asadasdas', 'sadassa', 'chandra.getwebsoftware8@gmail.com', NULL, NULL, NULL, NULL, 'e4a0a90e5ac07d5435c6f25c4cf7cc565becb797bb5b83c515bc427ef32a4770', NULL, NULL, NULL, NULL, NULL, '', NULL, NULL, NULL, NULL, NULL, '', 'REJYM0wyQ1lWVlFPWFBWRA==', '0', '', '1', NULL, NULL, '0', '1'),
(63, '10', '103.201.142.41', NULL, 'addsad', 'sdsdsa', 'chandra.getwebsoftware9@gmail.com', NULL, NULL, NULL, NULL, 'e4a0a90e5ac07d5435c6f25c4cf7cc565becb797bb5b83c515bc427ef32a4770', NULL, NULL, NULL, NULL, NULL, '', NULL, NULL, NULL, NULL, NULL, '', 'WFlaN1JOQUFWVEdXUUFHRQ==', '0', '', '1', NULL, NULL, '0', '1'),
(64, '10', '103.201.142.41', NULL, 'asdsas', 'sadsdsa', 'chandra.getwebsoftware10@gmail.com', NULL, NULL, NULL, NULL, 'e4a0a90e5ac07d5435c6f25c4cf7cc565becb797bb5b83c515bc427ef32a4770', NULL, NULL, NULL, NULL, NULL, '', NULL, NULL, NULL, NULL, NULL, '', 'UVZIUlQ3RFc3VFhBUVZQTw==', '0', '', '1', NULL, NULL, '0', '1'),
(65, '10', '103.201.142.41', NULL, 'aassas', 'asfda', 'chandra.getwebsoftware11@gmail.com', NULL, NULL, NULL, NULL, 'e4a0a90e5ac07d5435c6f25c4cf7cc565becb797bb5b83c515bc427ef32a4770', NULL, NULL, NULL, NULL, NULL, '', NULL, NULL, NULL, NULL, NULL, '', 'TUVDNVRUVkZDV0cyV0hIRA==', '0', '', '1', NULL, NULL, '0', '1'),
(66, '10', '103.201.142.41', NULL, 'ffds', 'dfdfs', 'chandra.getwebsoftware12@gmail.com', NULL, NULL, NULL, NULL, 'e4a0a90e5ac07d5435c6f25c4cf7cc565becb797bb5b83c515bc427ef32a4770', NULL, NULL, NULL, NULL, NULL, '', NULL, NULL, NULL, NULL, NULL, '', 'NkpIR0VJWlZGS043WVBKWg==', '0', '', '1', NULL, NULL, '0', '1'),
(67, '10', '103.201.142.41', NULL, 'fffdsfa', 'sdfdfdfsad', 'chandra.getwebsoftware13@gmail.com', NULL, NULL, NULL, NULL, 'e4a0a90e5ac07d5435c6f25c4cf7cc565becb797bb5b83c515bc427ef32a4770', NULL, NULL, NULL, NULL, NULL, '', NULL, NULL, NULL, NULL, NULL, '', 'M0RPNUpaVk5XNDVBSllDWA==', '0', '', '1', NULL, NULL, '0', '1'),
(68, '10', '103.201.142.41', NULL, 'fddf', 'dfdfd', 'chandra.getwebsoftware14@gmail.com', NULL, NULL, NULL, NULL, 'e4a0a90e5ac07d5435c6f25c4cf7cc565becb797bb5b83c515bc427ef32a4770', NULL, NULL, NULL, NULL, NULL, '', NULL, NULL, NULL, NULL, NULL, '', 'T1VBN1VOS1M1TVdCU1ZYUQ==', '0', '', '1', NULL, NULL, '0', '1'),
(69, '10', '103.201.142.41', NULL, 'sdfsdsdfsd', 'sdfdfdsfda', 'chandra.getwebsoftware15@gmail.com', NULL, NULL, NULL, NULL, 'e4a0a90e5ac07d5435c6f25c4cf7cc565becb797bb5b83c515bc427ef32a4770', NULL, NULL, NULL, NULL, NULL, '', NULL, NULL, NULL, NULL, NULL, '', 'SE5OVTQ1QkJEN09DNERJNA==', '0', '', '1', NULL, NULL, '0', '1'),
(70, '10', '103.201.142.41', NULL, 'adsdsdas', 'sdsdas', 'chandra.getwebsoftware16@gmail.com', NULL, NULL, NULL, NULL, 'e4a0a90e5ac07d5435c6f25c4cf7cc565becb797bb5b83c515bc427ef32a4770', NULL, NULL, NULL, NULL, NULL, '', NULL, NULL, NULL, NULL, NULL, '', 'RkwzREFHTTRFVFVSTEdTNA==', '0', '', '1', NULL, NULL, '0', '1'),
(71, '10', '103.201.142.41', NULL, 'sdsdsds', 'sdsdsa', 'chandra.getwebsoftware17@gmail.com', NULL, NULL, NULL, NULL, 'e4a0a90e5ac07d5435c6f25c4cf7cc565becb797bb5b83c515bc427ef32a4770', NULL, NULL, NULL, NULL, NULL, '', NULL, NULL, NULL, NULL, NULL, '', 'VlJHRFRaWVBaQUY3NVU0UA==', '0', '', '1', NULL, NULL, '0', '1'),
(72, '10', '103.201.142.41', NULL, 'dsads', 'asdsa', 'chandra.getwebsoftware18@gmail.com', NULL, NULL, NULL, NULL, 'e4a0a90e5ac07d5435c6f25c4cf7cc565becb797bb5b83c515bc427ef32a4770', NULL, NULL, NULL, NULL, NULL, '', NULL, NULL, NULL, NULL, NULL, '', 'VFE2SlBJWTIzTlFOQkRKWQ==', '0', '', '1', NULL, NULL, '0', '1'),
(73, '10', '103.201.142.41', NULL, 'asdsdsa', 'sdsdas', 'chandra.getwebsoftware@19gmail.com', NULL, NULL, NULL, NULL, 'e4a0a90e5ac07d5435c6f25c4cf7cc565becb797bb5b83c515bc427ef32a4770', NULL, NULL, NULL, NULL, NULL, '', NULL, NULL, NULL, NULL, NULL, '', 'QkRIUTM0U05KSUJBNlM1RQ==', '0', '', '1', NULL, NULL, '0', '1'),
(74, '10', '103.201.142.41', NULL, 'ssdffdsd', 'asdasfdfa', 'chandra.getwebsoftware20@gmail.com', NULL, NULL, NULL, NULL, 'e4a0a90e5ac07d5435c6f25c4cf7cc565becb797bb5b83c515bc427ef32a4770', NULL, NULL, NULL, NULL, NULL, '', NULL, NULL, NULL, NULL, NULL, '', 'M1dFNFBJUFpTVk5CMkFBQg==', '0', '', '1', NULL, NULL, '0', '1'),
(75, '10', '103.201.142.41', NULL, 'ddsdfdfsd', 'sfsddasf', 'chandra.getwebsoftware@gmail.com', NULL, NULL, NULL, NULL, 'e4a0a90e5ac07d5435c6f25c4cf7cc565becb797bb5b83c515bc427ef32a4770', NULL, NULL, NULL, NULL, NULL, '', NULL, NULL, NULL, NULL, NULL, '', 'RVpFSDNFM0NLRzNCVktGRg==', '0', '', '1', NULL, NULL, '1', '1'),
(76, '10', '103.201.142.41', NULL, 'rishi', 'sharma', 's.rishi@block.on', NULL, NULL, NULL, NULL, '469b437dfe3606bda9b7c407c1b84de306e811876e078845dbaa56ac8047fd54', NULL, NULL, NULL, NULL, NULL, '', NULL, NULL, NULL, NULL, NULL, '', 'VFlWT1ZVWjZCTkwyUFBHMw==', '0', '', '1', NULL, NULL, '0', '1'),
(77, '10', '182.77.110.214', NULL, 'chiru', 'debnath', 'chiranjit234@yopmail.com', NULL, NULL, NULL, NULL, 'c2b5a52d466ac29e5d59f0b1f50d8d23e2b23ea306ad0c7fb3baaf00971aee98', NULL, 'yopmail', 'http://yopmail.com', '9876543123', 'memry.jpg', '', NULL, NULL, NULL, NULL, NULL, 'Nonprofit', 'NllSU0lVQVJKQzJPUEpGVA==', '0', '', '1', NULL, NULL, '1', '1'),
(78, '10', '182.77.110.214', NULL, 'chiru', 'deb', 'chiru123@yopmail.com', NULL, NULL, NULL, NULL, 'c2b5a52d466ac29e5d59f0b1f50d8d23e2b23ea306ad0c7fb3baaf00971aee98', NULL, NULL, NULL, NULL, NULL, '', NULL, NULL, NULL, NULL, NULL, '', 'TTRFTkFLTFhOWDZKNEhGUQ==', '0', '', '1', NULL, NULL, '1', '1'),
(79, '10', '103.201.142.41', NULL, 'Demo', 'Test', 'demo@paycrypt.com', NULL, NULL, NULL, NULL, 'ad5561d2f2034f7a6b73ee5760cbc612cb04480866df0b322bc2af34e31bd3bc', NULL, 'Blockontech', 'http://www.blockon.tech', '12345678', NULL, '', NULL, NULL, NULL, NULL, NULL, 'Individual', 'QkZPM0FVM1ZPM0o0Uk9HRQ==', '0', '', '1', NULL, NULL, '1', '1'),
(80, '10', '122.162.30.91', NULL, 'blockon', 'technology', 'blockon@gmail.com', NULL, NULL, NULL, NULL, 'c2b5a52d466ac29e5d59f0b1f50d8d23e2b23ea306ad0c7fb3baaf00971aee98', NULL, NULL, NULL, NULL, NULL, '', NULL, NULL, NULL, NULL, NULL, '', 'Wlo2NE1ZNFRHQkRTUFhOWQ==', '0', '', '1', NULL, NULL, '0', '1'),
(81, '10', '122.162.30.91', NULL, 'penny', 'base', 'penny123@yopmail.com', NULL, NULL, NULL, NULL, 'c2b5a52d466ac29e5d59f0b1f50d8d23e2b23ea306ad0c7fb3baaf00971aee98', NULL, 'penny', 'http://penny.com', '1234567890', 'profileUpdate1.png', '', NULL, NULL, NULL, NULL, NULL, 'Nonprofit', 'MlBONlRRN01RUzJDR1AzUg==', '0', '', '1', NULL, NULL, '1', '1'),
(82, '10', '122.180.203.130', NULL, 'shikha', 'Bahal', 'sikhabahal@yopmail.com', NULL, NULL, NULL, NULL, '7f3faf63cdf6923573b19210d782871ad39023ada6f8a02341792aeb3bdd2c6a', NULL, 'penny', 'https://www.youtube.com', '56789', NULL, '', NULL, NULL, NULL, NULL, NULL, 'Corporation', 'UjVDT0tZU1ZBNVlTQ0s2VA==', '0', '', '1', NULL, NULL, '1', '1'),
(83, '10', '103.201.142.41', NULL, 'Shikha', 'Bahal', 'b.shikha@blockon.tech', NULL, NULL, NULL, NULL, '08f1d601ecab990382e876119465d4e6a8a2132d492b7ad38b9fdbf35d5df58b', NULL, 'shikha  bahal', 'https://mail.zoho.com', '1234567899', NULL, '', NULL, NULL, NULL, NULL, NULL, 'Individual', 'NTdSTllGM1RKSEpBUk9RWQ==', '0', '', '1', NULL, NULL, '1', '1'),
(84, '10', '103.201.142.41', NULL, 'sssssssss', 'sssssssss', 'm.vikram@blockon.tech', NULL, NULL, NULL, NULL, 'ef797c8118f02dfb649607dd5d3f8c7623048c9c063d532cc95c5ed7a898a64f', NULL, NULL, NULL, NULL, NULL, '', NULL, NULL, NULL, NULL, NULL, '', 'T0VHSlNBQVZVRUFJR0JXVQ==', '0', '', '1', NULL, NULL, '0', '1'),
(85, '10', '103.201.142.41', NULL, 'sssssssss', 'sssssssss', 'g.shashank@blockon.tech', NULL, NULL, NULL, NULL, 'ef797c8118f02dfb649607dd5d3f8c7623048c9c063d532cc95c5ed7a898a64f', NULL, NULL, NULL, NULL, NULL, '', NULL, NULL, NULL, NULL, NULL, '', 'WERGSFJYV1VDQVdDUFJVTA==', '0', '', '1', NULL, NULL, '1', '1'),
(86, '10', '103.201.142.41', NULL, 'Sakshi', 'Dubey', 'akhilesh@yopmail.com', NULL, NULL, NULL, NULL, '2dd72e19313dd52c9175d1e370cd88ed13bf31abe5185077f60f5b0cb27f82b3', NULL, 'ghgghghghgh', 'http://13.127.235.223/paycrypt_revised/profile', '1242340000', 'hand-01.png', '', NULL, NULL, NULL, NULL, NULL, 'Corporation', 'UlVGNlg3TVVWWlRaT1VRVg==', '0', '', '1', NULL, NULL, '1', '1'),
(87, '10', '103.201.142.41', NULL, 'Sakshi', 'Dubey', 'sakshi123@yopmail.com', NULL, NULL, NULL, NULL, 'eac56e9101028046a68b143d10e5962be3ac8419e45a2c4083091e92809e1499', NULL, NULL, NULL, NULL, NULL, '', NULL, NULL, NULL, NULL, NULL, '', 'TEVGRFhESjVaM0VOUVJQSQ==', '0', '', '1', NULL, NULL, '0', '1'),
(88, '10', '103.201.142.41', NULL, 'sak', 'dubey', 'rikki@yopmail.com', NULL, NULL, NULL, NULL, 'eac56e9101028046a68b143d10e5962be3ac8419e45a2c4083091e92809e1499', NULL, '', '', '', NULL, '', NULL, 'yes', 'yes', NULL, NULL, 'Other', 'WEJTSlFCUFJTTkw1R0VOSg==', '0', '', '1', NULL, NULL, '1', '1'),
(89, '10', '103.201.142.41', NULL, 'rashmi', 'Dubey', 'rashmi123@yopmail.com', NULL, NULL, NULL, NULL, 'ba89c6e3efb9a60b276fdab014e0e94e7e962d3cb6ff1ba1a342d2926e968941', NULL, 'Mobilitte', 'http://13.127.235.223/paycrypt_revised/profile', '534895348934534534', 'cdy23.png', '', NULL, NULL, NULL, NULL, NULL, 'Individual', 'STdFSjVDWjRISUlFTE81Uw==', '0', '', '1', NULL, NULL, '1', '1'),
(90, '10', '103.201.142.41', NULL, 'rashi', 'Dubey', 'sakshidubey5945@gmail.com', NULL, NULL, NULL, NULL, '36636c4a7510629eb4fe055d832e2cef3a489a6404dd5f7b982514af393a9f99', NULL, 'xcvxcvcb', 'http://13.127.235.223/paycrypt_revised/profile', '12423435345345', 'cdy21.png', '', NULL, NULL, NULL, NULL, NULL, 'Individual', 'SDNENDJSNlRZSlJYWFNRVg==', '0', '', '1', NULL, NULL, '1', '1'),
(91, '10', '103.201.142.41', NULL, 'Hello', 'Chandu', 'hellochandu@yopmail.com', NULL, NULL, NULL, NULL, 'e4167988147d67998fbb17d77532ba72041218224082d57d8445cf17318283f6', NULL, 'Hello', 'http://www.ab23223c.com', '9876543312', 'about-page.jpg', '', NULL, 'yes', 'yes', NULL, NULL, 'Sole Proprietorship', 'SE1MUFBUU0JCUkVTTk5CMg==', '0', '', '1', NULL, NULL, '1', '1'),
(92, '10', '103.201.142.41', NULL, 'Shivangi', 'Singh', 'shivangi@yopmail.com', NULL, NULL, NULL, NULL, 'da4d55902982481c8fa58115b51de6e30a3681dad17118a28294dac52372746c', NULL, NULL, NULL, NULL, NULL, '', NULL, NULL, NULL, NULL, NULL, '', 'SFpJTEpQM1FSRFhYREdOUw==', '0', '', '1', NULL, NULL, '1', '1'),
(93, '10', '103.201.142.41', NULL, 'Jacky', 'Bohr', 'jacky@yopmail.com', NULL, NULL, NULL, NULL, '9073c258ba5c9661411f5d9535170277008bff99320135f38297dcf2e6b614f6', NULL, 'Hello', 'http://www.ab23223c.com', '9876543312', 'IMG-20180519-WA0000.jpg', '', NULL, NULL, NULL, NULL, NULL, 'Individual', 'UkZXWDVRU0ZVNUI0WTZFVQ==', '0', '', '1', NULL, NULL, '1', '1');

-- --------------------------------------------------------

--
-- Table structure for table `user_plan`
--

CREATE TABLE `user_plan` (
  `id` int(11) NOT NULL,
  `user_id` int(11) DEFAULT NULL,
  `email` varchar(255) DEFAULT NULL,
  `current_plan` varchar(10) DEFAULT NULL,
  `previuos_plan` varchar(10) DEFAULT NULL,
  `amount` int(11) DEFAULT NULL,
  `createDate` varchar(50) DEFAULT NULL,
  `updateDate` varchar(50) DEFAULT NULL
) ENGINE=InnoDB DEFAULT CHARSET=latin1;

--
-- Dumping data for table `user_plan`
--

INSERT INTO `user_plan` (`id`, `user_id`, `email`, `current_plan`, `previuos_plan`, `amount`, `createDate`, `updateDate`) VALUES
(1, 36, 'p.chandra1@blockon.tech', '1', NULL, NULL, '2018-03-17', NULL),
(2, 38, 'qeweqre2@gmail.com', '1', NULL, NULL, '2018-03-21', NULL),
(3, 25, 'chandu2013pal@gmail.com', '2', NULL, NULL, '2018-03-21', NULL),
(4, 40, 'chiranjitdebnath04@gmail.com', '1', NULL, NULL, '2018-04-11', NULL),
(5, 42, 'chandrapal2@yopmail.com', '1', NULL, NULL, '2018-04-14', NULL),
(6, 44, 'chandra_pal@yopmail.com', '1', NULL, NULL, '2018-04-16', NULL),
(7, 46, 'chandra1_pal@yopmail.com', '1', NULL, NULL, '2018-04-16', NULL),
(8, 48, 'chandra11_pal@yopmail.com', '1', NULL, NULL, '2018-04-16', NULL),
(9, 50, 'chandu11_pal@yopmail.com', '1', NULL, NULL, '2018-04-16', NULL),
(10, 52, 'chandu2018_pal@yopmail.com', '1', NULL, NULL, '2018-04-16', NULL),
(11, 54, 'chandra.getwebsoftware@gmail.com', '1', NULL, NULL, '2018-04-16', NULL),
(12, 56, 'chandra.getwebsoftware@gmail.com', '1', NULL, NULL, '2018-04-16', NULL),
(13, 57, 'chandra.getwebsoftware@gmail.com', '1', NULL, NULL, '2018-04-16', NULL),
(14, 58, 'chandra.getwebsoftware@gmail.com', '1', NULL, NULL, '2018-04-16', NULL),
(15, 59, 'chandra.getwebsoftware@gmail.com', '1', NULL, NULL, '2018-04-16', NULL),
(16, 60, 'chandra.getwebsoftware@gmail.com', '1', NULL, NULL, '2018-04-16', NULL),
(17, 61, 'chandra.getwebsoftware@gmail.com', '1', NULL, NULL, '2018-04-16', NULL),
(18, 62, 'chandra.getwebsoftware@gmail.com', '1', NULL, NULL, '2018-04-16', NULL),
(19, 63, 'chandra.getwebsoftware@gmail.com', '1', NULL, NULL, '2018-04-16', NULL),
(20, 64, 'chandra.getwebsoftware@gmail.com', '1', NULL, NULL, '2018-04-16', NULL),
(21, 65, 'chandra.getwebsoftware@gmail.com', '1', NULL, NULL, '2018-04-16', NULL),
(22, 66, 'chandra.getwebsoftware@gmail.com', '1', NULL, NULL, '2018-04-16', NULL),
(23, 67, 'chandra.getwebsoftware@gmail.com', '1', NULL, NULL, '2018-04-16', NULL),
(24, 68, 'chandra.getwebsoftware@gmail.com', '1', NULL, NULL, '2018-04-16', NULL),
(25, 69, 'chandra.getwebsoftware@gmail.com', '1', NULL, NULL, '2018-04-16', NULL),
(26, 70, 'chandra.getwebsoftware@gmail.com', '1', NULL, NULL, '2018-04-16', NULL),
(27, 71, 'chandra.getwebsoftware@gmail.com', '1', NULL, NULL, '2018-04-16', NULL),
(28, 72, 'chandra.getwebsoftware@gmail.com', '1', NULL, NULL, '2018-04-16', NULL),
(29, 73, 'chandra.getwebsoftware@gmail.com', '1', NULL, NULL, '2018-04-16', NULL),
(30, 74, 'chandra.getwebsoftware@gmail.com', '1', NULL, NULL, '2018-04-16', NULL),
(31, 75, 'chandra.getwebsoftware@gmail.com', '1', NULL, NULL, '2018-04-16', NULL),
(32, 76, 's.rishi@block.on', '1', NULL, NULL, '2018-04-17', NULL),
(33, 77, 'chiranjit234@yopmail.com', '1', NULL, NULL, '2018-04-17', NULL),
(34, 78, 'chiru123@yopmail.com', '1', NULL, NULL, '2018-04-17', NULL),
(35, 79, 'demo@paycrypt.com', '1', NULL, NULL, '2018-04-17', NULL),
(36, 80, 'blockon@gmail.com', '1', NULL, NULL, '2018-04-18', NULL),
(37, 81, 'penny123@yopmail.com', '1', NULL, NULL, '2018-04-18', NULL),
(38, 82, 'sikhabahal@yopmail.com', '1', NULL, NULL, '2018-05-03', NULL),
(39, 83, 'b.shikha@blockon.tech', '1', NULL, NULL, '2018-05-04', NULL),
(40, 84, 'm.vikram@blockon.tech', '1', NULL, NULL, '2018-05-10', NULL),
(41, 85, 'g.shashank@blockon.tech', '1', NULL, NULL, '2018-05-10', NULL),
(42, 86, 'akhilesh@yopmail.com', '1', NULL, NULL, '2018-05-11', NULL),
(43, 87, 'sakshi123@yopmail.com', '1', NULL, NULL, '2018-05-19', NULL),
(44, 88, 'rikki@yopmail.com', '1', NULL, NULL, '2018-05-19', NULL),
(45, 89, 'rashmi123@yopmail.com', '1', NULL, NULL, '2018-05-23', NULL),
(46, 90, 'sakshidubey5945@gmail.com', '1', NULL, NULL, '2018-05-23', NULL),
(47, 91, 'hellochandu@yopmail.com', '1', NULL, NULL, '2018-05-23', NULL),
(48, 92, 'shivangi@yopmail.com', '1', NULL, NULL, '2018-06-06', NULL),
(49, 93, 'jacky@yopmail.com', '1', NULL, NULL, '2018-07-04', NULL);

-- --------------------------------------------------------

--
-- Table structure for table `walletnotify`
--

CREATE TABLE `walletnotify` (
  `rowid` int(11) UNSIGNED NOT NULL,
  `txid` varchar(100) DEFAULT NULL,
  `tot_amt` decimal(14,8) DEFAULT NULL,
  `tot_fee` decimal(14,8) DEFAULT NULL,
  `confirmations` int(11) DEFAULT NULL,
  `comment` varchar(100) DEFAULT NULL,
  `blocktime` int(13) DEFAULT NULL,
  `account` varchar(50) DEFAULT NULL,
  `address` varchar(50) DEFAULT NULL,
  `category` varchar(50) DEFAULT NULL,
  `amount` decimal(14,8) DEFAULT NULL,
  `fee` decimal(14,8) DEFAULT NULL,
  `email` varchar(255) NOT NULL,
  `invoice` varchar(255) NOT NULL,
  `publickey` varchar(255) NOT NULL,
  `month` varchar(10) NOT NULL,
  `year` varchar(50) NOT NULL,
  `createDate` timestamp NOT NULL DEFAULT CURRENT_TIMESTAMP,
  `view_status` enum('0','1') DEFAULT '0',
  `view_date` date DEFAULT NULL,
  `client_email` varchar(50) DEFAULT NULL,
  `payment_status` enum('0','1') DEFAULT '0',
  `received_amount` float NOT NULL DEFAULT '0',
  `repayment_txid` text
) ENGINE=MyISAM DEFAULT CHARSET=utf8;

--
-- Dumping data for table `walletnotify`
--

INSERT INTO `walletnotify` (`rowid`, `txid`, `tot_amt`, `tot_fee`, `confirmations`, `comment`, `blocktime`, `account`, `address`, `category`, `amount`, `fee`, `email`, `invoice`, `publickey`, `month`, `year`, `createDate`, `view_status`, `view_date`, `client_email`, `payment_status`, `received_amount`, `repayment_txid`) VALUES
(15, '5a09db275d41a873f33ca0bb1d1ba2750169b87b6eefea14dd756c71d2b55953', '0.55000000', NULL, 8, NULL, 1522826328, NULL, '2MwiYhASCMFyq65dGWYcCb7cyyfbnfn4Rev', 'receive', '0.55000000', NULL, 'chandu2013pal@gmail.com', '24233', '3yrhUoOTwpd74657e51a8d919df6c538228ff9fdbf', '04', '2018', '2018-04-04 07:16:16', '0', NULL, NULL, '0', 0, NULL),
(14, NULL, '12.00000000', NULL, NULL, NULL, NULL, NULL, '2NCfSZFTpppZ426xGALeme7Ab8C3jJJiYJa', NULL, '12.00000000', NULL, 'chandu2013pal@gmail.com', '21205', '3yrhUoOTwpd74657e51a8d919df6c538228ff9fdbf', '04', '2018', '2018-04-03 13:44:40', '0', NULL, NULL, '0', 0, NULL),
(13, NULL, '12.00000000', NULL, NULL, NULL, NULL, NULL, '2NDYACyKVYrPZF15N91UbnoBoTURDxQkLtK', NULL, '12.00000000', NULL, 'chandu2013pal@gmail.com', '49786', '3yrhUoOTwpd74657e51a8d919df6c538228ff9fdbf', '04', '2018', '2018-04-03 13:42:13', '0', NULL, NULL, '0', 0, NULL),
(16, '0bf1e7e6bc28d8547a0a94be941cb36c8f0a92210ec1ed7109eba8b04ac762ce', '0.45000000', NULL, 1, NULL, 1522827256, NULL, '2N6ZxKnc2aEDLWMfJXXgBFyPqCccFwkZVMg', 'receive', '0.45000000', NULL, 'chandu2013pal@gmail.com', '26048', '3yrhUoOTwpd74657e51a8d919df6c538228ff9fdbf', '04', '2018', '2018-04-04 07:32:50', '0', NULL, NULL, '0', 0, NULL),
(17, '34f6cd8afb7a1d2907bf146595526b253d5519762bf6e951dbf5d6b4770cfe94', '0.35000000', NULL, 1, NULL, 1522827890, NULL, '2N3C7Me4yRTh6SW8t83z2TCeeui6FKxnSpQ', 'receive', '0.35000000', NULL, 'chandu2013pal@gmail.com', '87481', '3yrhUoOTwpd74657e51a8d919df6c538228ff9fdbf', '04', '2018', '2018-04-04 07:43:41', '0', NULL, NULL, '0', 0, NULL),
(18, '42c6568078ada147f7526f039a05ca746a4b18ccbf9eedc3fd1f8b1dfdcf58cf', '0.30000000', NULL, 1, NULL, 1522828332, NULL, '2MuFBwyGZbHQii4mTeH5ZBcJddNdRg5MCdM', 'receive', '0.30000000', NULL, 'chandu2013pal@gmail.com', '73212', '3yrhUoOTwpd74657e51a8d919df6c538228ff9fdbf', '04', '2018', '2018-04-04 07:50:33', '0', NULL, NULL, '0', 0, NULL),
(19, '1a3b5b7f521c1eebbb1f879ed2d12ffff61ce57b95e716dcf5df9d7dcfe9dc35', '0.45000000', NULL, 1, NULL, 1522828589, NULL, '2N8Vzm7Bzcgj85uFJuk3UiwytSyDg2YqN15', 'receive', '0.45000000', NULL, 'chandu2013pal@gmail.com', '38709', '3yrhUoOTwpd74657e51a8d919df6c538228ff9fdbf', '04', '2018', '2018-04-04 07:54:38', '0', NULL, NULL, '0', 0, NULL),
(20, NULL, '1.20000000', NULL, NULL, NULL, NULL, NULL, '2N9oTKpHKDstsrtHmvwh2y5SY9xX82zVmGh', NULL, '1.20000000', NULL, 'chandu2013pal@gmail.com', '52010', '3yrhUoOTwpd74657e51a8d919df6c538228ff9fdbf', '04', '2018', '2018-04-04 08:18:43', '0', NULL, NULL, '0', 0, NULL),
(21, NULL, '1.20000000', NULL, NULL, NULL, NULL, NULL, '2N4v5zExadHiGZtKuUo6gf8dYXVXid5abJx', NULL, '1.20000000', NULL, 'chandu2013pal@gmail.com', '28803', '3yrhUoOTwpd74657e51a8d919df6c538228ff9fdbf', '04', '2018', '2018-04-04 08:19:35', '0', NULL, NULL, '0', 0, NULL),
(22, NULL, '1.20000000', NULL, NULL, NULL, NULL, NULL, '2NAyLJLgsXFhfrWNWFg3wSZcKEoKfS3suu5', NULL, '1.20000000', NULL, 'chandu2013pal@gmail.com', '98070', '3yrhUoOTwpd74657e51a8d919df6c538228ff9fdbf', '04', '2018', '2018-04-04 08:19:46', '0', NULL, NULL, '0', 0, NULL),
(23, NULL, '1.20000000', NULL, NULL, NULL, NULL, NULL, '2Mv3Yp2mPau6AYm4ve1zKWL1vYiQVdwWpxN', NULL, '1.20000000', NULL, 'chandu2013pal@gmail.com', '67240', '3yrhUoOTwpd74657e51a8d919df6c538228ff9fdbf', '04', '2018', '2018-04-04 08:20:18', '0', NULL, NULL, '0', 0, NULL),
(24, NULL, '1.20000000', NULL, NULL, NULL, NULL, NULL, '2NEhmGzoArgDsJUKLTUDV4FrWEE338P8KaQ', NULL, '1.20000000', NULL, 'chandu2013pal@gmail.com', '86899', '3yrhUoOTwpd74657e51a8d919df6c538228ff9fdbf', '04', '2018', '2018-04-04 08:22:19', '0', NULL, NULL, '0', 0, NULL),
(25, NULL, '1.20000000', NULL, NULL, NULL, NULL, NULL, '2MzUVG8azZBT9cCuikYfPJByACW2schZSSQ', NULL, '1.20000000', NULL, 'chandu2013pal@gmail.com', '91694', '3yrhUoOTwpd74657e51a8d919df6c538228ff9fdbf', '04', '2018', '2018-04-04 08:22:31', '0', NULL, NULL, '0', 0, NULL),
(26, NULL, '1.20000000', NULL, NULL, NULL, NULL, NULL, '2NFkKHJYbeqLSDK9vrsXNmppMuabgvfokW9', NULL, '1.20000000', NULL, 'chandu2013pal@gmail.com', '37358', '3yrhUoOTwpd74657e51a8d919df6c538228ff9fdbf', '04', '2018', '2018-04-04 08:22:55', '0', NULL, NULL, '0', 0, NULL),
(27, 'eefc573c3fe4933a3bd997ceed89fd61fcc0e91ca2bf5a152e5f3a2a9bb41315', '0.75000000', NULL, 1, NULL, 1522835067, NULL, '2Mysfs8aXhDGFVFtfQ7qm1nEa7Kz37HK24v', 'receive', '0.75000000', NULL, 'chandu2013pal@gmail.com', '93807', '3yrhUoOTwpd74657e51a8d919df6c538228ff9fdbf', '04', '2018', '2018-04-04 09:43:05', '0', NULL, NULL, '0', 0, NULL),
(28, NULL, '0.75000000', NULL, NULL, NULL, NULL, NULL, '2N2VSddh7VaX4xHdPt6Zm1xUHrDwzC2kFkQ', NULL, '0.75000000', NULL, 'chandu2013pal@gmail.com', '49236', '3yrhUoOTwpd74657e51a8d919df6c538228ff9fdbf', '04', '2018', '2018-04-04 09:47:09', '0', NULL, NULL, '0', 0, NULL),
(29, NULL, '0.75000000', NULL, NULL, NULL, NULL, NULL, '2MtB4Rby7zMfzSXjDmmVqKSBC3eTBg6DEZx', NULL, '0.75000000', NULL, 'chandu2013pal@gmail.com', '86239', '3yrhUoOTwpd74657e51a8d919df6c538228ff9fdbf', '04', '2018', '2018-04-04 09:48:23', '0', NULL, NULL, '0', 0, NULL),
(30, NULL, '0.75000000', NULL, NULL, NULL, NULL, NULL, '2N92oRs7ewHpue3nkL9TkqdRLsp2Au12LpJ', NULL, '0.75000000', NULL, 'chandu2013pal@gmail.com', '95568', '3yrhUoOTwpd74657e51a8d919df6c538228ff9fdbf', '04', '2018', '2018-04-04 09:48:36', '0', NULL, NULL, '0', 0, NULL),
(31, NULL, '0.75000000', NULL, NULL, NULL, NULL, NULL, '2NFhWksjfycvyAKRhyF71tqypQZ8sinAnPM', NULL, '0.75000000', NULL, 'chandu2013pal@gmail.com', '69981', '3yrhUoOTwpd74657e51a8d919df6c538228ff9fdbf', '04', '2018', '2018-04-04 09:51:50', '0', NULL, NULL, '0', 0, NULL),
(32, NULL, '0.75000000', NULL, NULL, NULL, NULL, NULL, '2N9Zi1m57Vx99CUMcw38WiWmdqNvDX7SHy8', NULL, '0.75000000', NULL, 'chandu2013pal@gmail.com', '84471', '3yrhUoOTwpd74657e51a8d919df6c538228ff9fdbf', '04', '2018', '2018-04-04 09:52:53', '0', NULL, NULL, '0', 0, NULL),
(33, NULL, '0.75000000', NULL, NULL, NULL, NULL, NULL, '2NDMjAZErv7aWhZWEHxYyyyQqCznt2oGBid', NULL, '0.75000000', NULL, 'chandu2013pal@gmail.com', '21812', '3yrhUoOTwpd74657e51a8d919df6c538228ff9fdbf', '04', '2018', '2018-04-04 09:53:14', '0', NULL, NULL, '0', 0, NULL),
(34, NULL, '0.75000000', NULL, NULL, NULL, NULL, NULL, '2MvUVk3oZMBraBPwx4XjibrorkR17QYnSe8', NULL, '0.75000000', NULL, 'chandu2013pal@gmail.com', '95639', '3yrhUoOTwpd74657e51a8d919df6c538228ff9fdbf', '04', '2018', '2018-04-04 09:54:59', '0', NULL, NULL, '0', 0, NULL),
(35, NULL, '0.75000000', NULL, NULL, NULL, NULL, NULL, '2N2D6jmXzTUcoTfZo5tnnmMBD5HbnhQASGu', NULL, '0.75000000', NULL, 'chandu2013pal@gmail.com', '18791', '3yrhUoOTwpd74657e51a8d919df6c538228ff9fdbf', '04', '2018', '2018-04-04 09:55:06', '0', NULL, NULL, '0', 0, NULL),
(36, NULL, '0.75000000', NULL, NULL, NULL, NULL, NULL, '2NDToW5nJiwXFy2XBpmgwL25SdXJBpKXZ5S', NULL, '0.75000000', NULL, 'chandu2013pal@gmail.com', '65915', '3yrhUoOTwpd74657e51a8d919df6c538228ff9fdbf', '04', '2018', '2018-04-04 09:55:12', '0', NULL, NULL, '0', 0, NULL),
(37, NULL, '0.75000000', NULL, NULL, NULL, NULL, NULL, '2MtwZ9c7hMn6ckzJkoJxZwSkAE1oRLTe3NC', NULL, '0.75000000', NULL, 'chandu2013pal@gmail.com', '63130', '3yrhUoOTwpd74657e51a8d919df6c538228ff9fdbf', '04', '2018', '2018-04-04 09:55:54', '0', NULL, NULL, '0', 0, NULL),
(38, NULL, '0.75000000', NULL, NULL, NULL, NULL, NULL, '2Mwa4gqJrUbKX1dCBf68pcBzN1iLSwfvDjB', NULL, '0.75000000', NULL, 'chandu2013pal@gmail.com', '46977', '3yrhUoOTwpd74657e51a8d919df6c538228ff9fdbf', '04', '2018', '2018-04-04 09:56:15', '0', NULL, NULL, '0', 0, NULL),
(39, NULL, '0.75000000', NULL, NULL, NULL, NULL, NULL, '2NGDmgEXeT3MV3LL5Zc3uwBpMd3TVa48pvu', NULL, '0.75000000', NULL, 'chandu2013pal@gmail.com', '26698', '3yrhUoOTwpd74657e51a8d919df6c538228ff9fdbf', '04', '2018', '2018-04-04 09:56:58', '0', NULL, NULL, '0', 0, NULL),
(40, NULL, '0.75000000', NULL, NULL, NULL, NULL, NULL, '2N7bVfoscBHqirBU4ZpsE9LjVfLpKnJSYiw', NULL, '0.75000000', NULL, 'chandu2013pal@gmail.com', '79079', '3yrhUoOTwpd74657e51a8d919df6c538228ff9fdbf', '04', '2018', '2018-04-04 09:57:31', '0', NULL, NULL, '0', 0, NULL),
(41, NULL, '0.75000000', NULL, NULL, NULL, NULL, NULL, '2NGKynQHkFLhMr33VUA8c2uSgynQzdvhhrr', NULL, '0.75000000', NULL, 'chandu2013pal@gmail.com', '25537', '3yrhUoOTwpd74657e51a8d919df6c538228ff9fdbf', '04', '2018', '2018-04-04 09:58:06', '0', NULL, NULL, '0', 0, NULL),
(42, NULL, '0.75000000', NULL, NULL, NULL, NULL, NULL, '2N2FJvCKZ9apYfJJDrMxddJecB5daMCmnHh', NULL, '0.75000000', NULL, 'chandu2013pal@gmail.com', '62454', '3yrhUoOTwpd74657e51a8d919df6c538228ff9fdbf', '04', '2018', '2018-04-04 09:59:42', '0', NULL, NULL, '0', 0, NULL),
(43, NULL, '0.75000000', NULL, NULL, NULL, NULL, NULL, '2N7tm9E9Jht2GbQWJJANGbbDAMupQhAiHEA', NULL, '0.75000000', NULL, 'chandu2013pal@gmail.com', '83111', '3yrhUoOTwpd74657e51a8d919df6c538228ff9fdbf', '04', '2018', '2018-04-04 10:01:01', '0', NULL, NULL, '0', 0, NULL),
(44, NULL, '0.75000000', NULL, NULL, NULL, NULL, NULL, '2MvdWB4G5W7Y5wdCBFw8fSwvJ3UAD8EZLQg', NULL, '0.75000000', NULL, 'chandu2013pal@gmail.com', '83425', '3yrhUoOTwpd74657e51a8d919df6c538228ff9fdbf', '04', '2018', '2018-04-04 10:01:52', '0', NULL, NULL, '0', 0, NULL),
(45, NULL, '0.30000000', NULL, NULL, NULL, NULL, NULL, '2NFXho2cGsumRxzriDDJXa6pbKwYEQW7A1W', NULL, '0.30000000', NULL, 'chandu2013pal@gmail.com', '64605', '3yrhUoOTwpd74657e51a8d919df6c538228ff9fdbf', '04', '2018', '2018-04-04 10:02:36', '0', NULL, NULL, '0', 0, NULL),
(46, NULL, '0.05000000', NULL, NULL, NULL, NULL, NULL, '2MysW2cZ3hH3jtLE8ZNWTdVkDajfKddmsBb', NULL, '0.05000000', NULL, 'chandu2013pal@gmail.com', '68909', '3yrhUoOTwpd74657e51a8d919df6c538228ff9fdbf', '04', '2018', '2018-04-04 10:03:57', '0', NULL, NULL, '0', 0, NULL),
(47, NULL, '1.00000000', NULL, NULL, NULL, NULL, NULL, '2NERZqzfZN6WbstEeice588ZCsBjt58xoha', NULL, '1.00000000', NULL, 'chandu2013pal@gmail.com', '29474', '3yrhUoOTwpd74657e51a8d919df6c538228ff9fdbf', '04', '2018', '2018-04-04 10:13:13', '0', NULL, NULL, '0', 0, NULL),
(48, NULL, '0.30000000', NULL, NULL, NULL, NULL, NULL, '2N9L8nYMnuiCiAP7UZvcgyHh3zDEerdmZdC', NULL, '0.30000000', NULL, 'chandu2013pal@gmail.com', '61210', '3yrhUoOTwpd74657e51a8d919df6c538228ff9fdbf', '04', '2018', '2018-04-04 10:21:45', '0', NULL, NULL, '0', 0, NULL),
(49, NULL, '0.30000000', NULL, NULL, NULL, NULL, NULL, '2NCYLJE4nh6oWDc9g2UVYofGHVV3CWG82i1', NULL, '0.30000000', NULL, 'chandu2013pal@gmail.com', '95978', '3yrhUoOTwpd74657e51a8d919df6c538228ff9fdbf', '04', '2018', '2018-04-04 10:22:46', '0', NULL, NULL, '0', 0, NULL),
(50, NULL, '0.30000000', NULL, NULL, NULL, NULL, NULL, '2N21z21UgocYwj5XBe5mk9T9wz8pHVkPmBC', NULL, '0.30000000', NULL, 'chandu2013pal@gmail.com', '14594', '3yrhUoOTwpd74657e51a8d919df6c538228ff9fdbf', '04', '2018', '2018-04-04 10:24:24', '0', NULL, NULL, '0', 0, NULL),
(51, NULL, '0.30000000', NULL, NULL, NULL, NULL, NULL, '2NDpL5kWYxr3A6r87ScN3zfAw3sCSGVqcsY', NULL, '0.30000000', NULL, 'chandu2013pal@gmail.com', '14418', '3yrhUoOTwpd74657e51a8d919df6c538228ff9fdbf', '04', '2018', '2018-04-04 10:28:11', '0', NULL, NULL, '0', 0, NULL),
(52, NULL, '0.30000000', NULL, NULL, NULL, NULL, NULL, '2NBBrREQP2ygV9AHTvjH3oYzbn5uR177evq', NULL, '0.30000000', NULL, 'chandu2013pal@gmail.com', '77668', '3yrhUoOTwpd74657e51a8d919df6c538228ff9fdbf', '04', '2018', '2018-04-04 10:30:25', '0', NULL, NULL, '0', 0, NULL),
(53, NULL, '0.30000000', NULL, NULL, NULL, NULL, NULL, '2N4fsjfhJGPpve3G2xWjBE7kXACF52YTuhC', NULL, '0.30000000', NULL, 'chandu2013pal@gmail.com', '11262', '3yrhUoOTwpd74657e51a8d919df6c538228ff9fdbf', '04', '2018', '2018-04-04 10:31:30', '0', NULL, NULL, '0', 0, NULL),
(54, NULL, '0.30000000', NULL, NULL, NULL, NULL, NULL, '2Mv1QNrm7L9A6WMymVVeyFJPuw8yjsr7fJw', NULL, '0.30000000', NULL, 'chandu2013pal@gmail.com', '27531', '3yrhUoOTwpd74657e51a8d919df6c538228ff9fdbf', '04', '2018', '2018-04-04 10:32:19', '0', NULL, NULL, '0', 0, NULL),
(55, NULL, '0.30000000', NULL, NULL, NULL, NULL, NULL, '2NCUYd5XRwuKX69yjwYZaNsZaJVyypNZdw6', NULL, '0.30000000', NULL, 'chandu2013pal@gmail.com', '87782', '3yrhUoOTwpd74657e51a8d919df6c538228ff9fdbf', '04', '2018', '2018-04-04 10:33:43', '0', NULL, NULL, '0', 0, NULL),
(56, NULL, '0.08000000', NULL, NULL, NULL, NULL, NULL, '2N6JT6HkvkvbwDN51KBpgKR9D2NoneGwuRG', NULL, '0.08000000', NULL, 'chandu2013pal@gmail.com', '82532', '3yrhUoOTwpd74657e51a8d919df6c538228ff9fdbf', '04', '2018', '2018-04-04 10:37:15', '0', NULL, NULL, '0', 0, NULL),
(57, NULL, '0.90000000', NULL, NULL, NULL, NULL, NULL, '2N59vQ6AvPgwhGV1PMhXxFBdwWMZ1qqLrSd', NULL, '0.90000000', NULL, 'chandu2013pal@gmail.com', '25529', '3yrhUoOTwpd74657e51a8d919df6c538228ff9fdbf', '04', '2018', '2018-04-04 10:37:49', '0', NULL, NULL, '0', 0, NULL),
(58, NULL, '0.40000000', NULL, NULL, NULL, NULL, NULL, '2NBcYqgPfyZp9wPiwEq3RTBuvaQKrcktVC1', NULL, '0.40000000', NULL, 'chandu2013pal@gmail.com', '55735', '3yrhUoOTwpd74657e51a8d919df6c538228ff9fdbf', '04', '2018', '2018-04-04 10:41:27', '0', NULL, NULL, '0', 0, NULL),
(59, NULL, '0.40000000', NULL, NULL, NULL, NULL, NULL, '2MuFjq6KEgNghuUjNdvURT91i5TPNdRgtd2', NULL, '0.40000000', NULL, 'chandu2013pal@gmail.com', '79053', '3yrhUoOTwpd74657e51a8d919df6c538228ff9fdbf', '04', '2018', '2018-04-04 10:41:52', '0', NULL, NULL, '0', 0, NULL),
(60, 'd879315f87d254abcacbfca13830bae6a3a1ffa2c570987e7c3d093447af5a51', '0.40000000', NULL, 1, NULL, 1522838819, NULL, '2MxcdDL3sgL5W6TwJ75zoHUDErkbzTnY2Xn', 'receive', '0.40000000', NULL, 'chandu2013pal@gmail.com', '65903', '3yrhUoOTwpd74657e51a8d919df6c538228ff9fdbf', '04', '2018', '2018-04-04 10:42:40', '0', NULL, NULL, '0', 0, NULL),
(61, NULL, '0.40000000', NULL, NULL, NULL, NULL, NULL, '2N3hgJ5KEfqx3fjmrSL2jzvhN2sZGzbKLpr', NULL, '0.40000000', NULL, 'chandu2013pal@gmail.com', '28116', '3yrhUoOTwpd74657e51a8d919df6c538228ff9fdbf', '04', '2018', '2018-04-04 10:45:43', '0', NULL, NULL, '0', 0, NULL),
(62, NULL, '0.40000000', NULL, NULL, NULL, NULL, NULL, '2MsHS8hHZWrz9BHC7raENBxGDBsbQxoUMd3', NULL, '0.40000000', NULL, 'chandu2013pal@gmail.com', '40106', '3yrhUoOTwpd74657e51a8d919df6c538228ff9fdbf', '04', '2018', '2018-04-04 10:46:17', '0', NULL, NULL, '0', 0, NULL),
(63, 'fcc8269646be69ddbff342b16ecd5ee4544d4219694195df9c34a93758490305', '0.30000000', NULL, 1, NULL, 1522839123, NULL, '2NAscz4wpwCri8ZVpAL2nLJym9HpmMoPKAW', 'receive', '0.30000000', NULL, 'chandu2013pal@gmail.com', '94080', '3yrhUoOTwpd74657e51a8d919df6c538228ff9fdbf', '04', '2018', '2018-04-04 10:50:55', '0', NULL, NULL, '0', 0, NULL),
(64, NULL, '0.30000000', NULL, NULL, NULL, NULL, NULL, '2N282jmYjxkasrcZQs25ihZMieifnmBRL3J', NULL, '0.30000000', NULL, 'chandu2013pal@gmail.com', '79236', '3yrhUoOTwpd74657e51a8d919df6c538228ff9fdbf', '04', '2018', '2018-04-04 10:52:52', '0', NULL, NULL, '0', 0, NULL),
(65, NULL, '0.40000000', NULL, NULL, NULL, NULL, NULL, '2Mx3wZs8AWr2rjVrrZpsBWg4bhAzxvdDXPb', NULL, '0.40000000', NULL, 'chandu2013pal@gmail.com', '69067', '3yrhUoOTwpd74657e51a8d919df6c538228ff9fdbf', '04', '2018', '2018-04-04 10:56:52', '0', NULL, NULL, '0', 0, NULL),
(66, NULL, '0.40000000', NULL, NULL, NULL, NULL, NULL, '2N7VTeqX6SAo8thKhPabxscEEUxNhmHPvbi', NULL, '0.40000000', NULL, 'chandu2013pal@gmail.com', '12287', '3yrhUoOTwpd74657e51a8d919df6c538228ff9fdbf', '04', '2018', '2018-04-04 10:57:55', '0', NULL, NULL, '0', 0, NULL),
(67, NULL, '1.00000000', NULL, NULL, NULL, NULL, NULL, '2N4WmDSGWuok6AKZDTnZN4qdDZpY4T2HL5G', NULL, '1.00000000', NULL, 'chandu2013pal@gmail.com', '21013', '3yrhUoOTwpd74657e51a8d919df6c538228ff9fdbf', '04', '2018', '2018-04-04 10:59:33', '0', NULL, NULL, '0', 0, NULL),
(68, '8a60d7c0dd6d4c5294d8bab64954d22b24f2919bf31770603b5619d3767e5849', '0.21000000', NULL, 1, NULL, 1522839750, NULL, '2NDKBWVBuji3RsE7sYaznJ9YB5zaYCfV39z', 'receive', '0.21000000', NULL, 'chandu2013pal@gmail.com', '89244', '3yrhUoOTwpd74657e51a8d919df6c538228ff9fdbf', '04', '2018', '2018-04-04 11:00:50', '0', NULL, NULL, '0', 0, NULL),
(69, NULL, '0.21000000', NULL, NULL, NULL, NULL, NULL, '2NG5QvcYUNpXxzYfW8BpNhZjz5raF9986yj', NULL, '0.21000000', NULL, 'chandu2013pal@gmail.com', '66520', '3yrhUoOTwpd74657e51a8d919df6c538228ff9fdbf', '04', '2018', '2018-04-04 11:03:54', '0', NULL, NULL, '0', 0, NULL),
(70, NULL, '0.10000000', NULL, NULL, NULL, NULL, NULL, '2N58WgJmytDQAiUaWK8DQL4njPW1ooQFbWV', NULL, '0.10000000', NULL, 'chandu2013pal@gmail.com', '53751', '3yrhUoOTwpd74657e51a8d919df6c538228ff9fdbf', '04', '2018', '2018-04-04 11:04:21', '0', NULL, NULL, '0', 0, NULL),
(71, 'bdd24ab70332d19abd3a8447abcc74e2446af422da68ed119611925be6c52814', '0.12000000', NULL, 1, NULL, 1522840222, NULL, '2MwPunSWdvWxKNEvuA7hQiZvfZbkNgbQT16', 'receive', '0.12000000', NULL, 'chandu2013pal@gmail.com', '77629', '3yrhUoOTwpd74657e51a8d919df6c538228ff9fdbf', '04', '2018', '2018-04-04 11:05:46', '0', NULL, NULL, '0', 0, NULL),
(72, NULL, '0.12000000', NULL, NULL, NULL, NULL, NULL, '2MytzF2npKvjmMbGzq6sJkTjMwyaLBuaC6a', NULL, '0.12000000', NULL, 'chandu2013pal@gmail.com', '29698', '3yrhUoOTwpd74657e51a8d919df6c538228ff9fdbf', '04', '2018', '2018-04-04 11:10:57', '0', NULL, NULL, '0', 0, NULL),
(73, NULL, '0.40000000', NULL, NULL, NULL, NULL, NULL, '2NBsGKmhva5sYotEJ2ZmkGCTKs9MS6buEer', NULL, '0.40000000', NULL, 'chandu2013pal@gmail.com', '68341', '3yrhUoOTwpd74657e51a8d919df6c538228ff9fdbf', '04', '2018', '2018-04-04 11:12:40', '0', NULL, NULL, '0', 0, NULL),
(74, NULL, '0.43000000', NULL, NULL, NULL, NULL, NULL, '2N65CQhy4YzLAhLfPzy8FDtZYyvmjK9GrQf', NULL, '0.43000000', NULL, 'chandu2013pal@gmail.com', '91428', '3yrhUoOTwpd74657e51a8d919df6c538228ff9fdbf', '04', '2018', '2018-04-04 11:14:57', '0', NULL, NULL, '0', 0, NULL),
(75, NULL, '0.89000000', NULL, NULL, NULL, NULL, NULL, '2N1P9gTk9hvSEJxJxnL9GfsnkvKM1p9Lkk1', NULL, '0.89000000', NULL, 'chandu2013pal@gmail.com', '64756', '3yrhUoOTwpd74657e51a8d919df6c538228ff9fdbf', '04', '2018', '2018-04-04 11:17:31', '0', NULL, NULL, '0', 0, NULL),
(76, NULL, '0.21000000', NULL, NULL, NULL, NULL, NULL, '2NDM1L4yo3Jx15ChhgxaELw76bsCCZxDjut', NULL, '0.21000000', NULL, 'chandu2013pal@gmail.com', '77849', '3yrhUoOTwpd74657e51a8d919df6c538228ff9fdbf', '04', '2018', '2018-04-04 11:24:48', '0', NULL, NULL, '0', 0, NULL),
(77, NULL, '0.21000000', NULL, NULL, NULL, NULL, NULL, '2N9G9GgZU1YUdL5BAb6KNMRrr6KTQnhogFL', NULL, '0.21000000', NULL, 'chandu2013pal@gmail.com', '19821', '3yrhUoOTwpd74657e51a8d919df6c538228ff9fdbf', '04', '2018', '2018-04-04 11:25:21', '0', NULL, NULL, '0', 0, NULL),
(78, NULL, '0.21000000', NULL, NULL, NULL, NULL, NULL, '2N58r55GhEUHkyBEJgn6wYDiMRKPbYRVNFK', NULL, '0.21000000', NULL, 'chandu2013pal@gmail.com', '95937', '3yrhUoOTwpd74657e51a8d919df6c538228ff9fdbf', '04', '2018', '2018-04-04 11:26:11', '0', NULL, NULL, '0', 0, NULL),
(79, '1ccaaaac03fe4cd06e2960e938de12f665d88dfd72d69c19cd93b0987ccf43ed', '0.21000000', NULL, 1, NULL, 1522841478, NULL, '2MzYeFSc8Sq6goqTAHRnWSv8NeMjnjCLNyS', 'receive', '0.21000000', NULL, 'chandu2013pal@gmail.com', '10011', '3yrhUoOTwpd74657e51a8d919df6c538228ff9fdbf', '04', '2018', '2018-04-04 11:26:43', '0', NULL, NULL, '0', 0, NULL),
(80, NULL, '0.21000000', NULL, NULL, NULL, NULL, NULL, '2NEfkZW2ouFjkywueJsq9ZNW6uPqzXrXrtM', NULL, '0.21000000', NULL, 'chandu2013pal@gmail.com', '88751', '3yrhUoOTwpd74657e51a8d919df6c538228ff9fdbf', '04', '2018', '2018-04-04 11:31:40', '0', NULL, NULL, '0', 0, NULL),
(81, 'b7eb69a1fa13440e7020158bfc6a93b0e5f0ed26528ef4e55b32ad5e4142aa85', '0.21000000', NULL, 1, NULL, 1522841820, NULL, '2NBndQ5brxNuXMkBnzLHuUdNssBi5ezq6sz', 'receive', '0.21000000', NULL, 'chandu2013pal@gmail.com', '73546', '3yrhUoOTwpd74657e51a8d919df6c538228ff9fdbf', '04', '2018', '2018-04-04 11:35:05', '0', NULL, NULL, '0', 0, NULL),
(82, NULL, '0.21000000', NULL, NULL, NULL, NULL, NULL, '2N8Yzdsx4X8aBHjwM5p34qn7Bk2vFa3X6WA', NULL, '0.21000000', NULL, 'chandu2013pal@gmail.com', '39239', '3yrhUoOTwpd74657e51a8d919df6c538228ff9fdbf', '04', '2018', '2018-04-04 11:36:57', '0', NULL, NULL, '0', 0, NULL),
(83, NULL, '0.21000000', NULL, NULL, NULL, NULL, NULL, '2N1wrnpjbSQZuiDU4iMuizH2sSrZyVwBF6K', NULL, '0.21000000', NULL, 'chandu2013pal@gmail.com', '40990', '3yrhUoOTwpd74657e51a8d919df6c538228ff9fdbf', '04', '2018', '2018-04-04 11:37:47', '0', NULL, NULL, '0', 0, NULL),
(84, NULL, '0.21000000', NULL, NULL, NULL, NULL, NULL, '2N1q6A9qySq3NAXX6VokKw9QaePTXXVgN56', NULL, '0.21000000', NULL, 'chandu2013pal@gmail.com', '64841', '3yrhUoOTwpd74657e51a8d919df6c538228ff9fdbf', '04', '2018', '2018-04-04 11:38:19', '0', NULL, NULL, '0', 0, NULL),
(85, NULL, '0.21000000', NULL, NULL, NULL, NULL, NULL, '2N8t5fvQCdkNY5A7R5p9CnLqcvbDD3MftwZ', NULL, '0.21000000', NULL, 'chandu2013pal@gmail.com', '16459', '3yrhUoOTwpd74657e51a8d919df6c538228ff9fdbf', '04', '2018', '2018-04-04 11:38:31', '0', NULL, NULL, '0', 0, NULL),
(86, NULL, '0.21000000', NULL, NULL, NULL, NULL, NULL, '2MvS2nkVhwB1Um8RFNu2NY7xZv9zedAkmre', NULL, '0.21000000', NULL, 'chandu2013pal@gmail.com', '97458', '3yrhUoOTwpd74657e51a8d919df6c538228ff9fdbf', '04', '2018', '2018-04-04 11:39:03', '0', NULL, NULL, '0', 0, NULL),
(87, NULL, '0.21000000', NULL, NULL, NULL, NULL, NULL, '2NF76M2im6AA1wRoyx4dmMHefF9yWUwt2ZV', NULL, '0.21000000', NULL, 'chandu2013pal@gmail.com', '99222', '3yrhUoOTwpd74657e51a8d919df6c538228ff9fdbf', '04', '2018', '2018-04-04 11:44:34', '0', NULL, NULL, '0', 0, NULL),
(88, NULL, '0.21000000', NULL, NULL, NULL, NULL, NULL, '2N7qe3vPxMsxiebJx4yTu7dPsCQ7jkwgACy', NULL, '0.21000000', NULL, 'chandu2013pal@gmail.com', '30278', '3yrhUoOTwpd74657e51a8d919df6c538228ff9fdbf', '04', '2018', '2018-04-04 11:45:52', '0', NULL, NULL, '0', 0, NULL),
(89, NULL, '0.21000000', NULL, NULL, NULL, NULL, NULL, '2N1Vfh1G9eB9tJhzK8uDU9GGwGmUJhQG1wY', NULL, '0.21000000', NULL, 'chandu2013pal@gmail.com', '80519', '3yrhUoOTwpd74657e51a8d919df6c538228ff9fdbf', '04', '2018', '2018-04-04 11:46:54', '0', NULL, NULL, '0', 0, NULL),
(90, NULL, '0.21000000', NULL, NULL, NULL, NULL, NULL, '2NEGxPi1reDkeid633wPARg6jLcV9C5QNnR', NULL, '0.21000000', NULL, 'chandu2013pal@gmail.com', '99147', '3yrhUoOTwpd74657e51a8d919df6c538228ff9fdbf', '04', '2018', '2018-04-04 11:47:15', '0', NULL, NULL, '0', 0, NULL),
(91, NULL, '0.21000000', NULL, NULL, NULL, NULL, NULL, '2N3p2JKnpdn1nuP3jvEkEaDTg3PR3eoP42f', NULL, '0.21000000', NULL, 'chandu2013pal@gmail.com', '27336', '3yrhUoOTwpd74657e51a8d919df6c538228ff9fdbf', '04', '2018', '2018-04-04 11:47:15', '0', NULL, NULL, '0', 0, NULL),
(92, NULL, '0.21000000', NULL, NULL, NULL, NULL, NULL, '2N9GYGRYL8P1gweAYawtvvS7fj3CNnMEypH', NULL, '0.21000000', NULL, 'chandu2013pal@gmail.com', '20055', '3yrhUoOTwpd74657e51a8d919df6c538228ff9fdbf', '04', '2018', '2018-04-04 11:48:05', '0', NULL, NULL, '0', 0, NULL),
(93, 'a1174daa0749ad80d1a665bd0eb088a832726e7ea634f865776691a488e2f1eb', '0.21000000', NULL, 1, NULL, 1522842709, NULL, '2N4kqQiNSazNmzy21NojF5Nn47yj9FNbjY5', 'receive', '0.21000000', NULL, 'chandu2013pal@gmail.com', '64291', '3yrhUoOTwpd74657e51a8d919df6c538228ff9fdbf', '04', '2018', '2018-04-04 11:50:39', '0', NULL, NULL, '0', 0, NULL),
(94, '35b7297869f428fbf683485d1ea745dd127feb5084f318323db090ad0b177c8e', '0.21000000', NULL, 1, NULL, 1522842959, NULL, '2MvewDmMF6Tp5L1pwKRLSJZ55K1Z5Q4r1bA', 'receive', '0.21000000', NULL, 'chandu2013pal@gmail.com', '57537', '3yrhUoOTwpd74657e51a8d919df6c538228ff9fdbf', '04', '2018', '2018-04-04 11:52:34', '0', NULL, NULL, '0', 0, NULL),
(95, '802ee9c751e086db0999086e8311a3c65a95a3fbdc116dec61cb3d6d5dde4f42', '0.12000000', NULL, 1, NULL, 1522843226, NULL, '2N8c5y1rAKSBGTQo1eEo4hrimqhRHpxZ7FS', 'receive', '0.12000000', NULL, 'chandu2013pal@gmail.com', '84617', '3yrhUoOTwpd74657e51a8d919df6c538228ff9fdbf', '04', '2018', '2018-04-04 11:59:28', '0', NULL, NULL, '0', 0, NULL),
(96, NULL, '0.12000000', NULL, NULL, NULL, NULL, NULL, '2NAfXBZHhmmnbKnkpJ6WtTjQebYSZ3ey7Mq', NULL, '0.12000000', NULL, 'chandu2013pal@gmail.com', '78942', '3yrhUoOTwpd74657e51a8d919df6c538228ff9fdbf', '04', '2018', '2018-04-04 12:05:07', '0', NULL, NULL, '0', 0, NULL),
(97, NULL, '0.12000000', NULL, NULL, NULL, NULL, NULL, '2NALvhtBmrVsdjXnXNsru1ckV7fqSu6DGNk', NULL, '0.12000000', NULL, 'chandu2013pal@gmail.com', '83728', '3yrhUoOTwpd74657e51a8d919df6c538228ff9fdbf', '04', '2018', '2018-04-04 12:16:57', '0', NULL, NULL, '0', 0, NULL),
(98, NULL, '0.12000000', NULL, NULL, NULL, NULL, NULL, '2MspHN3MxaM6jyKZujqQJm85dbb1M5YsMFi', NULL, '0.12000000', NULL, 'chandu2013pal@gmail.com', '77645', '3yrhUoOTwpd74657e51a8d919df6c538228ff9fdbf', '04', '2018', '2018-04-04 12:21:31', '0', NULL, NULL, '0', 0, NULL),
(99, NULL, '0.12000000', NULL, NULL, NULL, NULL, NULL, '2MxoUifDtQSazHY9FmbTc22PvmVtfYB4NPV', NULL, '0.12000000', NULL, 'chandu2013pal@gmail.com', '97687', '3yrhUoOTwpd74657e51a8d919df6c538228ff9fdbf', '04', '2018', '2018-04-04 12:22:11', '0', NULL, NULL, '0', 0, NULL),
(100, NULL, '0.12000000', NULL, NULL, NULL, NULL, NULL, '2NBLdt5Rjemgo5NHN7AGTXxxLyDPLsxgu4W', NULL, '0.12000000', NULL, 'chandu2013pal@gmail.com', '73583', '3yrhUoOTwpd74657e51a8d919df6c538228ff9fdbf', '04', '2018', '2018-04-04 12:22:37', '0', NULL, NULL, '0', 0, NULL),
(101, '1509c864f26bfab21be612285f3b847cbf921e030e9fdb92764b5b5a41a79cab', '0.21000000', NULL, 1, NULL, 1522844847, NULL, '2NAYwr6vusb9uRSZXazszDsTKd8jTE8Gyd4', 'receive', '0.21000000', NULL, 'chandu2013pal@gmail.com', '14501', '3yrhUoOTwpd74657e51a8d919df6c538228ff9fdbf', '04', '2018', '2018-04-04 12:24:21', '0', NULL, NULL, '0', 0, NULL),
(102, NULL, '0.21000000', NULL, NULL, NULL, NULL, NULL, '2NC8qyDwmudpqBHZp9ovwmQvFBDiLywjxUo', NULL, '0.21000000', NULL, 'chandu2013pal@gmail.com', '35630', '3yrhUoOTwpd74657e51a8d919df6c538228ff9fdbf', '04', '2018', '2018-04-04 12:29:10', '0', NULL, NULL, '0', 0, NULL),
(103, '669b3ae4c6d3adf2d85124c36e611604c93bb3ded0bde302be14deccc362ff29', '0.12000000', NULL, 1, NULL, 1522845104, NULL, '2N1mJ3K4w8FHxY8nqLfBnjaNAnrbgHnWXua', 'receive', '0.12000000', NULL, 'chandu2013pal@gmail.com', '85829', '3yrhUoOTwpd74657e51a8d919df6c538228ff9fdbf', '04', '2018', '2018-04-04 12:29:33', '0', NULL, NULL, '0', 0, NULL),
(104, NULL, '0.12000000', NULL, NULL, NULL, NULL, NULL, '2NEWt3qA79XH51FA7A3Vsoh9pkMfRNyYrBG', NULL, '0.12000000', NULL, 'chandu2013pal@gmail.com', '71092', '3yrhUoOTwpd74657e51a8d919df6c538228ff9fdbf', '04', '2018', '2018-04-04 12:31:42', '0', NULL, NULL, '0', 0, NULL),
(105, NULL, '0.12000000', NULL, NULL, NULL, NULL, NULL, '2Mswzzdru9h2SSH515ZH1DqaEBShcdRtckS', NULL, '0.12000000', NULL, 'chandu2013pal@gmail.com', '44910', '3yrhUoOTwpd74657e51a8d919df6c538228ff9fdbf', '04', '2018', '2018-04-04 12:33:21', '0', NULL, NULL, '0', 0, NULL),
(106, NULL, '0.00000000', NULL, NULL, NULL, NULL, NULL, '2N9QV6uQZKTXquyUDmGrp8Pj9BZHzKjj3Sp', NULL, '0.00000000', NULL, 'chandu2013pal@gmail.com', '71235', '3yrhUoOTwpd74657e51a8d919df6c538228ff9fdbf', '04', '2018', '2018-04-04 12:33:54', '0', NULL, NULL, '0', 0, NULL),
(107, NULL, '0.12000000', NULL, NULL, NULL, NULL, NULL, '2N6L113ao7D9aDLzxQJGVfuDcoujwUpUuaY', NULL, '0.12000000', NULL, 'chandu2013pal@gmail.com', '98665', '3yrhUoOTwpd74657e51a8d919df6c538228ff9fdbf', '04', '2018', '2018-04-04 12:35:08', '0', NULL, NULL, '0', 0, NULL),
(108, NULL, '0.12000000', NULL, NULL, NULL, NULL, NULL, '2NGWbzvkCWUxRMnbcUpBxwpHxAbW6aKrUfA', NULL, '0.12000000', NULL, 'chandu2013pal@gmail.com', '80534', '3yrhUoOTwpd74657e51a8d919df6c538228ff9fdbf', '04', '2018', '2018-04-04 12:35:56', '0', NULL, NULL, '0', 0, NULL),
(109, NULL, '0.12000000', NULL, NULL, NULL, NULL, NULL, '2Msbrqger2zJqAQvYMzinmDVzgYh4shePXF', NULL, '0.12000000', NULL, 'chandu2013pal@gmail.com', '87494', '3yrhUoOTwpd74657e51a8d919df6c538228ff9fdbf', '04', '2018', '2018-04-04 12:39:14', '0', NULL, NULL, '0', 0, NULL),
(110, NULL, '0.12000000', NULL, NULL, NULL, NULL, NULL, NULL, NULL, '0.12000000', NULL, 'chandu2013pal@gmail.com', '83583', '3yrhUoOTwpd74657e51a8d919df6c538228ff9fdbf', '04', '2018', '2018-04-04 12:44:05', '0', NULL, NULL, '0', 0, NULL),
(111, NULL, '0.12000000', NULL, NULL, NULL, NULL, NULL, '2NEo42qGeadSuWc15ppZjEZbVhZtGbzJw7j', NULL, '0.12000000', NULL, 'chandu2013pal@gmail.com', '18905', '3yrhUoOTwpd74657e51a8d919df6c538228ff9fdbf', '04', '2018', '2018-04-04 12:45:38', '0', NULL, NULL, '0', 0, NULL),
(112, NULL, '0.12000000', NULL, NULL, NULL, NULL, NULL, '2NBdVYxC3mzeYgJ67gMGZ1nxL1SJS1N9eMs', NULL, '0.12000000', NULL, 'chandu2013pal@gmail.com', '43633', '3yrhUoOTwpd74657e51a8d919df6c538228ff9fdbf', '04', '2018', '2018-04-04 12:46:43', '0', NULL, NULL, '0', 0, NULL),
(113, NULL, '0.12000000', NULL, NULL, NULL, NULL, NULL, '2N39PMV7jA6c7BAZeksHuAF9BhqySYuxHs6', NULL, '0.12000000', NULL, 'chandu2013pal@gmail.com', '37108', '3yrhUoOTwpd74657e51a8d919df6c538228ff9fdbf', '04', '2018', '2018-04-04 12:50:54', '0', NULL, NULL, '0', 0, NULL),
(114, '892e6ca674caa0b8f66985e29ba3c5d11ace75573e1a8793decf7c9f38b12fd1', '0.12000000', NULL, 1, NULL, 1522846643, NULL, '2MsQSMZQSmJp2CGieeLqNGmYc8YVbr15Mod', 'receive', '0.12000000', NULL, 'chandu2013pal@gmail.com', '55696', '3yrhUoOTwpd74657e51a8d919df6c538228ff9fdbf', '04', '2018', '2018-04-04 12:54:48', '0', NULL, NULL, '0', 0, NULL),
(115, '4aa027fcda44824f2fab2aaac30a409976084b72c876d72f6e56f29a47991b5b', '0.12000000', NULL, 1, NULL, 1522846851, NULL, '2N28j2dLz1RoHidAFLjSYxwjpZqqaAi8nN5', 'receive', '0.12000000', NULL, 'chandu2013pal@gmail.com', '28387', '3yrhUoOTwpd74657e51a8d919df6c538228ff9fdbf', '04', '2018', '2018-04-04 12:58:33', '0', NULL, NULL, '0', 0, NULL),
(116, '1430bedcdfdc043b810f1881e93c9e59bc1018e9fd38874ad96db76aca2ab7b9', '0.12000000', NULL, 1, NULL, 1522846851, NULL, '2MvsMxwG7bNFKFunceGfZkApWzF9mZ36hgG', 'receive', '0.12000000', NULL, 'chandu2013pal@gmail.com', '38365', '3yrhUoOTwpd74657e51a8d919df6c538228ff9fdbf', '04', '2018', '2018-04-04 13:00:23', '0', NULL, NULL, '0', 0, NULL),
(117, '40fc18c7a33268c54c1a40e1d2a6959deb14f9d3daa52cb85b2e1b8daa20ed42', '0.45000000', NULL, 1, NULL, 1522847148, NULL, '2N3KAYbL1iHeCksTZkpt8L4h2bFwpQ9KpPi', 'receive', '0.45000000', NULL, 'chandu2013pal@gmail.com', '88065', '3yrhUoOTwpd74657e51a8d919df6c538228ff9fdbf', '04', '2018', '2018-04-04 13:03:02', '0', NULL, NULL, '0', 0, NULL),
(118, '05a061a09cfaef4634bc21022101711ddfa93d1e3385d56fbcfdb89579c14e59', '0.34000000', NULL, 1, NULL, 1522847148, NULL, '2MxtyBFZqsNE1GAo4Bw8Pu4bGwokzikepnn', 'receive', '0.34000000', NULL, 'chandu2013pal@gmail.com', '13965', '3yrhUoOTwpd74657e51a8d919df6c538228ff9fdbf', '04', '2018', '2018-04-04 13:04:59', '0', NULL, NULL, '0', 0, NULL),
(119, '5a53afc22549d9c1723f2babb6cf01cdca3d1c39557b7b3c4f23b5292578b3c8', '0.12000000', NULL, 1, NULL, 1522848070, NULL, '2N25MHFAaG4CGJAJPAdYV8uvGHCepiAPZmp', 'receive', '0.12000000', NULL, 'chandu2013pal@gmail.com', '27787', '3yrhUoOTwpd74657e51a8d919df6c538228ff9fdbf', '04', '2018', '2018-04-04 13:16:30', '0', NULL, NULL, '0', 0, NULL),
(120, '875652dc7cd09e5ac0376d2e0562e4454ee6ffd15bc1ba65c6a6863b00f55c2f', '0.12000000', NULL, 1, NULL, 1522850892, NULL, '2NGV8yNX62UthxEvMYpHq7qG7yWLHfFaY5J', 'receive', '0.12000000', NULL, 'chandu2013pal@gmail.com', '70332', '3yrhUoOTwpd74657e51a8d919df6c538228ff9fdbf', '04', '2018', '2018-04-04 14:07:03', '0', NULL, NULL, '0', 0, NULL),
(121, NULL, '0.12000000', NULL, NULL, NULL, NULL, NULL, '2Mw58f2UrcKMHLSjEL11AJy9NF9RHTPp3Kt', NULL, '0.12000000', NULL, 'chandu2013pal@gmail.com', '96968', '3yrhUoOTwpd74657e51a8d919df6c538228ff9fdbf', '04', '2018', '2018-04-05 10:51:13', '0', NULL, NULL, '0', 0, NULL),
(122, NULL, '0.12000000', NULL, NULL, NULL, NULL, NULL, NULL, NULL, '0.12000000', NULL, 'chandu2013pal@gmail.com', '86808', '3yrhUoOTwpd74657e51a8d919df6c538228ff9fdbf', '04', '2018', '2018-04-06 05:58:11', '0', NULL, NULL, '0', 0, NULL),
(123, NULL, '0.12000000', NULL, NULL, NULL, NULL, NULL, NULL, NULL, '0.12000000', NULL, 'chandu2013pal@gmail.com', '21639', '3yrhUoOTwpd74657e51a8d919df6c538228ff9fdbf', '04', '2018', '2018-04-06 06:00:01', '0', NULL, NULL, '0', 0, NULL),
(124, NULL, '0.12000000', NULL, NULL, NULL, NULL, NULL, NULL, NULL, '0.12000000', NULL, 'chandu2013pal@gmail.com', '17189', '3yrhUoOTwpd74657e51a8d919df6c538228ff9fdbf', '04', '2018', '2018-04-06 06:04:10', '0', NULL, NULL, '0', 0, NULL),
(125, NULL, '0.12000000', NULL, NULL, NULL, NULL, NULL, NULL, NULL, '0.12000000', NULL, 'chandu2013pal@gmail.com', '62129', '3yrhUoOTwpd74657e51a8d919df6c538228ff9fdbf', '04', '2018', '2018-04-06 06:27:44', '0', NULL, NULL, '0', 0, NULL),
(126, NULL, '0.12000000', NULL, NULL, NULL, NULL, NULL, NULL, NULL, '0.12000000', NULL, 'chandu2013pal@gmail.com', '19260', '3yrhUoOTwpd74657e51a8d919df6c538228ff9fdbf', '04', '2018', '2018-04-06 06:27:56', '0', NULL, NULL, '0', 0, NULL),
(127, NULL, '0.12000000', NULL, NULL, NULL, NULL, NULL, '2N3crZKU62vZnjJnV6JwTUiFLRSEaqqky63', NULL, '0.12000000', NULL, 'chandu2013pal@gmail.com', '22418', '3yrhUoOTwpd74657e51a8d919df6c538228ff9fdbf', '04', '2018', '2018-04-06 06:29:17', '0', NULL, NULL, '0', 0, NULL),
(128, 'efe34fddd0bf444754cafbfd6e134e70be7c9839597ac5b8762b55362d2eaee6', '0.12000000', NULL, 1, NULL, 1522999270, NULL, '2NFCAccET5npm1HRao11vkhaDnpi4VZ1s7R', 'receive', '0.12000000', NULL, 'chandu2013pal@gmail.com', '88190', '3yrhUoOTwpd74657e51a8d919df6c538228ff9fdbf', '04', '2018', '2018-04-06 07:01:02', '0', NULL, NULL, '0', 0, NULL),
(129, '1d34ee31358ecce5243df81742d6afdbffa241cd4ffdf36365e6b2f9c642642e', '0.12000000', NULL, 1, NULL, 1522999270, NULL, '2NELszSrWBfC8s6PF8zKMuJGKXhmcdT3jCz', 'receive', '0.12000000', NULL, 'chandu2013pal@gmail.com', '40465', '3yrhUoOTwpd74657e51a8d919df6c538228ff9fdbf', '04', '2018', '2018-04-06 07:02:13', '0', NULL, NULL, '0', 0, NULL),
(130, '542a9d4c7c4ba948412a10dee5d031742e5c56473ccbefc4d500eec6773bf892', '0.12000000', NULL, 1, NULL, 1522999270, NULL, '2NG1zMwaBhSgV9NZAX5Q9z9dyTuzsCubUBQ', 'receive', '0.12000000', NULL, 'chandu2013pal@gmail.com', '73774', '3yrhUoOTwpd74657e51a8d919df6c538228ff9fdbf', '04', '2018', '2018-04-06 07:09:02', '0', NULL, NULL, '0', 0, NULL),
(131, '348fdb47adbab6f2cdee2c2c8f116b3e1b621bae6c168dd80ae8dafa5511e6f6', '0.22000000', NULL, 1, NULL, 1522999270, NULL, '2NBXGduD8q8F89LqdfLXZJHQq11PUwS66om', 'receive', '0.22000000', NULL, 'chandu2013pal@gmail.com', '11518', '3yrhUoOTwpd74657e51a8d919df6c538228ff9fdbf', '04', '2018', '2018-04-06 07:18:59', '0', NULL, NULL, '0', 0, NULL),
(132, NULL, '0.12000000', NULL, NULL, NULL, NULL, NULL, NULL, NULL, '0.12000000', NULL, 'chandu2013pal@gmail.com', '43440', '3yrhUoOTwpd74657e51a8d919df6c538228ff9fdbf', '04', '2018', '2018-04-06 10:08:33', '0', NULL, NULL, '0', 0, NULL),
(133, NULL, '0.12000000', NULL, NULL, NULL, NULL, NULL, 'muKr1jS4wLPTmAj7Fsjne4J9HskdG69G1w', NULL, '0.12000000', NULL, 'chandu2013pal@gmail.com', '46277', '3yrhUoOTwpd74657e51a8d919df6c538228ff9fdbf', '04', '2018', '2018-04-06 10:15:52', '0', NULL, NULL, '0', 0, NULL),
(134, '10caef1b5e3991f56d7d82713ef302ab4770e75865c794b8146d86ebd7d03fd4', '0.12000000', NULL, 1, NULL, 1523016465, NULL, '2Mt58aA8JZjhgoj427XsHuRKoNV232ChsKB', 'receive', '0.12000000', NULL, 'chandu2013pal@gmail.com', '48936', '3yrhUoOTwpd74657e51a8d919df6c538228ff9fdbf', '04', '2018', '2018-04-06 10:43:05', '0', NULL, NULL, '0', 0, NULL),
(135, '9833c47a57b437dcde11c7fa0a638f5da41fb25dcbd6bf909769412af07caed5', '0.45000000', NULL, 1, NULL, 1523016465, NULL, '2N3LPPbBw6UHnDSQG5iUe194hnFvhg87MoP', 'receive', '0.45000000', NULL, 'chandu2013pal@gmail.com', '31791', '3yrhUoOTwpd74657e51a8d919df6c538228ff9fdbf', '04', '2018', '2018-04-06 10:45:41', '0', NULL, NULL, '0', 0, NULL),
(136, '65901d220efeecacd86301561bac691ca566c73e18616929bd13534b83e30d31', '0.12000000', NULL, 1, NULL, 1523016465, NULL, '2N7g2VsxGQ7gwoUnvHniJaK3er4RdFBk4DK', 'receive', '0.12000000', NULL, 'chandu2013pal@gmail.com', '28239', '3yrhUoOTwpd74657e51a8d919df6c538228ff9fdbf', '04', '2018', '2018-04-06 10:54:47', '0', NULL, NULL, '0', 0, NULL),
(137, '7d75a48137d9d8994b1ca7e4d8b7a3d84c229c929fb7a292b64929c90a2f16a1', '0.12000000', NULL, 1, NULL, 1523016465, NULL, '2NEwUD9SESCyZTpQX82aNGS2sa5d6mgrD47', 'receive', '0.12000000', NULL, 'chandu2013pal@gmail.com', '80267', '3yrhUoOTwpd74657e51a8d919df6c538228ff9fdbf', '04', '2018', '2018-04-06 10:55:24', '0', NULL, NULL, '0', 0, NULL),
(138, '8eef37a0f8fa72e60a54cf51c4614d41a5cb2eaffceade3036c31173439281b2', '0.45000000', NULL, 0, NULL, NULL, NULL, '2NAvsWqrPcvgb6mEzr3P9trznhcPFbm23XR', 'receive', '0.45000000', NULL, 'chandu2013pal@gmail.com', '48515', '3yrhUoOTwpd74657e51a8d919df6c538228ff9fdbf', '04', '2018', '2018-04-06 13:19:01', '0', NULL, NULL, '0', 0, NULL),
(139, NULL, '0.12000000', NULL, NULL, NULL, NULL, NULL, '2Mx2moKKjMythGhBE57FjgAmiqiVerGByEM', NULL, '0.12000000', NULL, 'chandu2013pal@gmail.com', '90410', '3yrhUoOTwpd74657e51a8d919df6c538228ff9fdbf', '04', '2018', '2018-04-07 12:11:35', '0', NULL, NULL, '0', 0, NULL),
(140, NULL, '0.12000000', NULL, NULL, NULL, NULL, NULL, 'moq5TyacTos9eRFkEXjPNfhj9CNtGoq2oX', NULL, '0.12000000', NULL, 'chandu2013pal@gmail.com', '62898', '3yrhUoOTwpd74657e51a8d919df6c538228ff9fdbf', '04', '2018', '2018-04-07 12:12:01', '0', NULL, NULL, '0', 0, NULL),
(141, NULL, '0.12000000', NULL, NULL, NULL, NULL, NULL, 'npJmPeCLD2b5gLmA5NsxHh5YtBD8cG6sXf', NULL, '0.12000000', NULL, 'chandu2013pal@gmail.com', '26745', '3yrhUoOTwpd74657e51a8d919df6c538228ff9fdbf', '04', '2018', '2018-04-07 12:12:19', '0', NULL, NULL, '0', 0, NULL),
(142, 'b7a2367806157230c455bcda8c56ce0f018892e065b6f1cc1aeac1dcbb37b093', '0.05000000', NULL, 1, NULL, NULL, NULL, 'miUrstpyCFU4UHLbcMWGMxgbB7BMb3AP4W', 'send', '0.05000000', NULL, 'chandu2013pal@gmail.com', '73701', '', '04', '2018', '2018-04-09 06:03:27', '0', NULL, NULL, '0', 0, NULL),
(143, NULL, NULL, NULL, NULL, NULL, NULL, NULL, NULL, NULL, NULL, NULL, 'chandu2013pal@gmail.com', '77151', '', '04', '2018', '2018-04-09 06:06:37', '0', NULL, NULL, '0', 0, NULL),
(144, 'b690ba2bf24fe2d8f915d3334861127fe86ab37f75ff59e50df3e97b8cc121f0', '0.12000000', NULL, 1, NULL, NULL, NULL, '2NFrMB7jXzffVt2dPYE52dnEcs8v6Ki9DNn', 'receive', '0.12000000', NULL, 'chandu2013pal@gmail.com', '30989', '3yrhUoOTwpd74657e51a8d919df6c538228ff9fdbf', '04', '2018', '2018-04-09 06:07:17', '0', NULL, NULL, '0', 0, NULL),
(145, 'd41ca7ec6d071b5efc4b7168d141f602810bd177b45caf96068bef31f51a8b9b', '0.12000000', NULL, 1, NULL, NULL, NULL, '2N2Xhcq5nwhWvrif7Tcw4h11V4HS3etLkHF', 'receive', '0.12000000', NULL, 'chandu2013pal@gmail.com', '67239', '3yrhUoOTwpd74657e51a8d919df6c538228ff9fdbf', '04', '2018', '2018-04-09 06:10:04', '0', NULL, NULL, '0', 0, NULL),
(146, '8f1b67131c198b60078d3634eec382dd98260fd1e394dac07f619995cf362364', '0.34000000', NULL, 1, NULL, NULL, NULL, '2N3vrqcsn4uu1VWEb2dQYX7xtYSjScJhviF', 'receive', '0.34000000', NULL, 'chandu2013pal@gmail.com', '62132', '3yrhUoOTwpd74657e51a8d919df6c538228ff9fdbf', '04', '2018', '2018-04-09 06:14:30', '0', NULL, NULL, '0', 0, NULL),
(147, NULL, '0.00000001', NULL, NULL, NULL, NULL, NULL, 'miUrstpyCFU4UHLbcMWGMxgbB7BMb3AP4W', NULL, '0.00000001', NULL, 'chandu2013pal@gmail.com', '33382', '', '04', '2018', '2018-04-09 06:20:17', '0', NULL, NULL, '0', 0, NULL),
(148, NULL, '0.00000001', NULL, NULL, NULL, NULL, NULL, 'miUrstpyCFU4UHLbcMWGMxgbB7BMb3AP4W', NULL, '0.00000001', NULL, 'chandu2013pal@gmail.com', '73925', '', '04', '2018', '2018-04-09 06:20:39', '0', NULL, NULL, '0', 0, NULL),
(149, '0e393efc0c6af2670842bf71cea304b0567cf75a6357c90c4b4ae6b52ff7561d', '0.12000000', NULL, 1, NULL, NULL, NULL, '2NBVPer1uKCMkzvSwXYrABmZGzaaUSRxDkb', 'receive', '0.12000000', NULL, 'chandu2013pal@gmail.com', '28488', '3yrhUoOTwpd74657e51a8d919df6c538228ff9fdbf', '04', '2018', '2018-04-09 06:42:20', '1', NULL, NULL, '0', 0, NULL),
(150, '6c9321fd18ffd9b13548ce8c9ecc915acb87a8c9a04505244537c808150acc56', '0.12000000', NULL, 1, NULL, NULL, NULL, '2NF5ZJUB8e6oGHjY9V1gsKJbibbhw7zfGYP', 'receive', '0.12000000', NULL, 'chandu2013pal@gmail.com', '94253', '3yrhUoOTwpd74657e51a8d919df6c538228ff9fdbf', '04', '2018', '2018-04-09 06:44:46', '1', NULL, NULL, '0', 0, NULL),
(151, '5a4c9a4933e75e246d317ab78aa5569e5949a9dd9884282a9f4b596c1d15245c', '0.87000000', NULL, 1, NULL, NULL, NULL, '2MvHJd3z4eTwjpqAcKtgj53cZZwroXA8h46', 'receive', '0.87000000', NULL, 'chandu2013pal@gmail.com', '72732', '3yrhUoOTwpd74657e51a8d919df6c538228ff9fdbf', '04', '2018', '2018-04-09 06:59:11', '1', NULL, NULL, '0', 0, NULL),
(152, '8fdea96632c17b76b59f80aca64f94cae0205c68e6ac53dab7d6c97c584a7a1c', '0.56000000', NULL, 1, NULL, NULL, NULL, '2NEVr9nJPwockG9BcCvoHdmFT4eRCN8iAPQ', 'receive', '0.56000000', NULL, 'chandu2013pal@gmail.com', '97618', '3yrhUoOTwpd74657e51a8d919df6c538228ff9fdbf', '04', '2018', '2018-04-09 07:05:22', '1', NULL, NULL, '0', 0, NULL),
(153, '2876f4ace21abff87cdfa35b7d9faf60dc93f54fa49865e3090325d5c6d6dc25', '0.12000000', NULL, 1, NULL, NULL, NULL, '2MyxcoUSEvmqcMTA81AJsF1ySax4tUaPEXX', 'receive', '0.12000000', NULL, 'chandu2013pal@gmail.com', '60747', '3yrhUoOTwpd74657e51a8d919df6c538228ff9fdbf', '04', '2018', '2018-04-09 07:21:22', '1', NULL, NULL, '0', 0, NULL),
(154, '8ec8305c97daae1afbb6d99ae964bb7e15ada34f51f580260b2d85ca8786497b', '0.12000000', NULL, 1, NULL, NULL, NULL, '2N8j79Lsh7s7D2W9PLtsKgFLpLXxUJGubwM', 'receive', '0.12000000', NULL, 'chandu2013pal@gmail.com', '96509', '3yrhUoOTwpd74657e51a8d919df6c538228ff9fdbf', '04', '2018', '2018-04-09 08:52:29', '1', NULL, NULL, '0', 0, NULL),
(155, NULL, '0.12000000', NULL, NULL, NULL, NULL, NULL, '2MvH5RYKHAcyS8ag2nueJdxn8UiQzQ8ycdo', NULL, '0.12000000', NULL, 'chandu2013pal@gmail.com', '36906', '3yrhUoOTwpd74657e51a8d919df6c538228ff9fdbf', '04', '2018', '2018-04-10 07:13:51', '0', NULL, NULL, '0', 0, NULL),
(156, NULL, '0.12000000', NULL, NULL, NULL, NULL, NULL, '2Msa4QycMnsFQSL3aw9qMmy3yffQ3XsTeCv', NULL, '0.12000000', NULL, 'chandu2013pal@gmail.com', '73839', '3yrhUoOTwpd74657e51a8d919df6c538228ff9fdbf', '04', '2018', '2018-04-10 07:15:08', '0', NULL, NULL, '0', 0, NULL),
(157, 'c31207ca5be683af161f838890d26f53c2b3da35596cf535674e3ea64895a511', '0.12000000', NULL, 1, NULL, NULL, NULL, '2Mxwb7zooVNnqHisDXYrTZUm5eHy33JpbKv', 'receive', '0.12000000', NULL, 'chandu2013pal@gmail.com', '32904', '3yrhUoOTwpd74657e51a8d919df6c538228ff9fdbf', '04', '2018', '2018-04-10 07:18:59', '1', NULL, NULL, '0', 0, NULL),
(158, 'b984b1f2a7f7e74f908adf7219db3c80429b341d9ee686706fea2b6061f2431c', '0.12000000', NULL, 1, NULL, NULL, NULL, '2N2zKKW3NX79a9VMLFsY9auTeEyAytyNvCj', 'receive', '0.12000000', NULL, 'chandu2013pal@gmail.com', '63818', '3yrhUoOTwpd74657e51a8d919df6c538228ff9fdbf', '04', '2018', '2018-04-10 07:23:35', '1', NULL, NULL, '0', 0, NULL),
(159, '4111494a0097dfe3988705f66ab93d008dae0bf8706eac70190b3fe1701dbe5f', '0.12000000', NULL, 1, NULL, NULL, NULL, 'mpXL8cznyt8u1PioFWmCWPHyaCGjAUij1B', 'receive', '0.12000000', NULL, 'chandu2013pal@gmail.com', '94817', '3yrhUoOTwpd74657e51a8d919df6c538228ff9fdbf', '04', '2018', '2018-04-10 10:28:25', '1', NULL, NULL, '0', 0, NULL),
(160, '88166e6e597023a13858becf4df34f0a40a886207e71cffd3bce1209334a566d', '0.11000000', NULL, 1, NULL, NULL, NULL, 'msbokFSdkPogF7JEztkLer3ehbQoQaLFfj', 'receive', '0.11000000', NULL, 'shashank@bloque.in', '77614', '69jGiWgIHb373b41e6b01d64e7d019c2e4c7d8398a', '04', '2018', '2018-04-10 10:29:28', '0', NULL, NULL, '0', 0, NULL),
(161, NULL, '0.12000000', NULL, NULL, NULL, NULL, NULL, 'myFYrgTidj6xQX4pWsoDNLY4NonrXwqbvz', NULL, '0.12000000', NULL, 'chandu2013pal@gmail.com', '77615', '3yrhUoOTwpd74657e51a8d919df6c538228ff9fdbf', '04', '2018', '2018-04-16 12:33:22', '0', NULL, NULL, '0', 0, NULL),
(162, 'a49d893d9a26f5df594925c10a710742ea2e035357bf4aecddf7d9daaeb18822', '0.00100000', NULL, 1, NULL, NULL, NULL, 'mrjJVkCBa3dRR5a7dQ74mch9FZsCJ9JpzU', 'receive', '0.00100000', NULL, 'chandu2013pal@gmail.com', '77616', '3yrhUoOTwpd74657e51a8d919df6c538228ff9fdbf', '04', '2018', '2018-04-17 08:36:33', '1', NULL, NULL, '0', 0, NULL),
(163, NULL, '0.12000000', NULL, NULL, NULL, NULL, NULL, 'n3KaBGW6kXbBCDTAfo2N5mXBbEGCvqWFrb', NULL, '0.12000000', NULL, 'chandu2013pal@gmail.com', '77617', '3yrhUoOTwpd74657e51a8d919df6c538228ff9fdbf', '04', '2018', '2018-04-17 11:09:07', '0', NULL, 'chandra.getwebsoftware@gmail.com', '0', 0, NULL),
(164, '5c84605da23350046e4db88ddae3ce8eee1c1a4e400c010a5dd4b01a97ee4807', '0.00100000', NULL, 1, NULL, NULL, NULL, 'mjbsomaDrW6SSfpxVS8X6WXzduMywmdTjP', 'receive', '0.00100000', NULL, 'chandu2013pal@gmail.com ', '77618', '3yrhUoOTwpd74657e51a8d919df6c538228ff9fdbf', '04', '2018', '2018-04-17 11:15:56', '1', NULL, 'chandra.getwebsoftware@gmail.com', '0', 0, NULL),
(165, 'e29f7ce2d5772396b159438800b98cb6379cd635d8643f710570dbbcda30c43f', '0.12000000', NULL, 1, NULL, NULL, NULL, 'mzHY95xWEpZJqjXpJGtcid7v783L82YfTL', 'receive', '0.12000000', NULL, 'chandu2013pal@gmail.com ', '77619', '3yrhUoOTwpd74657e51a8d919df6c538228ff9fdbf', '04', '2018', '2018-04-17 11:27:11', '1', NULL, 'chandra.getwebsoftware@gmail.com', '0', 0, NULL),
(166, '813a14222b1e3e373a2165fb6e954b0c7cfb70633226d89f061b4d358f5a2036', '0.25000000', NULL, 1, NULL, NULL, NULL, 'mgDkjYbFEdiPw3Lp933QdPFVyGqmeFe7p9', 'receive', '0.25000000', NULL, 'chandu2013pal@gmail.com ', '77620', '3yrhUoOTwpd74657e51a8d919df6c538228ff9fdbf', '04', '2018', '2018-04-17 11:31:35', '1', NULL, 'chandra.getwebsoftware@gmail.com', '0', 0, NULL),
(167, '29c81dbd7b7a3343f517024c06131f102b81b35871373c8622baef3232ef000e', '0.25000000', NULL, 1, NULL, NULL, NULL, 'mqDPFoepqG4aaWyPs4PsYUUFki1NVEsitg', 'receive', '0.25000000', NULL, 'chandu2013pal@gmail.com ', '77621', '3yrhUoOTwpd74657e51a8d919df6c538228ff9fdbf', '04', '2018', '2018-04-17 11:35:51', '1', NULL, 'chandra.getwebsoftware@gmail.com', '0', 0, NULL),
(168, NULL, '259.00000000', NULL, NULL, NULL, NULL, NULL, 'mwxe5TAYacAVv8ZVJCwdms3Xu5UGm99ot9', NULL, '259.00000000', NULL, 'chandu2013pal@gmail.com', '77622', '3yrhUoOTwpd74657e51a8d919df6c538228ff9fdbf', '04', '2018', '2018-04-17 12:22:18', '0', NULL, 'chandra.getwebsoftware@gmail.com', '0', 0, NULL),
(169, NULL, '259.00000000', NULL, NULL, NULL, NULL, NULL, 'mhGixiYssgNuuTCJLBnAt2wa3pWneHwLHC', NULL, '259.00000000', NULL, 'chandu2013pal@gmail.com', '77623', '3yrhUoOTwpd74657e51a8d919df6c538228ff9fdbf', '04', '2018', '2018-04-17 12:24:22', '0', NULL, 'cddzd@gmail.com', '0', 0, NULL),
(170, NULL, '259.00000000', NULL, NULL, NULL, NULL, NULL, 'mijbdHYFgkGxtftrDNmufir9CkFNSej81Q', NULL, '259.00000000', NULL, 'chandu2013pal@gmail.com', '77624', '3yrhUoOTwpd74657e51a8d919df6c538228ff9fdbf', '04', '2018', '2018-04-17 12:25:41', '0', NULL, 'fdfdsz@gmail.com', '0', 0, NULL),
(171, NULL, '0.03198600', NULL, NULL, NULL, NULL, NULL, 'mup9N2SSQiArCJSAmD25RoQGxVDwd2fFmt', NULL, '0.03198600', NULL, 'demo@paycrypt.com', '77625', 'JauDeitBCSe45089691729be859fe2fad4acb72e45', '04', '2018', '2018-04-17 13:25:05', '0', NULL, 'sfasfasfa@gmail.com', '0', 0, NULL),
(172, NULL, '0.03198600', NULL, NULL, NULL, NULL, NULL, 'muaSai7VZfh11HEbQ3ZimxsRjjNvyXu96C', NULL, '0.03198600', NULL, 'demo@paycrypt.com', '77626', 'JauDeitBCSe45089691729be859fe2fad4acb72e45', '04', '2018', '2018-04-17 13:25:28', '0', NULL, 'sfasfasfa@gmail.com', '0', 0, NULL),
(173, NULL, '0.03198600', NULL, NULL, NULL, NULL, NULL, 'mpjTLvtcRfmF5qbFP4SG37F86fFna84V2L', NULL, '0.03198600', NULL, 'demo@paycrypt.com', '77627', 'JauDeitBCSe45089691729be859fe2fad4acb72e45', '04', '2018', '2018-04-17 13:25:37', '0', NULL, 'sfasfasfa@gmail.com', '0', 0, NULL),
(174, NULL, '0.03199400', NULL, NULL, NULL, NULL, NULL, 'musWmKxnuH2VFSbxGh2jAomijVtwRneq9K', NULL, '0.03199400', NULL, 'demo@paycrypt.com', '77628', 'JauDeitBCSe45089691729be859fe2fad4acb72e45', '04', '2018', '2018-04-18 09:51:39', '0', NULL, 'chandra.getwebsoftware@gmail.com', '0', 0, NULL),
(175, NULL, '0.03154100', NULL, NULL, NULL, NULL, NULL, 'ms8PRMXXLk3MHXDoHi1uK9Pxnoc5yyrkrR', NULL, '0.03154100', NULL, 'demo@paycrypt.com', '77629', 'JauDeitBCSe45089691729be859fe2fad4acb72e45', '04', '2018', '2018-04-19 11:47:36', '0', NULL, 'chandra.getwebsoftware@gmail.com', '0', 0, NULL),
(176, NULL, '0.03154100', NULL, NULL, NULL, NULL, NULL, 'ms9Za5rc7cijPUREcLHwtvbBotaV8vNv23', NULL, '0.03154100', NULL, 'demo@paycrypt.com', '77630', 'JauDeitBCSe45089691729be859fe2fad4acb72e45', '04', '2018', '2018-04-19 11:48:46', '0', NULL, 'chandra.getwebsoftware@gmail.com', '0', 0, NULL),
(177, '9d241f4bec68bd6becdca26ef196ac6e3bb8c148fe11a708194f0629681d9aa7', '0.03157500', NULL, 1, NULL, NULL, NULL, 'mvpqc2Bzz7FtowpsvgerGzxkMGrF4a4siw', 'receive', '0.03157500', NULL, 'demo@paycrypt.com ', '77631', 'JauDeitBCSe45089691729be859fe2fad4acb72e45', '04', '2018', '2018-04-19 11:53:31', '0', NULL, 'chandra.getwebsoftware@gmail.com', '1', 0, NULL),
(178, NULL, '0.03146800', NULL, NULL, NULL, NULL, NULL, 'mtmMm6e2K2LEExGkhLMYRW3gbRmNQ7HVDK', NULL, '0.03146800', NULL, 'demo@paycrypt.com', '77632', 'JauDeitBCSe45089691729be859fe2fad4acb72e45', '04', '2018', '2018-04-19 13:36:11', '0', NULL, 'chandra.getwebsoftware@gmail.com', '0', 0, NULL),
(179, 'd425905f7dfb8c28995363e1ba706146036620c1b681e2dbade7f28f889f4d7d', '0.03146800', NULL, 1, NULL, NULL, NULL, 'mzoZromu7FuxfgaJ83einFiPhErzzqHPAE', 'receive', '0.03146800', NULL, 'demo@paycrypt.com ', '77633', 'JauDeitBCSe45089691729be859fe2fad4acb72e45', '04', '2018', '2018-04-19 13:37:55', '0', NULL, 'eererwe', '0', 0, NULL),
(180, NULL, '0.03142900', NULL, NULL, NULL, NULL, NULL, 'n3m1tGHXNGHFWtB9HQXwR1EjnDLXF6Snn5', NULL, '0.03142900', NULL, 'demo@paycrypt.com', '77634', 'JauDeitBCSe45089691729be859fe2fad4acb72e45', '04', '2018', '2018-04-19 13:41:17', '0', NULL, 'eererwe', '0', 0, NULL),
(181, '5e9cd485eb96efd8223535058e235e574c828c6ef6f8c1a8e04cc9e65053985b', '0.03137900', NULL, 1, NULL, NULL, NULL, 'mipvrqaGHiLbMtqkWd5axJBACdcW1CzMNa', 'receive', '0.03137900', NULL, 'demo@paycrypt.com ', '77635', 'JauDeitBCSe45089691729be859fe2fad4acb72e45', '04', '2018', '2018-04-19 16:58:10', '0', NULL, 'chandra@gmail.com', '0', 0, NULL),
(182, NULL, '0.03139200', NULL, NULL, NULL, NULL, NULL, 'miNm1ib31cvWusdACij3CMFjXeRHSuG6mJ', NULL, '0.03139200', NULL, 'demo@paycrypt.com', '77636', 'JauDeitBCSe45089691729be859fe2fad4acb72e45', '04', '2018', '2018-04-19 17:07:41', '0', NULL, 'chandra@gmail.com', '0', 0, NULL);
INSERT INTO `walletnotify` (`rowid`, `txid`, `tot_amt`, `tot_fee`, `confirmations`, `comment`, `blocktime`, `account`, `address`, `category`, `amount`, `fee`, `email`, `invoice`, `publickey`, `month`, `year`, `createDate`, `view_status`, `view_date`, `client_email`, `payment_status`, `received_amount`, `repayment_txid`) VALUES
(183, 'e169d20535ee926861041b5e828fc1348fa8d156b2931190ce3677c589b434a7', '0.03139200', NULL, 1, NULL, NULL, NULL, 'mmyQoSzC2ttMSrqp62QFn99ZDtwnXS22FR', 'receive', '0.03139200', NULL, 'demo@paycrypt.com ', '77637', 'JauDeitBCSe45089691729be859fe2fad4acb72e45', '04', '2018', '2018-04-19 17:09:09', '0', NULL, 'chandra.getwebsoftware@gmail.com', '0', 0, NULL),
(184, '73aa8ce25737af208da45e92c8aaf758235d66cfd191d0b9f2098658f70a81a7', '0.03105400', NULL, 1, NULL, NULL, NULL, 'mgTSKaucs8L37vu27s9nByvPum2g46WUeJ', 'receive', '0.03105400', NULL, 'demo@paycrypt.com ', '77638', 'JauDeitBCSe45089691729be859fe2fad4acb72e45', '04', '2018', '2018-04-20 08:25:46', '0', NULL, 'chandra.getwebsoftware@gmail.com', '0', 0, NULL),
(185, 'c06ede58a7fd184bf26afbac7b8b024e335ffa39a676c06139d8ba644baf0892', '0.03115400', NULL, 1, NULL, NULL, NULL, 'msfic8H6hCcd4FJTeEz1HKcKFrULzWHEDG', 'receive', '0.03115400', NULL, 'demo@paycrypt.com ', '77639', 'JauDeitBCSe45089691729be859fe2fad4acb72e45', '04', '2018', '2018-04-20 09:57:12', '0', NULL, 'chandra.getwebsoftware@gmail.com', '0', 0.1625, NULL),
(186, NULL, '0.03043800', NULL, NULL, NULL, NULL, NULL, 'mhV1iHDkzBRRnTeDWMJWr9QzEdX2S6sKhW', NULL, '0.03043800', NULL, 'demo@paycrypt.com', '77640', 'JauDeitBCSe45089691729be859fe2fad4acb72e45', '04', '2018', '2018-04-20 11:27:25', '0', NULL, 'chandra.getwebsoftware@gmail.com', '0', 0.08125, 'a90113332db14144dbb6f012ab41b51c04d20c2d27254bd73682682b46b10e46'),
(187, '63167087421d025afbdb04e293aa614e12a347be3944c0c3ccb62a84d2bacb40', '0.03043000', NULL, 1, NULL, NULL, NULL, 'mtaPWnYEy1RThsts62ydGhVyAeUfvS2W7E', 'receive', '0.03043000', NULL, 'demo@paycrypt.com ', '77641', 'JauDeitBCSe45089691729be859fe2fad4acb72e45', '04', '2018', '2018-04-20 11:45:43', '0', NULL, 'chandra.getwebsoftware@gmail.com', '0', 0.040625, '63167087421d025afbdb04e293aa614e12a347be3944c0c3ccb62a84d2bacb40'),
(188, '95df8a176a21f413f71d9b3ba50c04c321a623776964fc81a39ca91b67ce01b0', '0.03047300', NULL, 0, NULL, NULL, NULL, 'n2oKjEWwqZcPerRzgxbad1EDUvS2wDT1in', 'receive', '0.03047300', NULL, 'demo@paycrypt.com ', '77642', 'JauDeitBCSe45089691729be859fe2fad4acb72e45', '04', '2018', '2018-04-20 11:50:40', '0', NULL, 'chandra.getwebsoftware@gmail.com', '0', 0.00253905, 'b21516c270d9bfb4564db3c0190ffa7dac90e56fc45b1e155ff142848c18f6b1'),
(189, NULL, '0.03045200', NULL, NULL, NULL, NULL, NULL, 'mvEra6s3NU5xKFDCei5j5CApAJzBTe8cMU', NULL, '0.03045200', NULL, 'demo@paycrypt.com', '77643', 'JauDeitBCSe45089691729be859fe2fad4acb72e45', '04', '2018', '2018-04-20 11:58:30', '0', NULL, 'chandra.getwebsoftware@gmail.com', '0', 0, NULL),
(190, '24b88198424708ae7e94a44941e0f5a3f8e4a861050d41792004212776775a10', '0.03044300', NULL, 0, NULL, NULL, NULL, 'n4jZ53C8yrtfjdicWMmeVH9h4ErsytpzBV', 'receive', '0.03044300', NULL, 'demo@paycrypt.com ', '77644', 'JauDeitBCSe45089691729be859fe2fad4acb72e45', '04', '2018', '2018-04-20 12:02:24', '0', NULL, 'chandra.getwebsoftware@gmail.com', '0', 0.00126951, NULL),
(191, '8de4ba8f523a94121bb203ecb8859b1efb9d4a8596d9a4a3165516cd75510fc1', '0.03047300', NULL, 0, NULL, NULL, NULL, 'myNbNvqrdZTohWSbk5rHoqmNggmgdsm69N', 'receive', '0.03047300', NULL, 'demo@paycrypt.com ', '77645', 'JauDeitBCSe45089691729be859fe2fad4acb72e45', '04', '2018', '2018-04-20 16:56:59', '0', NULL, 'chandra.getwebsoftware@gmail.com', '0', 0, NULL),
(192, 'db5c6f6e2ba512ce52f2bae92055693c808ed8f7aa37a8bb07a188be03d0a178', '0.02908100', NULL, 0, NULL, NULL, NULL, 'miiPH4zAS6Kbn3PaERoW22b4zoZXYr86P4', 'receive', '0.02908100', NULL, 'demo@paycrypt.com ', '77646', 'JauDeitBCSe45089691729be859fe2fad4acb72e45', '04', '2018', '2018-04-21 06:34:11', '0', NULL, 'chandra.getwebsoftware@gmail.com', '1', 0.65, NULL),
(193, '71fcf4ba1ca6541d1e5d3f99150fea94d341858d4d1663f95792cdfaf032734f', '0.02906700', NULL, 0, NULL, NULL, NULL, 'mmNrozYZk18HgTT8jhMCDgtb3d3cxSgfdT', 'receive', '0.02906700', NULL, 'demo@paycrypt.com ', '77647', 'JauDeitBCSe45089691729be859fe2fad4acb72e45', '04', '2018', '2018-04-21 06:43:16', '0', NULL, 'chandra.getwebsoftware@gmail.com', '1', 0.325, NULL),
(194, NULL, '0.02906700', NULL, NULL, NULL, NULL, NULL, 'mt8b832bxuYaqak8QzGXhuEpcuPcBAoSeo', NULL, '0.02906700', NULL, 'demo@paycrypt.com', '77648', 'JauDeitBCSe45089691729be859fe2fad4acb72e45', '04', '2018', '2018-04-21 06:44:23', '0', NULL, 'chandra.getwebsoftware@gmail.com', '0', 0, NULL),
(195, 'cf3715df126f59f1fc27d7c7d7f8cfdc7794ba4524b75d0a1d6d424c920c201d', '0.02905600', NULL, 0, NULL, NULL, NULL, 'mwef8d1b83jfCXVAb9Jap28w31ydjS2Msk', 'receive', '0.02905600', NULL, 'demo@paycrypt.com ', '77649', 'JauDeitBCSe45089691729be859fe2fad4acb72e45', '04', '2018', '2018-04-21 06:50:48', '0', NULL, 'chandra.getwebsoftware@gmail.com', '1', 0.1625, NULL),
(196, NULL, '0.02903000', NULL, NULL, NULL, NULL, NULL, 'mzbhx9Eq8NJZc3difqVjckAX4qN6EQH37T', NULL, '0.02903000', NULL, 'demo@paycrypt.com', '77650', 'JauDeitBCSe45089691729be859fe2fad4acb72e45', '04', '2018', '2018-04-21 06:52:04', '0', NULL, 'chandra.getwebsoftyware@gmail.com', '0', 0, NULL),
(197, NULL, '0.02878600', NULL, NULL, NULL, NULL, NULL, 'mmw89riqYMZsaskXXkAzHP8uptZ3ffaWGc', NULL, '0.02878600', NULL, 'demo@paycrypt.com', '77651', 'JauDeitBCSe45089691729be859fe2fad4acb72e45', '04', '2018', '2018-04-21 07:40:27', '0', NULL, 'chandra.getwebsoftware@gmail.com', '0', 0, NULL),
(198, '40583124d36116f8bd93f3aa7a25b456e6f5cfdb0ae554f3c1dff81aca0a8f7a', '0.02964100', NULL, 0, NULL, NULL, NULL, 'mn7V7vymTwi6qrtGZX6BodoJ8kkjDnCa9A', 'receive', '0.02964100', NULL, 'demo@paycrypt.com ', '77652', 'JauDeitBCSe45089691729be859fe2fad4acb72e45', '04', '2018', '2018-04-21 10:12:57', '0', NULL, 'chandra.getwebsoftware@gmail.com', '1', 0.65, NULL),
(199, '11ba6ea9926b681d9dfa2e15f98f7f77436f36d3483f8d739266ea5ef2bdb3df', '0.02961800', NULL, 0, NULL, NULL, NULL, 'mfz5BaWtAnSG7k4YBjabR7k4bbdSRBn4iF', 'receive', '0.02961800', NULL, 'demo@paycrypt.com ', '77653', 'JauDeitBCSe45089691729be859fe2fad4acb72e45', '04', '2018', '2018-04-21 10:26:06', '0', NULL, 'chandra.getwebsoftware@gmail.com', '1', 0.65, NULL),
(200, NULL, '0.02958900', NULL, NULL, NULL, NULL, NULL, 'n3T8jQNP79GRCahqbX8N5FpZXUtMCnnojP', NULL, '0.02958900', NULL, 'demo@paycrypt.com', '77654', 'JauDeitBCSe45089691729be859fe2fad4acb72e45', '04', '2018', '2018-04-21 10:33:50', '0', NULL, 'chandra.getwebsoftware@gmail.com', '0', 0, NULL),
(201, NULL, '0.02958900', NULL, NULL, NULL, NULL, NULL, 'moDXoYSDHRAr1Jw3etqBXGb4odPHPtzw9A', NULL, '0.02958900', NULL, 'demo@paycrypt.com', '77655', 'JauDeitBCSe45089691729be859fe2fad4acb72e45', '04', '2018', '2018-04-21 10:35:12', '0', NULL, 'chandra.getwebsoftware@gmail.com', '0', 0, NULL),
(202, '9a104041c372a314d7dcbd2636d38597c0132f4bb3d1c8c92efccc636aef70a2', '0.02958600', NULL, 0, NULL, NULL, NULL, 'moRXdZ8ouyP3bmsWZY3mje5tuQ4qxCQaxR', 'receive', '0.02958600', NULL, 'demo@paycrypt.com ', '77656', 'JauDeitBCSe45089691729be859fe2fad4acb72e45', '04', '2018', '2018-04-21 10:38:40', '0', NULL, 'chandra.getwebsoftware@gmail.com', '1', 0.325, NULL),
(203, '87ef4fe08b4a283b9c9400acf9a4947096acaa216391d21dd77cf65b031320c3', '0.02965200', NULL, 0, NULL, NULL, NULL, 'mrAn5AowE4cSq9mjjgrAaaaXVpWefvNvGn', 'receive', '0.02965200', NULL, 'demo@paycrypt.com ', '77657', 'JauDeitBCSe45089691729be859fe2fad4acb72e45', '04', '2018', '2018-04-21 10:54:51', '0', NULL, 'chandra.getwebsoftware@gmail.com', '1', 0.1625, NULL),
(204, '497c831e0f807a4ff0f7f1d7e803401050db768b5d91b5947e56a724f89e32af', '0.02918100', NULL, 0, NULL, NULL, NULL, 'mq8b1uH7ULjP7ZdR2zDJQ5vFtxDwCWDerH', 'receive', '0.02918100', NULL, 'demo@paycrypt.com ', '77658', 'JauDeitBCSe45089691729be859fe2fad4acb72e45', '04', '2018', '2018-04-23 09:42:00', '0', NULL, 'chandra.getwebsoftware@gmail.com', '1', 0.65, NULL),
(205, NULL, '0.02911600', NULL, NULL, NULL, NULL, NULL, 'mjBMKiWZXUUBJDeufTnhCvYXVWzuHzserb', NULL, '0.02911600', NULL, 'demo@paycrypt.com', '77659', 'JauDeitBCSe45089691729be859fe2fad4acb72e45', '04', '2018', '2018-04-23 10:12:30', '0', NULL, 'chandra.getwebsoftware@gmail.com', '0', 0, NULL),
(206, NULL, '0.02909200', NULL, NULL, NULL, NULL, NULL, 'msbYPQZkbDyiNEw5YoCyKs1QJuYE2pe6VF', NULL, '0.02909200', NULL, 'demo@paycrypt.com', '77660', 'JauDeitBCSe45089691729be859fe2fad4acb72e45', '04', '2018', '2018-04-23 11:05:50', '0', NULL, 'chandra.getwebsoftware@gmail.com', '0', 0, NULL),
(207, NULL, '0.02909200', NULL, NULL, NULL, NULL, NULL, 'mgXofFYHTCaAeKzvw2fQ8jff8exAsijYb3', NULL, '0.02909200', NULL, 'demo@paycrypt.com', '77661', 'JauDeitBCSe45089691729be859fe2fad4acb72e45', '04', '2018', '2018-04-23 11:08:35', '0', NULL, 'chandra.getwebsoftware@gmail.com', '0', 0, NULL),
(208, 'a41ee371fd8e76e4cdad4c72baeae610b334e6328f0b68130c32795086f345dd', '0.02909600', NULL, 0, NULL, NULL, NULL, 'mkY2NGX1VdhGUEDbMU88r856YMkNkAVSr2', 'receive', '0.02909600', NULL, 'demo@paycrypt.com ', '77662', 'JauDeitBCSe45089691729be859fe2fad4acb72e45', '04', '2018', '2018-04-23 11:12:33', '0', NULL, 'chandra.getwebsoftware@gmail.com', '1', 0.325, NULL),
(209, '26bb1e9e2b2a85baa990c9455eeba7bf8fd69594c201d9e35b88f2275ca825b8', '0.02909100', NULL, 0, NULL, NULL, NULL, 'mwCEHrVTrwMQtTYLf7NupwwzxZnajbyvuK', 'receive', '0.02909100', NULL, 'demo@paycrypt.com ', '77663', 'JauDeitBCSe45089691729be859fe2fad4acb72e45', '04', '2018', '2018-04-23 11:20:31', '0', NULL, 'chandra.getwebsoftware@gmail.com', '1', 0.1625, NULL),
(210, '006dcdde40f00f33210110d4c00b202a84b93273bd52d6a85e144b9f885ef2b1', '0.02910300', NULL, 0, NULL, NULL, NULL, 'mswMas9SppyyiVNxmNvTgFbzFhyYCdqEHY', 'receive', '0.02910300', NULL, 'demo@paycrypt.com ', '77664', 'JauDeitBCSe45089691729be859fe2fad4acb72e45', '04', '2018', '2018-04-23 11:30:13', '0', NULL, 'chandra.getwebsoftware@gmail.com', '1', 0.08125, NULL),
(211, '935845eef57510055827cfd2b3fb6fb154aad42b58b3b409d497df75abf5a337', '0.02807000', NULL, 0, NULL, NULL, NULL, 'mzRk3dyZDETxjpBZVgJoDgXGiLx6mbLn82', 'receive', '0.02807000', NULL, 'demo@paycrypt.com ', '77665', 'JauDeitBCSe45089691729be859fe2fad4acb72e45', '04', '2018', '2018-04-24 08:23:23', '0', NULL, 'chandra.getwebsoftware@gmail.com', '1', 0.65, NULL),
(212, 'f4199dc32cdbc17dabae659ae6ace23429a97da485680fb36c4c7fbdf23f2933', '0.02805400', NULL, 0, NULL, NULL, NULL, 'mumYtujhsZVySFY4kQJbQcyyNJjoL6FdTe', 'receive', '0.02805400', NULL, 'demo@paycrypt.com ', '77666', 'JauDeitBCSe45089691729be859fe2fad4acb72e45', '04', '2018', '2018-04-24 08:28:59', '0', NULL, 'chandra.getwebsoftware@gmail.com', '1', 0.325, NULL),
(213, 'c20843a4ba4260f06e421e2edbb40a608838cdec19479c790981fd5a088fd918', '0.02839800', NULL, 0, NULL, NULL, NULL, 'n1d8Ko3aZ5F4M2yyd4v8fvzC9URcPtHv4D', 'receive', '0.02839800', NULL, 'demo@paycrypt.com ', '77667', 'JauDeitBCSe45089691729be859fe2fad4acb72e45', '05', '2018', '2018-05-02 06:51:35', '0', NULL, 'chandra.getwebsoftware@gmail.com', '1', 0.08125, NULL),
(214, NULL, '0.02831000', NULL, NULL, NULL, NULL, NULL, 'mjGv8NjnFnMhyieAGcfMQKbAG89HcCqQsK', NULL, '0.02831000', NULL, 'demo@paycrypt.com', '77668', 'JauDeitBCSe45089691729be859fe2fad4acb72e45', '05', '2018', '2018-05-02 06:56:59', '0', NULL, 'chandra.getwebsoftware@gmail.com', '0', 0, NULL),
(215, '0774a27ed7c149ca26210dfd27e8c5a0df4c955956a63911f10050364dbc83b8', '0.02817600', NULL, 14, NULL, NULL, NULL, 'mqvDBBb5tpToMbKpnRcBFzcLWqw1JG2STZ', 'receive', '0.02817600', NULL, 'demo@paycrypt.com ', '77669', 'JauDeitBCSe45089691729be859fe2fad4acb72e45', '05', '2018', '2018-05-03 10:04:57', '0', NULL, 'chandra.getwebsoftware@gmail.com', '0', 0.325, NULL),
(216, '7b2574d6a5985b00b37c736e0341adabca1ed9d5767890e96cdb39bd06b660b7', '0.02811800', NULL, 3, NULL, NULL, NULL, 'mwBFnr6HQ2yzgSccQgdLss7popoDQCUPfS', 'receive', '0.02811800', NULL, 'demo@paycrypt.com ', '77670', 'JauDeitBCSe45089691729be859fe2fad4acb72e45', '05', '2018', '2018-05-03 10:12:27', '0', NULL, 'chandra.getwebsoftware@gmail.com', '0', 0.1625, NULL),
(217, NULL, '0.02810900', NULL, NULL, NULL, NULL, NULL, 'mpSeebKJBu1GP8Noyq5AzNDJQQCVptctFo', NULL, '0.02810900', NULL, 'demo@paycrypt.com', '77671', 'JauDeitBCSe45089691729be859fe2fad4acb72e45', '05', '2018', '2018-05-03 11:34:33', '0', NULL, 'chandra.getwebsoftware@gmail.com', '0', 0, NULL),
(218, NULL, '0.02814400', NULL, NULL, NULL, NULL, NULL, 'mxEEaojhwL9BKJbfE1bhY3os9kt53DqF22', NULL, '0.02814400', NULL, 'demo@paycrypt.com', '77672', 'JauDeitBCSe45089691729be859fe2fad4acb72e45', '05', '2018', '2018-05-03 11:45:05', '0', NULL, 'chandra.getwebsoftware@gmail.com', '0', 0, NULL),
(219, NULL, '0.02814300', NULL, NULL, NULL, NULL, NULL, 'moZVdj23yvej3bcyAa1vHJ3Nnxs8z45z3L', NULL, '0.02814300', NULL, 'demo@paycrypt.com', '77673', 'JauDeitBCSe45089691729be859fe2fad4acb72e45', '05', '2018', '2018-05-03 12:23:45', '0', NULL, 'chandra.getwebsoftware@gmail.com', '0', 0, NULL),
(220, 'c339753619f1eea54a1e2d65946e10fdc9903c90293e51364ef6333543aab908', '0.02802900', NULL, 0, NULL, NULL, NULL, 'mqrWWQyzgRsYhgAc3ywrFLq9iFPrgysTVV', 'receive', '0.02802900', NULL, 'demo@paycrypt.com ', '77674', 'JauDeitBCSe45089691729be859fe2fad4acb72e45', '05', '2018', '2018-05-03 12:31:39', '0', NULL, 'chandra.getwebsoftware@gmail.com', '0', 0, NULL),
(221, 'fa379fdc68e57831d9e0e71475a03acec1a67e8b2474f98500d9fe519077dce4', '0.02803300', NULL, 0, NULL, NULL, NULL, 'mmzGJfAc1wyeEcY7zupuuddj7eaKCbcHif', 'receive', '0.02803300', NULL, 'demo@paycrypt.com ', '77675', 'JauDeitBCSe45089691729be859fe2fad4acb72e45', '05', '2018', '2018-05-03 12:36:49', '0', NULL, 'chandu2013pal@gmail.com', '1', 879, NULL),
(222, '852fd1f77e7c22b0c97f00a98c7ce0925fc641ae04b59a2d5cf6ef9c8f1d7cbe', '0.02794400', NULL, 0, NULL, NULL, NULL, 'mwa29jXgiePGtfakWq9Z4rTY9CKs8eznDB', 'receive', '0.02794400', NULL, 'demo@paycrypt.com ', '77676', 'JauDeitBCSe45089691729be859fe2fad4acb72e45', '05', '2018', '2018-05-03 12:46:11', '0', NULL, 'shikhabahal25@gmail.com', '1', 852, NULL),
(223, NULL, '0.02776600', NULL, NULL, NULL, NULL, NULL, NULL, NULL, '0.02776600', NULL, 'shikhabahal25@gmail.com', '77677', 'uGyFUphjz9abeb2e9bce1bbebb41e78bc38647a3b8', '05', '2018', '2018-05-03 13:08:21', '0', NULL, 'shikhabahal25@gmail.com', '0', 0, NULL),
(224, '4724c52fb8282f41da88d3c4de2689436dcae5051e23d878b51be6d5a1d83c96', '0.02693800', NULL, 0, NULL, NULL, NULL, 'mj4sS4RYyTtNUdJNrQFiMsQjJpFo9pc5Rh', 'receive', '0.02693800', NULL, 'shikhabahal25@gmail.com ', '77678', 'uGyFUphjz9abeb2e9bce1bbebb41e78bc38647a3b8', '05', '2018', '2018-05-04 05:58:24', '0', NULL, 'chandra.getwebsoftware@gmail.com', '1', 4724, NULL),
(225, '55fdd66ad9f569d060619b38954594db377de8dce55e56a65cb5432fbfb5660c', '0.02691100', NULL, 0, NULL, NULL, NULL, 'muSbGMKNAbJHLqHVoW9mFghDZrEimzxPfe', 'receive', '0.02691100', NULL, 'shikhabahal25@gmail.com ', '77679', 'uGyFUphjz9abeb2e9bce1bbebb41e78bc38647a3b8', '05', '2018', '2018-05-04 06:38:35', '1', NULL, 'shikhabahal25@gmail.com', '1', 55, NULL),
(226, '20532e760f478139cc6b55db2eb6ff8f12160cdc7331293162f8e9f1b93e5a14', '0.02680000', NULL, 0, NULL, NULL, NULL, 'mikdowSvbah9Wc79GdXrwvQzBTFiCBmGpM', 'receive', '0.02680000', NULL, 'shikhabahal25@gmail.com ', '77680', 'uGyFUphjz9abeb2e9bce1bbebb41e78bc38647a3b8', '05', '2018', '2018-05-04 06:57:30', '1', NULL, 'shikhabahal25@gmail.com', '1', 0.1625, NULL),
(227, 'a718a7c62212277069ffd8ce61a0c042399ab50013b3ed198d1b5a8e8ee2b3c9', '0.02673900', NULL, 0, NULL, NULL, NULL, 'n3MBLpezg9pri1NjthHn5LpMQktVTLs9eC', 'receive', '0.02673900', NULL, 'shikhabahal25@gmail.com ', '77681', 'uGyFUphjz9abeb2e9bce1bbebb41e78bc38647a3b8', '05', '2018', '2018-05-04 07:24:33', '1', NULL, 'shikhabahal25@gmail.com', '1', 0, NULL),
(228, NULL, '0.00001200', NULL, NULL, NULL, NULL, NULL, 'miuGhfhPokErDBTAhjMBiUbeCDgxzYvBva', NULL, '0.00001200', NULL, 'b.shikha@blockon.tech', '77682', 'ibKeaMZj6Ae375ed2b7019dd458e68512dd480dba7', '05', '2018', '2018-05-04 12:19:15', '0', NULL, 'shikhabahal25@gmail.com', '0', 0, NULL),
(229, '39490803c77ae0fe372401b5743f2af8da4c943c5ca50e75acc6e9f83f83819b', '0.02624900', NULL, 0, NULL, NULL, NULL, 'mkZwNhybaDN1EeUxQh35QEoLC5TfMUMx6k', 'receive', '0.02624900', NULL, 'b.shikha@blockon.tech ', '77683', 'ibKeaMZj6Ae375ed2b7019dd458e68512dd480dba7', '05', '2018', '2018-05-04 12:20:26', '0', NULL, 'shikhabahal25@gmail.com', '1', 39490800, NULL),
(230, '078b7248d4930931b63b80081616ce1b5ac8782af7e1879f4941ef58059d6b8b', '0.00001200', NULL, 0, NULL, NULL, NULL, 'mnzQmX8WVsNd9MY7NJntu5v6UpFDcJxJ27', 'receive', '0.00001200', NULL, 'shikhabahal25@gmail.com ', '77684', 'uGyFUphjz9abeb2e9bce1bbebb41e78bc38647a3b8', '05', '2018', '2018-05-04 12:40:59', '0', NULL, 'shikhabahal25@gmail.com', '1', 78, NULL),
(231, '6e77507bbf9a61d795323a09c7490f84d8b84048ca5a2f33c5f007d1e0fcf353', '0.02629800', NULL, 0, NULL, NULL, NULL, 'mig5jGMQmr6wwu7516GVBEXsfcWyPX4NZg', 'receive', '0.02629800', NULL, 'b.shikha@blockon.tech ', '77685', 'ibKeaMZj6Ae375ed2b7019dd458e68512dd480dba7', '05', '2018', '2018-05-04 12:43:11', '0', NULL, 'shikhabahal25@gmail.com', '1', 0.1625, NULL),
(232, '839ba8754ef106fe2b259f700366e37f277bb3332d87db9f3e880064259f93f1', '0.02630800', NULL, 0, NULL, NULL, NULL, 'moyMEQQvANEgdT8C5k1yvWCaXr4r12w69j', 'receive', '0.02630800', NULL, 'shikhabahal25@gmail.com ', '77686', 'uGyFUphjz9abeb2e9bce1bbebb41e78bc38647a3b8', '05', '2018', '2018-05-04 12:45:32', '0', NULL, 'shikhabahal25@gmail.com', '1', 839, NULL),
(233, 'a8d3b7cd4085f78b21f9aa828517fedf4f5d34231cce7ae54ab2f0f177924a9e', '0.01264000', NULL, 0, NULL, NULL, NULL, 'moYZwU31KMRtSfEwg1hQXXPtdqCEqtxAPh', 'receive', '0.01264000', NULL, 'shikhabahal25@gmail.com ', '77687', 'uGyFUphjz9abeb2e9bce1bbebb41e78bc38647a3b8', '05', '2018', '2018-05-04 12:46:48', '0', NULL, 'shikhabahal25@gmail.com', '1', 0, NULL),
(234, NULL, '0.02833800', NULL, NULL, NULL, NULL, NULL, 'mgBYh1GcTid6oBjdRiiDkRjXTSZ2n7aT4K', NULL, '0.02833800', NULL, 'shikhabahal25@gmail.com', '77688', 'uGyFUphjz9abeb2e9bce1bbebb41e78bc38647a3b8', '05', '2018', '2018-05-09 09:52:29', '0', NULL, 'anc@gmail.com', '0', 0, NULL),
(235, NULL, '0.02831900', NULL, NULL, NULL, NULL, NULL, 'mfebH1sjpAcbN7Dz3Ji96x1qdwNgMtKxkc', NULL, '0.02831900', NULL, 'shikhabahal25@gmail.com', '77689', 'uGyFUphjz9abeb2e9bce1bbebb41e78bc38647a3b8', '05', '2018', '2018-05-09 09:57:12', '0', NULL, 'abc@gmail.com', '0', 0, NULL),
(236, NULL, '0.02804500', NULL, NULL, NULL, NULL, NULL, 'n1JR8A6n4XdTKkbkDEXbATxwj9sg9ejBsS', NULL, '0.02804500', NULL, 'shikhabahal25@gmail.com', '77690', 'uGyFUphjz9abeb2e9bce1bbebb41e78bc38647a3b8', '05', '2018', '2018-05-09 11:56:44', '0', NULL, 'chandra.getwebsoftware@gmail.com', '0', 0, NULL),
(237, NULL, '0.02804500', NULL, NULL, NULL, NULL, NULL, 'mu8GcFXUDEx2FzmCAKWRPtyapdGdDYSPQy', NULL, '0.02804500', NULL, 'shikhabahal25@gmail.com', '77691', 'uGyFUphjz9abeb2e9bce1bbebb41e78bc38647a3b8', '05', '2018', '2018-05-09 12:00:05', '0', NULL, 'chandra.getwebsoftware@gmail.com', '0', 0, NULL),
(238, NULL, '0.02804500', NULL, NULL, NULL, NULL, NULL, 'mwJ8g1a3YUZJGYVV4a51ZTxDgvS36ipa4W', NULL, '0.02804500', NULL, 'shikhabahal25@gmail.com', '77692', 'uGyFUphjz9abeb2e9bce1bbebb41e78bc38647a3b8', '05', '2018', '2018-05-09 12:00:36', '0', NULL, 'chandra.getwebsoftware@gmail.com', '0', 0, NULL),
(239, '587507bdcbe6ea3344824e0e5239c511ae9f2218e8e1095223e1ec4941eccafa', '0.02804500', NULL, 0, NULL, NULL, NULL, 'mo24snpqSbTkuvmqgpGeKHrb7HQ4Spc7Rt', 'receive', '0.02804500', NULL, 'shikhabahal25@gmail.com ', '77693', 'uGyFUphjz9abeb2e9bce1bbebb41e78bc38647a3b8', '05', '2018', '2018-05-09 12:01:21', '0', NULL, 'chandra.getwebsoftware@gmail.com', '0', 587507, NULL),
(240, NULL, '0.02805500', NULL, NULL, NULL, NULL, NULL, 'mvAauCeCrav6qAVTcgVmESE2iVVAsjWwbR', NULL, '0.02805500', NULL, 'shikhabahal25@gmail.com', '77694', 'uGyFUphjz9abeb2e9bce1bbebb41e78bc38647a3b8', '05', '2018', '2018-05-09 12:05:33', '0', NULL, 'chandra.getwebsoftware@gmail.com', '0', 0, NULL),
(241, NULL, '0.02796600', NULL, NULL, NULL, NULL, NULL, 'n1xzT9N4deVduGYyNmj5t7SNksrpu6owta', NULL, '0.02796600', NULL, 'shikhabahal25@gmail.com', '77695', 'uGyFUphjz9abeb2e9bce1bbebb41e78bc38647a3b8', '05', '2018', '2018-05-09 12:08:47', '0', NULL, 'chandra.getwebsoftware@gmail.com', '0', 0, NULL),
(242, '7c0b1143c6ae2327afe3ad49bca0f675bc8df4a1993050eced0a8a23a0cd0c43', '0.02789200', NULL, 0, NULL, NULL, NULL, 'muVNXShAGmM574xuaVxf5cQZVYyXSm7Qd7', 'receive', '0.02789200', NULL, 'shikhabahal25@gmail.com ', '77696', 'uGyFUphjz9abeb2e9bce1bbebb41e78bc38647a3b8', '05', '2018', '2018-05-09 12:12:38', '0', NULL, 'chandu2013pal@gmail.com', '1', 7, NULL),
(243, '8c5023e1986b66ca2a9e6f31c336541671332358ad809b68c3153f7247e49cab', '0.02769100', NULL, 0, NULL, NULL, NULL, 'muNNgVSS2vbuTj7khj1NW41bQZGgrDU5ry', 'receive', '0.02769100', NULL, 'shikhabahal25@gmail.com ', '77697', 'uGyFUphjz9abeb2e9bce1bbebb41e78bc38647a3b8', '05', '2018', '2018-05-10 10:08:49', '0', NULL, 'chandu2013pal@gmail.com', '1', 8, NULL),
(244, NULL, '0.00000000', NULL, NULL, NULL, NULL, NULL, 'mhgasDx9f7SzdQTNZAs9rRCpozGQK1QKvY', NULL, '0.00000000', NULL, 'shikhabahal25@gmail.com', '77698', '3e4Z1vw6LGabafc0cda73797eecd895b93f97fd359', '05', '2018', '2018-05-10 11:50:04', '0', NULL, 'shikhabahal25@gmail.com', '0', 0, NULL),
(245, NULL, '0.02770900', NULL, NULL, NULL, NULL, NULL, NULL, NULL, '0.02770900', NULL, 'shikhabahal25@gmail.com', '77699', 'uGyFUphjz9abeb2e9bce1bbebb41e78bc38647a3b8', '05', '2018', '2018-05-10 11:59:52', '0', NULL, 'chandu2013pal@gmail.com', '0', 0, NULL),
(246, NULL, '0.00000000', NULL, NULL, NULL, NULL, NULL, NULL, NULL, '0.00000000', NULL, 'shikhabahal25@gmail.com', '77700', '3e4Z1vw6LGabafc0cda73797eecd895b93f97fd359', '05', '2018', '2018-05-10 12:05:29', '0', NULL, 'shikhabahal25@gmail.com', '0', 0, NULL),
(247, NULL, '0.00000000', NULL, NULL, NULL, NULL, NULL, NULL, NULL, '0.00000000', NULL, 'shikhabahal25@gmail.com', '77701', '3e4Z1vw6LGabafc0cda73797eecd895b93f97fd359', '05', '2018', '2018-05-10 12:14:21', '0', NULL, 'shikhabahal25@gmail.com', '0', 0, NULL),
(248, NULL, '0.00000000', NULL, NULL, NULL, NULL, NULL, NULL, NULL, '0.00000000', NULL, 'shikhabahal25@gmail.com', '77702', '3e4Z1vw6LGabafc0cda73797eecd895b93f97fd359', '05', '2018', '2018-05-10 12:16:00', '0', NULL, 'shikhabahal25@gmail.com', '0', 0, NULL),
(249, NULL, '0.02773200', NULL, NULL, NULL, NULL, NULL, NULL, NULL, '0.02773200', NULL, 'shikhabahal25@gmail.com', '77703', 'uGyFUphjz9abeb2e9bce1bbebb41e78bc38647a3b8', '05', '2018', '2018-05-10 12:49:25', '0', NULL, 'chandu2013pal@gmail.com', '0', 0, NULL),
(250, NULL, '0.02766600', NULL, NULL, NULL, NULL, NULL, NULL, NULL, '0.02766600', NULL, 'shikhabahal25@gmail.com', '77704', 'uGyFUphjz9abeb2e9bce1bbebb41e78bc38647a3b8', '05', '2018', '2018-05-10 12:50:59', '0', NULL, 'chandu2013pal@gmail.com', '0', 0, NULL),
(251, NULL, '0.02772900', NULL, NULL, NULL, NULL, NULL, NULL, NULL, '0.02772900', NULL, 'shikhabahal25@gmail.com', '77705', 'uGyFUphjz9abeb2e9bce1bbebb41e78bc38647a3b8', '05', '2018', '2018-05-10 13:17:36', '0', NULL, 'chandu2013pal@gmail.com', '0', 0, NULL),
(252, NULL, '0.02767900', NULL, NULL, NULL, NULL, NULL, 'not_connect', NULL, '0.02767900', NULL, 'shikhabahal25@gmail.com', '77706', 'uGyFUphjz9abeb2e9bce1bbebb41e78bc38647a3b8', '05', '2018', '2018-05-10 13:22:47', '0', NULL, 'chandu2013pal@gmail.com', '0', 0, NULL),
(253, 'c82f7b8f2917d17114d7203d51e366a08cd2feefbeed91ee381ea8a3ca28ddd1', '0.00000000', NULL, 0, NULL, NULL, NULL, 'mqUQJp5Q232zuoQZ16MhDn2ovRPgbRVxd2', 'receive', '0.00000000', NULL, 'shikhabahal25@gmail.com ', '77707', 't8kCuOgJQ727e3e3a74af7cb20078d038437e03b11', '05', '2018', '2018-05-11 06:38:44', '0', NULL, 'shikhabahal25@gmail.com', '1', 0, NULL),
(254, NULL, '0.02956500', NULL, NULL, NULL, NULL, NULL, NULL, NULL, '0.02956500', NULL, 'shikhabahal25@gmail.com', '77708', 'uGyFUphjz9abeb2e9bce1bbebb41e78bc38647a3b8', '05', '2018', '2018-05-11 10:37:32', '0', NULL, 'chandu2013pal@gmail.com', '0', 0, NULL),
(255, NULL, '0.02982600', NULL, NULL, NULL, NULL, NULL, 'errorVal', NULL, '0.02982600', NULL, 'shikhabahal25@gmail.com', '77709', 'uGyFUphjz9abeb2e9bce1bbebb41e78bc38647a3b8', '05', '2018', '2018-05-11 12:02:54', '0', NULL, 'chandu2013pal@gmail.com', '0', 0, NULL),
(256, NULL, '0.03031300', NULL, NULL, NULL, NULL, NULL, 'n1S4WKELPwN7HXZ1ieMH5LEbythcqvRCjm', NULL, '0.03031300', NULL, 'shikhabahal25@gmail.com', '77710', 'uGyFUphjz9abeb2e9bce1bbebb41e78bc38647a3b8', '05', '2018', '2018-05-11 13:08:55', '0', NULL, 'chandu2013pal@gmail.com', '0', 0, NULL),
(257, NULL, '0.03063800', NULL, NULL, NULL, NULL, NULL, 'mra1YbERpSjj8n3MPWE4ED8MVmFmZnVyeB', NULL, '0.03063800', NULL, 'shikhabahal25@gmail.com', '77711', 'uGyFUphjz9abeb2e9bce1bbebb41e78bc38647a3b8', '05', '2018', '2018-05-14 10:50:55', '0', NULL, 'chandu2013pal@gmail.com', '0', 0, NULL),
(258, NULL, '0.00000000', NULL, NULL, NULL, NULL, NULL, 'mrhwwuaoXAiwHA7PS6AawdET7jUEXpoQPL', NULL, '0.00000000', NULL, 'akhilesh@yopmail.com', '77712', 'tW67xZ8QV9431ebc3c9a58f4a43b85a671ef1141cb', '05', '2018', '2018-05-15 07:30:34', '0', NULL, 'akhilesh@yopmail.com', '0', 0, NULL),
(259, '91dc1b7e3d88f879a5289ce9bc93fb220e829253291e3640978db8307ed7c373', '0.00000000', NULL, 1, NULL, NULL, NULL, 'moyZbXrtijPzNsCSuWmmjef7TfCrm5HCgB', 'receive', '0.00000000', NULL, 'akhilesh@yopmail.com ', '77713', 'tW67xZ8QV9431ebc3c9a58f4a43b85a671ef1141cb', '05', '2018', '2018-05-15 07:35:01', '1', NULL, 'akhilesh@yopmail.com', '0', 0.08125, NULL),
(260, NULL, '0.00000000', NULL, NULL, NULL, NULL, NULL, 'mmWoeb5TdgE6HLFSsipVwji327tRG8foyh', NULL, '0.00000000', NULL, 'akhilesh@yopmail.com', '77714', 'YyXBZp0zwf2ac0d275d91eebd817b4a2a9f02d8f18', '05', '2018', '2018-05-15 09:41:47', '0', NULL, 'akhilesh@yopmail.com', '0', 0, NULL),
(261, NULL, '0.00000000', NULL, NULL, NULL, NULL, NULL, 'mwYPfdiZcFDMfsPHcsKvQBrTxHxAi8BCPe', NULL, '0.00000000', NULL, 'akhilesh@yopmail.com', '77715', 'YyXBZp0zwf2ac0d275d91eebd817b4a2a9f02d8f18', '05', '2018', '2018-05-15 09:43:15', '0', NULL, 'akhilesh@yopmail.com', '0', 0, NULL),
(262, NULL, '0.02960200', NULL, NULL, NULL, NULL, NULL, 'mnfp5qnys9uViAym5Q7WoYTS3qxTAXe2fP', NULL, '0.02960200', NULL, 'shikhabahal25@gmail.com', '77716', 'uGyFUphjz9abeb2e9bce1bbebb41e78bc38647a3b8', '05', '2018', '2018-05-15 09:44:22', '0', NULL, 'chandu2013pal@gmail.com', '0', 0, NULL),
(263, NULL, '0.02960200', NULL, NULL, NULL, NULL, NULL, 'mrrBYjjaCBEALKB3GV9XLCyMLxxPzcvnwb', NULL, '0.02960200', NULL, 'shikhabahal25@gmail.com', '77717', 'uGyFUphjz9abeb2e9bce1bbebb41e78bc38647a3b8', '05', '2018', '2018-05-15 09:45:31', '0', NULL, 'akhilesh@yopmail.com', '0', 0, NULL),
(264, NULL, '0.02934100', NULL, NULL, NULL, NULL, NULL, 'mvcTf9MYbD4jP43AJDUZN6BdYKDa1GzB3R', NULL, '0.02934100', NULL, 'shikhabahal25@gmail.com', '77718', 'uGyFUphjz9abeb2e9bce1bbebb41e78bc38647a3b8', '05', '2018', '2018-05-15 11:18:59', '0', NULL, 'chandu2013pal@gmail.com', '0', 0, NULL),
(265, NULL, '0.02936600', NULL, NULL, NULL, NULL, NULL, 'mpTrQBEuQRidr88LjiKFn6ahtTwcyUN4pt', NULL, '0.02936600', NULL, 'shikhabahal25@gmail.com', '77719', 'uGyFUphjz9abeb2e9bce1bbebb41e78bc38647a3b8', '05', '2018', '2018-05-15 11:20:52', '0', NULL, 'chandu2013pal@gmail.com', '0', 0, NULL),
(266, NULL, '0.02936600', NULL, NULL, NULL, NULL, NULL, 'n2DPbyHM7ukxH1MwY2518NGpao6JrhcA9E', NULL, '0.02936600', NULL, 'shikhabahal25@gmail.com', '77720', 'uGyFUphjz9abeb2e9bce1bbebb41e78bc38647a3b8', '05', '2018', '2018-05-15 11:21:17', '0', NULL, 'chandu2013pal@gmail.com', '0', 0, NULL),
(267, NULL, '0.02936600', NULL, NULL, NULL, NULL, NULL, 'mz2BSCPnDZdUkvBKpvvqgYq3TpnmmQbMVq', NULL, '0.02936600', NULL, 'shikhabahal25@gmail.com', '77721', 'uGyFUphjz9abeb2e9bce1bbebb41e78bc38647a3b8', '05', '2018', '2018-05-15 11:22:22', '0', NULL, 'chandu2013pal@gmail.com', '0', 0, NULL),
(268, '922cb8659f6af3ca9f822ec71a14f55d2149899ffc12afd266596165aa1c2060', '0.02936600', NULL, 0, NULL, NULL, NULL, 'n1dJtfdQu7PyWWdC5Ra4TmykChuJNEv6E1', 'receive', '0.02936600', NULL, 'shikhabahal25@gmail.com ', '77722', 'uGyFUphjz9abeb2e9bce1bbebb41e78bc38647a3b8', '05', '2018', '2018-05-15 11:24:53', '0', NULL, 'chandu2013pal@gmail.com', '1', 922, NULL),
(269, 'c0aa1fd3ffccf37b61a4856ac8614d12b35cdeaeb0641477875566b0de705a29', '0.02961300', NULL, 0, NULL, NULL, NULL, 'mwfTDdPJi99Jj9Nxw9Wthnr4ueLAwhj6Yg', 'receive', '0.02961300', NULL, 'shikhabahal25@gmail.com ', '77723', 'uGyFUphjz9abeb2e9bce1bbebb41e78bc38647a3b8', '05', '2018', '2018-05-15 13:21:36', '0', NULL, 'chandu2013pal@gmail.com', '1', 4, NULL),
(270, 'bed9da21014c7e36c6fbcad7d6e55970b571ff985abc0f344dc2a343cb053585', '0.03030400', NULL, 0, NULL, NULL, NULL, 'mpGkBjNs1c7gBECyGMp7oERL5r3BXmM8WL', 'receive', '0.03030400', NULL, 'shikhabahal25@gmail.com ', '77724', 'uGyFUphjz9abeb2e9bce1bbebb41e78bc38647a3b8', '05', '2018', '2018-05-15 15:20:40', '0', NULL, 'chandu2013pal@gmail.com', '1', 0, NULL),
(271, 'cda19c83a62585e335df22bbf07889e26ef19753119b70ed288a19b7f6f20615', '0.01451800', NULL, 0, NULL, NULL, NULL, 'mpAnJawPhbXgr2PnjMu2Jb1BjtUnuRHeFQ', 'receive', '0.01451800', NULL, 'rikki@yopmail.com ', '77725', 'zvYoMOVJixBTC9a234a56bfeb30344d72dd8ee3234bd5', '05', '2018', '2018-05-21 10:58:17', '1', NULL, 'rikki@yopmail.com', '1', 0, NULL),
(272, NULL, '0.03281000', NULL, NULL, NULL, NULL, NULL, 'mw3HosXTjhHmCCJ6TSTDQCuT6iXqxmUfEa', NULL, '0.03281000', NULL, 'shikhabahal25@gmail.com', '77726', 'uGyFUphjz9abeb2e9bce1bbebb41e78bc38647a3b8', '05', '2018', '2018-05-23 07:56:22', '0', NULL, 'chandu2013pal@gmail.com', '0', 0, NULL),
(273, '56fc17384256899af6732d0bf76ab6a042ef810c093be5433fbe02ba9c0d9aae', '0.03967400', NULL, 33, NULL, NULL, NULL, 'n1bH6r28ubatBGrw2bRH1PNDimtxFv86hm', 'receive', '0.03967400', NULL, 'jacky@yopmail.com ', '77727', 'ubasv7YmENBitcoin98a3c24c9a457d4d5b23b365ef519755', '07', '2018', '2018-07-04 09:24:24', '0', NULL, 'chandra.getwebsoftware@gmail.com', '0', 1.3, NULL),
(274, NULL, '0.03961900', NULL, NULL, NULL, NULL, NULL, 'mqWzfCUvJPEbwuqANzpat35BheYnf2fVZE', NULL, '0.03961900', NULL, 'jacky@yopmail.com', '77728', 'ubasv7YmENBitcoin98a3c24c9a457d4d5b23b365ef519755', '07', '2018', '2018-07-04 09:33:49', '0', NULL, 'chandra.getwebsoftware@gmail.com', '0', 0, NULL),
(275, NULL, '0.03948200', NULL, NULL, NULL, NULL, NULL, 'mtYbTh7CJfPT7f85p2JJSRLtUMXokBghx5', NULL, '0.03948200', NULL, 'jacky@yopmail.com', '77729', 'ubasv7YmENBitcoin98a3c24c9a457d4d5b23b365ef519755', '07', '2018', '2018-07-04 09:48:10', '0', NULL, 'chandra.getwebsoftware@gmail.com', '0', 0, NULL),
(276, NULL, '0.03943900', NULL, NULL, NULL, NULL, NULL, 'mpZyxbjtn43zyW4rGxahfGCHbAtjqAYdke', NULL, '0.03943900', NULL, 'jacky@yopmail.com', '77730', 'ubasv7YmENBitcoin98a3c24c9a457d4d5b23b365ef519755', '07', '2018', '2018-07-04 10:10:48', '0', NULL, 'chandra.getwebsoftware@gmail.com', '0', 0, NULL),
(277, 'fcca4ce0cfc0db99310aa2e539b3f576203b5f0bd16178b7956a19bb6ce6b97a', '0.03951000', NULL, 0, NULL, NULL, NULL, 'mq34nqa9yxt3rjvNk29kxJWCGAjhGYQJbj', 'receive', '0.03951000', NULL, 'jacky@yopmail.com ', '77731', 'ubasv7YmENBitcoin98a3c24c9a457d4d5b23b365ef519755', '07', '2018', '2018-07-04 10:34:33', '0', NULL, 'chandra.getwebsoftware@gmail.com', '0', 0, NULL),
(278, 'e4e0c4b4965bb46fbd22bedb813099c44f9b1081baf4d8902c5aa6c7326dfdcb', '0.03961000', NULL, 0, NULL, NULL, NULL, 'mzoM8qdHqc6HdEQR8LDExhCJXzbDQfcRuQ', 'receive', '0.03961000', NULL, 'jacky@yopmail.com ', '77732', 'ubasv7YmENBitcoin98a3c24c9a457d4d5b23b365ef519755', '07', '2018', '2018-07-04 10:39:10', '0', NULL, 'chandra.getwebsoftware@gmail.com', '1', 0, NULL),
(279, NULL, '0.03969500', NULL, NULL, NULL, NULL, NULL, 'msTG9VygkhwxG3ZF8gB4nFfJHAri6FA9Ce', NULL, '0.03969500', NULL, 'jacky@yopmail.com', '77733', 'ubasv7YmENBitcoin98a3c24c9a457d4d5b23b365ef519755', '07', '2018', '2018-07-04 11:13:36', '0', NULL, 'chandra.getwebsoftware@gmail.com', '0', 0, NULL),
(280, NULL, '0.03958000', NULL, NULL, NULL, NULL, NULL, '2MswJChavTthBRkzoQDnytJsZ8hFiBMHL6A', NULL, '0.03958000', NULL, 'jacky@yopmail.com', '77734', 'ubasv7YmENBitcoin98a3c24c9a457d4d5b23b365ef519755', '07', '2018', '2018-07-04 11:40:23', '0', NULL, 'chandra.getwebsoftware@gmail.com', '0', 0, NULL),
(281, NULL, '0.03954300', NULL, NULL, NULL, NULL, NULL, '2NDEZAHBqtmmvpMWu2S4UxVoDgDTxwopFpy', NULL, '0.03954300', NULL, 'jacky@yopmail.com', '77735', 'ubasv7YmENBitcoin98a3c24c9a457d4d5b23b365ef519755', '07', '2018', '2018-07-04 11:53:29', '0', NULL, 'chandra.getwebsoftware@gmail.com', '0', 0, NULL),
(282, NULL, '0.03951000', NULL, NULL, NULL, NULL, NULL, '2MsJGJ9uohx72QsChdf6o1SRp1MJTcytJXN', NULL, '0.03951000', NULL, 'jacky@yopmail.com', '77736', 'ubasv7YmENBitcoin98a3c24c9a457d4d5b23b365ef519755', '07', '2018', '2018-07-04 12:00:20', '0', NULL, 'chandra.getwebsoftware@gmail.com', '0', 0, NULL),
(283, NULL, '0.03948700', NULL, NULL, NULL, NULL, NULL, '2N8ohr8Dn3K25v483Pr92CpUGHST9DtiZKH', NULL, '0.03948700', NULL, 'jacky@yopmail.com', '77737', 'ubasv7YmENBitcoin98a3c24c9a457d4d5b23b365ef519755', '07', '2018', '2018-07-04 12:10:44', '0', NULL, 'chandu2013pal@gmail.com', '0', 0, NULL),
(284, NULL, '0.03879000', NULL, NULL, NULL, NULL, NULL, 'mxfuTrZF8yqpi3FukSAetEy9F9xfZAUvJP', NULL, '0.03879000', NULL, 'jacky@yopmail.com', '77738', 'ubasv7YmENBitcoin98a3c24c9a457d4d5b23b365ef519755', '07', '2018', '2018-07-05 06:02:11', '0', NULL, 'chandra.getwebsoftware@gmail.com', '0', 0, NULL),
(285, '20c45b6674e652078f3ccfd4553d9b01410d47cda331b86241b03942c645d1fe', '0.03876400', NULL, 0, NULL, NULL, NULL, 'mmZiyKwVNvxAQ8rYDEPBjJvHbK59coahV6', 'receive', '0.03876400', NULL, 'jacky@yopmail.com ', '77739', 'ubasv7YmENBitcoin98a3c24c9a457d4d5b23b365ef519755', '07', '2018', '2018-07-05 06:16:17', '0', NULL, 'chandra.getwebsoftware@gmail.com', '1', 20, NULL),
(286, 'fd7f2d0e5100d802f039a345cb4945e91be800b11eebc25c85d6fa630a753bd7', '0.03861400', NULL, 0, NULL, NULL, NULL, 'mmY8Vkx5rYS9JmrGCSuQ97tUkT4K7aED1y', 'receive', '0.03861400', NULL, 'jacky@yopmail.com ', '77740', 'ubasv7YmENBitcoin98a3c24c9a457d4d5b23b365ef519755', '07', '2018', '2018-07-05 10:08:38', '0', NULL, 'chandra.getwebsoftware@gmail.com', '1', 0, NULL),
(287, 'e851497d8fa86e18152bc4c73fb6637709b01db1ad06a38a895b826f38065398', '0.03846300', NULL, 0, NULL, NULL, NULL, 'mtkG2dXtWj2iFPn9dUya2cgxjMFpGYW3uA', 'receive', '0.03846300', NULL, 'jacky@yopmail.com ', '77741', 'ubasv7YmENBitcoin98a3c24c9a457d4d5b23b365ef519755', '07', '2018', '2018-07-05 12:48:44', '0', NULL, 'chandra.getwebsoftware@gmail.com', '1', 0, NULL),
(288, NULL, '0.03849600', NULL, NULL, NULL, NULL, NULL, 'mttdabFWZecKsR1G8LdCp7RPxsDe74JToE', NULL, '0.03849600', NULL, 'jacky@yopmail.com', '77742', 'ubasv7YmENBitcoin98a3c24c9a457d4d5b23b365ef519755', '07', '2018', '2018-07-05 12:57:56', '0', NULL, 'chandra.getwebsoftware@gmail.com', '0', 0, NULL),
(289, 'bf3174e025c90d9a457ad6ba4412496f521b21dfa9acfd2f1cb9cc3718656b36', '0.03935000', NULL, 0, NULL, NULL, NULL, 'moAfjmDhk6zwbC5PuK62qCtWZXjCpqSzMQ', 'receive', '0.03935000', NULL, 'jacky@yopmail.com ', '77743', 'ubasv7YmENBitcoin98a3c24c9a457d4d5b23b365ef519755', '07', '2018', '2018-07-06 06:33:21', '0', NULL, 'chandra.getwebsoftware@gmail.com', '1', 0, NULL),
(290, NULL, '0.03926900', NULL, NULL, NULL, NULL, NULL, 'mgqeTyMNtfxRjDCAATmF4xAkyE3UcBFSWx', NULL, '0.03926900', NULL, 'jacky@yopmail.com', '77744', 'ubasv7YmENBitcoin98a3c24c9a457d4d5b23b365ef519755', '07', '2018', '2018-07-06 10:27:35', '0', NULL, 'chandra.getwebsoftware@gmail.com', '0', 0, NULL),
(291, 'bd7dc4da448c5a8aa9a5f944479da936059df610961e8bba43c479341b43e8e6', '0.03892600', NULL, 0, NULL, NULL, NULL, 'msh1KchjvvLHPjMevzoZ1DnXErEdPRFfDa', 'receive', '0.03892600', NULL, 'jacky@yopmail.com ', '77745', 'ubasv7YmENBitcoin98a3c24c9a457d4d5b23b365ef519755', '07', '2018', '2018-07-07 10:31:04', '0', NULL, 'penny@yopmail.com', '1', 0, NULL);

--
-- Indexes for dumped tables
--

--
-- Indexes for table `admin`
--
ALTER TABLE `admin`
  ADD PRIMARY KEY (`admn_id`);

--
-- Indexes for table `affiliated`
--
ALTER TABLE `affiliated`
  ADD PRIMARY KEY (`affiliated_id`);

--
-- Indexes for table `business_type`
--
ALTER TABLE `business_type`
  ADD PRIMARY KEY (`bid`);

--
-- Indexes for table `coin`
--
ALTER TABLE `coin`
  ADD PRIMARY KEY (`coin_id`);

--
-- Indexes for table `credencial`
--
ALTER TABLE `credencial`
  ADD PRIMARY KEY (`host_id`);

--
-- Indexes for table `crypto_files`
--
ALTER TABLE `crypto_files`
  ADD PRIMARY KEY (`fileID`),
  ADD KEY `fileTitle` (`fileTitle`),
  ADD KEY `active` (`active`),
  ADD KEY `fileName` (`fileName`),
  ADD KEY `fileSize` (`fileSize`),
  ADD KEY `priceUSD` (`priceUSD`),
  ADD KEY `priceCoin` (`priceCoin`),
  ADD KEY `priceLabel` (`priceLabel`),
  ADD KEY `purchases` (`purchases`),
  ADD KEY `userFormat` (`userFormat`),
  ADD KEY `expiryPeriod` (`expiryPeriod`),
  ADD KEY `lang` (`lang`),
  ADD KEY `defCoin` (`defCoin`),
  ADD KEY `defShow` (`defShow`),
  ADD KEY `image` (`image`),
  ADD KEY `imageWidth` (`imageWidth`),
  ADD KEY `priceShow` (`priceShow`),
  ADD KEY `paymentCnt` (`paymentCnt`),
  ADD KEY `paymentTime` (`paymentTime`),
  ADD KEY `updatetime` (`updatetime`),
  ADD KEY `createtime` (`createtime`);

--
-- Indexes for table `crypto_membership`
--
ALTER TABLE `crypto_membership`
  ADD PRIMARY KEY (`membID`),
  ADD KEY `userID` (`userID`),
  ADD KEY `paymentID` (`paymentID`),
  ADD KEY `startDate` (`startDate`),
  ADD KEY `endDate` (`endDate`),
  ADD KEY `disabled` (`disabled`),
  ADD KEY `recordCreated` (`recordCreated`);

--
-- Indexes for table `crypto_payments`
--
ALTER TABLE `crypto_payments`
  ADD PRIMARY KEY (`paymentID`),
  ADD UNIQUE KEY `key3` (`boxID`,`orderID`,`userID`,`amount`,`addr`),
  ADD KEY `boxID` (`boxID`),
  ADD KEY `boxType` (`boxType`),
  ADD KEY `userID` (`userID`),
  ADD KEY `countryID` (`countryID`),
  ADD KEY `orderID` (`orderID`),
  ADD KEY `amount` (`amount`),
  ADD KEY `amountUSD` (`amountUSD`),
  ADD KEY `coinLabel` (`coinLabel`),
  ADD KEY `unrecognised` (`unrecognised`),
  ADD KEY `addr` (`addr`),
  ADD KEY `txDate` (`txDate`),
  ADD KEY `txCheckDate` (`txCheckDate`),
  ADD KEY `processedDate` (`processedDate`),
  ADD KEY `recordCreated` (`recordCreated`),
  ADD KEY `key1` (`boxID`,`orderID`),
  ADD KEY `key2` (`boxID`,`orderID`,`userID`);

--
-- Indexes for table `crypto_products`
--
ALTER TABLE `crypto_products`
  ADD PRIMARY KEY (`productID`),
  ADD KEY `productTitle` (`productTitle`),
  ADD KEY `active` (`active`),
  ADD KEY `priceUSD` (`priceUSD`),
  ADD KEY `priceCoin` (`priceCoin`),
  ADD KEY `priceLabel` (`priceLabel`),
  ADD KEY `purchases` (`purchases`),
  ADD KEY `expiryPeriod` (`expiryPeriod`),
  ADD KEY `lang` (`lang`),
  ADD KEY `defCoin` (`defCoin`),
  ADD KEY `defShow` (`defShow`),
  ADD KEY `emailUser` (`emailUser`),
  ADD KEY `emailAdmin` (`emailAdmin`),
  ADD KEY `paymentCnt` (`paymentCnt`),
  ADD KEY `paymentTime` (`paymentTime`),
  ADD KEY `updatetime` (`updatetime`),
  ADD KEY `createtime` (`createtime`);

--
-- Indexes for table `email_template`
--
ALTER TABLE `email_template`
  ADD PRIMARY KEY (`id`);

--
-- Indexes for table `merchant_plan`
--
ALTER TABLE `merchant_plan`
  ADD PRIMARY KEY (`id`);

--
-- Indexes for table `message`
--
ALTER TABLE `message`
  ADD PRIMARY KEY (`id`);

--
-- Indexes for table `monetiser`
--
ALTER TABLE `monetiser`
  ADD PRIMARY KEY (`monetiser_id`);

--
-- Indexes for table `payments`
--
ALTER TABLE `payments`
  ADD PRIMARY KEY (`payment_id`);

--
-- Indexes for table `payments_plan`
--
ALTER TABLE `payments_plan`
  ADD PRIMARY KEY (`payment_id`);

--
-- Indexes for table `payouts`
--
ALTER TABLE `payouts`
  ADD PRIMARY KEY (`payoutId`);

--
-- Indexes for table `plans_tbl`
--
ALTER TABLE `plans_tbl`
  ADD PRIMARY KEY (`planId`);

--
-- Indexes for table `repayment`
--
ALTER TABLE `repayment`
  ADD PRIMARY KEY (`id`);

--
-- Indexes for table `security_key`
--
ALTER TABLE `security_key`
  ADD PRIMARY KEY (`key_id`);

--
-- Indexes for table `service_address`
--
ALTER TABLE `service_address`
  ADD PRIMARY KEY (`id`);

--
-- Indexes for table `service_payment`
--
ALTER TABLE `service_payment`
  ADD PRIMARY KEY (`id`);

--
-- Indexes for table `time_counter`
--
ALTER TABLE `time_counter`
  ADD PRIMARY KEY (`tid`);

--
-- Indexes for table `users`
--
ALTER TABLE `users`
  ADD PRIMARY KEY (`user_id`);

--
-- Indexes for table `user_plan`
--
ALTER TABLE `user_plan`
  ADD PRIMARY KEY (`id`),
  ADD KEY `user_id` (`user_id`);

--
-- Indexes for table `walletnotify`
--
ALTER TABLE `walletnotify`
  ADD PRIMARY KEY (`rowid`),
  ADD UNIQUE KEY `txid` (`txid`),
  ADD KEY `confirmations` (`confirmations`),
  ADD KEY `comment` (`comment`),
  ADD KEY `account` (`account`),
  ADD KEY `address` (`address`);

--
-- AUTO_INCREMENT for dumped tables
--

--
-- AUTO_INCREMENT for table `admin`
--
ALTER TABLE `admin`
  MODIFY `admn_id` int(11) NOT NULL AUTO_INCREMENT, AUTO_INCREMENT=5;
--
-- AUTO_INCREMENT for table `affiliated`
--
ALTER TABLE `affiliated`
  MODIFY `affiliated_id` int(11) NOT NULL AUTO_INCREMENT, AUTO_INCREMENT=6;
--
-- AUTO_INCREMENT for table `business_type`
--
ALTER TABLE `business_type`
  MODIFY `bid` int(11) NOT NULL AUTO_INCREMENT, AUTO_INCREMENT=9;
--
-- AUTO_INCREMENT for table `coin`
--
ALTER TABLE `coin`
  MODIFY `coin_id` int(11) NOT NULL AUTO_INCREMENT, AUTO_INCREMENT=45;
--
-- AUTO_INCREMENT for table `credencial`
--
ALTER TABLE `credencial`
  MODIFY `host_id` int(11) NOT NULL AUTO_INCREMENT, AUTO_INCREMENT=8;
--
-- AUTO_INCREMENT for table `crypto_files`
--
ALTER TABLE `crypto_files`
  MODIFY `fileID` int(11) UNSIGNED NOT NULL AUTO_INCREMENT;
--
-- AUTO_INCREMENT for table `crypto_membership`
--
ALTER TABLE `crypto_membership`
  MODIFY `membID` int(11) UNSIGNED NOT NULL AUTO_INCREMENT, AUTO_INCREMENT=3;
--
-- AUTO_INCREMENT for table `crypto_payments`
--
ALTER TABLE `crypto_payments`
  MODIFY `paymentID` int(11) UNSIGNED NOT NULL AUTO_INCREMENT, AUTO_INCREMENT=268;
--
-- AUTO_INCREMENT for table `crypto_products`
--
ALTER TABLE `crypto_products`
  MODIFY `productID` int(11) UNSIGNED NOT NULL AUTO_INCREMENT, AUTO_INCREMENT=26;
--
-- AUTO_INCREMENT for table `email_template`
--
ALTER TABLE `email_template`
  MODIFY `id` int(11) NOT NULL AUTO_INCREMENT, AUTO_INCREMENT=5;
--
-- AUTO_INCREMENT for table `merchant_plan`
--
ALTER TABLE `merchant_plan`
  MODIFY `id` int(11) NOT NULL AUTO_INCREMENT, AUTO_INCREMENT=13;
--
-- AUTO_INCREMENT for table `message`
--
ALTER TABLE `message`
  MODIFY `id` int(11) NOT NULL AUTO_INCREMENT, AUTO_INCREMENT=25;
--
-- AUTO_INCREMENT for table `monetiser`
--
ALTER TABLE `monetiser`
  MODIFY `monetiser_id` int(11) NOT NULL AUTO_INCREMENT, AUTO_INCREMENT=46;
--
-- AUTO_INCREMENT for table `payments`
--
ALTER TABLE `payments`
  MODIFY `payment_id` int(11) NOT NULL AUTO_INCREMENT, AUTO_INCREMENT=18;
--
-- AUTO_INCREMENT for table `payments_plan`
--
ALTER TABLE `payments_plan`
  MODIFY `payment_id` int(11) NOT NULL AUTO_INCREMENT;
--
-- AUTO_INCREMENT for table `payouts`
--
ALTER TABLE `payouts`
  MODIFY `payoutId` int(11) NOT NULL AUTO_INCREMENT, AUTO_INCREMENT=117;
--
-- AUTO_INCREMENT for table `plans_tbl`
--
ALTER TABLE `plans_tbl`
  MODIFY `planId` int(11) NOT NULL AUTO_INCREMENT, AUTO_INCREMENT=4;
--
-- AUTO_INCREMENT for table `repayment`
--
ALTER TABLE `repayment`
  MODIFY `id` int(11) NOT NULL AUTO_INCREMENT, AUTO_INCREMENT=136;
--
-- AUTO_INCREMENT for table `security_key`
--
ALTER TABLE `security_key`
  MODIFY `key_id` int(11) NOT NULL AUTO_INCREMENT, AUTO_INCREMENT=51;
--
-- AUTO_INCREMENT for table `service_address`
--
ALTER TABLE `service_address`
  MODIFY `id` int(11) NOT NULL AUTO_INCREMENT, AUTO_INCREMENT=4;
--
-- AUTO_INCREMENT for table `service_payment`
--
ALTER TABLE `service_payment`
  MODIFY `id` int(11) NOT NULL AUTO_INCREMENT, AUTO_INCREMENT=28;
--
-- AUTO_INCREMENT for table `time_counter`
--
ALTER TABLE `time_counter`
  MODIFY `tid` int(11) NOT NULL AUTO_INCREMENT;
--
-- AUTO_INCREMENT for table `users`
--
ALTER TABLE `users`
  MODIFY `user_id` int(11) NOT NULL AUTO_INCREMENT, AUTO_INCREMENT=94;
--
-- AUTO_INCREMENT for table `user_plan`
--
ALTER TABLE `user_plan`
  MODIFY `id` int(11) NOT NULL AUTO_INCREMENT, AUTO_INCREMENT=50;
--
-- AUTO_INCREMENT for table `walletnotify`
--
ALTER TABLE `walletnotify`
  MODIFY `rowid` int(11) UNSIGNED NOT NULL AUTO_INCREMENT, AUTO_INCREMENT=292;
--
-- Constraints for dumped tables
--

--
-- Constraints for table `user_plan`
--
ALTER TABLE `user_plan`
  ADD CONSTRAINT `user_plan_ibfk_1` FOREIGN KEY (`user_id`) REFERENCES `users` (`user_id`);

/*!40101 SET CHARACTER_SET_CLIENT=@OLD_CHARACTER_SET_CLIENT */;
/*!40101 SET CHARACTER_SET_RESULTS=@OLD_CHARACTER_SET_RESULTS */;
/*!40101 SET COLLATION_CONNECTION=@OLD_COLLATION_CONNECTION */;
